id,name,is_superhost,created_at,updated_at
1581,Annette,False,2014-01-05 16:12:45,2014-01-05 16:12:45
2164,Lulah,True,2013-07-31 23:29:31,2013-07-31 23:29:31
2217,Ion,True,2017-10-17 05:20:28,2017-10-17 05:20:28
3718,Britta,False,2009-06-05 21:34:42,2009-06-05 21:34:42
11622,Maria,False,2021-10-24 02:42:09,2021-10-24 02:42:09
12360,Michael,True,2017-08-27 12:08:43,2017-08-27 12:08:43
12424,Mariana,False,2021-11-08 17:27:31,2021-11-08 17:27:31
15115,Christian,False,2015-01-03 17:53:53,2015-01-03 17:53:53
17391,BrightRoom,True,2009-08-12 12:30:30,2009-08-12 12:30:30
22901,Hannes,False,2013-07-06 11:09:47,2013-07-06 11:09:47
32299,Simon,False,2021-11-15 21:27:50,2021-11-15 21:27:50
32918,Patricia,False,2017-02-28 21:08:27,2017-02-28 21:08:27
33355,Doug,False,2013-05-30 16:36:37,2013-05-30 16:36:37
33852,Philipp,False,2015-07-30 05:08:52,2015-07-30 05:08:52
35103,Kamal,False,2017-12-04 04:25:58,2017-12-04 04:25:58
48159,Tracey,False,2019-06-04 22:26:33,2019-06-04 22:26:33
54283,Marine,True,2010-09-27 10:29:48,2010-09-27 10:29:48
55531,Chris + Oliver,True,2010-06-15 19:56:01,2010-06-15 19:56:01
60495,Inga,False,2021-10-29 07:55:08,2021-10-29 07:55:08
64696,Rene,False,2010-05-30 12:11:33,2010-05-30 12:11:33
68997,Matthias,False,2010-02-08 17:23:48,2010-02-08 17:23:48
71331,Marc,False,2012-09-24 21:03:01,2012-09-24 21:03:01
71913,Jennifer,False,2014-12-02 17:39:03,2014-12-02 17:39:03
73158,Mina,False,2017-12-23 07:04:54,2017-12-23 07:04:54
84157,Emanuela,False,2015-12-05 14:55:58,2015-12-05 14:55:58
86159,Javier,False,2011-03-31 17:17:58,2011-03-31 17:17:58
86173,Sebastian,False,2011-06-06 01:55:30,2011-06-06 01:55:30
87357,Ramfis,True,2010-10-08 08:59:12,2010-10-08 08:59:12
94918,Tanja,False,2010-05-26 11:58:00,2010-05-26 11:58:00
98237,Damian,False,2018-05-05 03:59:36,2018-05-05 03:59:36
99662,Dominik,False,2010-09-18 04:06:39,2010-09-18 04:06:39
102461,Berlin Style Apartments,True,2016-04-29 01:22:42,2016-04-29 01:22:42
109039,Benjamin,False,2021-11-07 06:57:21,2021-11-07 06:57:21
112168,Bernd,False,2017-06-26 11:30:48,2017-06-26 11:30:48
112675,Terri,True,2010-08-03 02:49:12,2010-08-03 02:49:12
119815,Amarna,False,2018-07-03 21:21:09,2018-07-03 21:21:09
133204,Songfei,False,2016-05-29 20:19:38,2016-05-29 20:19:38
134583,Elisa,False,2016-08-19 08:17:00,2016-08-19 08:17:00
143180,Claudio&Irina,False,2010-08-16 15:09:42,2010-08-16 15:09:42
145583,Christian,False,2016-10-19 11:41:00,2016-10-19 11:41:00
145808,Veronika,False,2012-02-13 18:07:54,2012-02-13 18:07:54
147778,Filippo,False,2014-07-07 14:33:00,2014-07-07 14:33:00
149093,Rob,True,2014-01-01 15:09:31,2014-01-01 15:09:31
151200,Brilliant Apartments,True,2019-02-17 15:30:35,2019-02-17 15:30:35
151248,Flo,True,2011-06-05 15:14:50,2011-06-05 15:14:50
156897,Helen,False,2012-09-15 05:40:21,2012-09-15 05:40:21
158127,Friedrich,False,2017-01-06 05:25:51,2017-01-06 05:25:51
159734,Bernd,False,2010-07-22 02:38:14,2010-07-22 02:38:14
160191,Surian,False,2016-09-30 07:30:29,2016-09-30 07:30:29
161221,Marcus,True,2016-04-06 06:40:24,2016-04-06 06:40:24
161823,Iván,False,2016-07-10 09:55:31,2016-07-10 09:55:31
161864,Mia,False,2019-08-29 05:02:31,2019-08-29 05:02:31
162648,Djuneid,True,2018-11-24 02:17:33,2018-11-24 02:17:33
163384,Alan & Kasia StayBearlin,False,2010-09-06 18:10:29,2010-09-06 18:10:29
164321,Res,False,2018-07-29 01:43:49,2018-07-29 01:43:49
166294,Ann-Kristin,False,2021-11-15 03:17:59,2021-11-15 03:17:59
171057,John,False,2014-05-11 15:18:50,2014-05-11 15:18:50
174970,Judith,False,2012-03-23 21:26:31,2012-03-23 21:26:31
179110,Bn,False,2010-08-11 09:47:51,2010-08-11 09:47:51
179872,Sebastian,False,2014-09-22 00:30:45,2014-09-22 00:30:45
186851,Tina,True,2011-01-15 18:12:45,2011-01-15 18:12:45
187941,Marco,False,2016-03-17 14:26:11,2016-03-17 14:26:11
194957,Robert,False,2010-09-20 04:09:56,2010-09-20 04:09:56
196413,Sebastian,False,2014-12-22 13:16:22,2014-12-22 13:16:22
201786,Andrea,False,2021-06-28 15:39:11,2021-06-28 15:39:11
201936,Giorgio,True,2014-01-01 07:33:12,2014-01-01 07:33:12
203248,Oliver Andreas,False,2021-10-21 17:48:18,2021-10-21 17:48:18
204484,Richard,False,2019-09-25 23:06:33,2019-09-25 23:06:33
206108,Nicholas,False,2015-05-12 12:30:29,2015-05-12 12:30:29
206338,Heike,True,2012-07-22 09:59:56,2012-07-22 09:59:56
213446,Alisa,False,2017-06-11 15:47:01,2017-06-11 15:47:01
214527,Can,False,2014-04-27 09:44:07,2014-04-27 09:44:07
218479,Laura,False,2010-09-16 15:06:12,2010-09-16 15:06:12
228016,Jan&Elena,False,2012-06-19 07:13:43,2012-06-19 07:13:43
234391,Per,False,2021-11-13 20:54:40,2021-11-13 20:54:40
235351,Hendrik,True,2018-09-03 17:09:21,2018-09-03 17:09:21
239309,Martin,False,2015-09-20 11:40:58,2015-09-20 11:40:58
245517,Martin,False,2018-10-12 20:37:39,2018-10-12 20:37:39
246313,Lex,False,2015-12-31 13:12:09,2015-12-31 13:12:09
246684,Ellen,False,2021-11-02 03:07:21,2021-11-02 03:07:21
246890,Imme,True,2012-04-01 02:55:06,2012-04-01 02:55:06
248690,Nils,False,2017-08-15 05:07:00,2017-08-15 05:07:00
249501,Elfie And  Paul,False,2011-05-31 16:44:56,2011-05-31 16:44:56
254200,Jazmin,False,2021-07-03 18:19:22,2021-07-03 18:19:22
261488,P. Charlotte,False,2013-04-12 13:12:07,2013-04-12 13:12:07
264020,Lena,False,2014-08-30 06:47:16,2014-08-30 06:47:16
264072,Britta,True,2013-03-06 13:26:04,2013-03-06 13:26:04
265689,Eray,False,2021-10-25 16:34:40,2021-10-25 16:34:40
269771,Danilo,False,2018-12-10 11:56:35,2018-12-10 11:56:35
272316,Desiree,False,2010-07-03 11:22:21,2010-07-03 11:22:21
276540,Edward Mitchell,True,2013-03-25 17:46:11,2013-03-25 17:46:11
280605,Johanna,False,2015-07-20 19:54:02,2015-07-20 19:54:02
281614,Katja,True,2011-08-24 21:37:21,2011-08-24 21:37:21
282786,Amanda,False,2016-11-18 20:25:02,2016-11-18 20:25:02
286494,Project A,False,2012-05-02 09:00:38,2012-05-02 09:00:38
296424,Sören,False,2013-02-19 15:25:36,2013-02-19 15:25:36
297078,Alexander,True,2015-01-03 23:24:04,2015-01-03 23:24:04
302404,Mario,False,2021-10-30 13:38:41,2021-10-30 13:38:41
308290,Aaron,False,2018-02-06 08:53:52,2018-02-06 08:53:52
308441,Amit,False,2012-07-14 13:07:47,2012-07-14 13:07:47
309364,Kreuzberger,False,2016-09-27 02:16:45,2016-09-27 02:16:45
311022,Antonia,False,2012-05-20 07:06:36,2012-05-20 07:06:36
312373,Christian,True,2011-06-08 17:37:40,2011-06-08 17:37:40
312427,Yoan,False,2018-09-07 10:12:51,2018-09-07 10:12:51
312896,Stephan,False,2011-09-12 15:35:20,2011-09-12 15:35:20
315681,Mirjam,True,2011-10-08 14:53:09,2011-10-08 14:53:09
317464,Carla,False,2016-08-04 13:52:42,2016-08-04 13:52:42
333520,Ben,False,2013-07-19 07:17:02,2013-07-19 07:17:02
336850,Cedric,False,2017-12-31 08:39:13,2017-12-31 08:39:13
337396,Mike,False,2015-03-22 08:34:10,2015-03-22 08:34:10
342965,Matthew,False,2018-11-26 11:47:16,2018-11-26 11:47:16
344615,Melissa,False,2012-07-10 09:31:26,2012-07-10 09:31:26
344665,Jacob,True,2013-12-30 18:11:46,2013-12-30 18:11:46
347279,Gareth,False,2013-07-14 07:19:40,2013-07-14 07:19:40
351073,Daniel,True,2018-06-27 13:08:17,2018-06-27 13:08:17
353585,Emmy,False,2020-11-07 04:45:35,2020-11-07 04:45:35
358915,Diana,False,2012-04-07 20:06:12,2012-04-07 20:06:12
359011,Christine,False,2021-10-23 05:12:33,2021-10-23 05:12:33
361507,Nathalie,False,2016-03-03 20:29:04,2016-03-03 20:29:04
368264,Paulailusion,False,2014-10-24 17:07:44,2014-10-24 17:07:44
369677,Nikhil,False,2020-04-17 21:18:09,2020-04-17 21:18:09
381006,Svetlana,False,2017-01-19 14:44:13,2017-01-19 14:44:13
384365,Katinka,True,2017-08-19 01:40:19,2017-08-19 01:40:19
386940,Elisabeth,False,2014-06-17 06:30:41,2014-06-17 06:30:41
390380,Kristina,False,2017-05-25 14:19:52,2017-05-25 14:19:52
390761,Matt,True,2016-08-23 22:26:00,2016-08-23 22:26:00
394381,Mesut,False,2016-08-07 15:04:14,2016-08-07 15:04:14
396915,Sonja,False,2013-06-29 10:46:13,2013-06-29 10:46:13
399745,Jan,True,2012-04-25 08:08:34,2012-04-25 08:08:34
417276,Askan,True,2016-07-12 05:10:46,2016-07-12 05:10:46
422837,Francesca,False,2012-02-07 00:14:03,2012-02-07 00:14:03
424604,Daniel,False,2013-08-12 18:55:54,2013-08-12 18:55:54
425899,Bernd+Katja :-),True,2011-04-09 14:24:28,2011-04-09 14:24:28
429311,Francesco,True,2021-04-12 12:07:42,2021-04-12 12:07:42
437628,Oliver,True,2011-04-04 10:38:05,2011-04-04 10:38:05
443499,Anton,True,2015-08-03 20:42:54,2015-08-03 20:42:54
443681,Lasse,True,2013-01-05 15:22:19,2013-01-05 15:22:19
447160,Leonard,True,2013-04-22 07:30:43,2013-04-22 07:30:43
447761,Nina,False,2021-11-06 21:52:47,2021-11-06 21:52:47
451311,Ruth,False,2015-04-18 16:47:49,2015-04-18 16:47:49
452231,Teresa,False,2016-04-12 06:53:48,2016-04-12 06:53:48
454103,Benjamin,True,2015-07-27 21:25:26,2015-07-27 21:25:26
454244,Cantieri,False,2019-07-25 08:49:25,2019-07-25 08:49:25
454712,Thomas,False,2021-10-28 08:36:25,2021-10-28 08:36:25
455176,Renan,False,2014-12-19 02:04:29,2014-12-19 02:04:29
456057,Etienne,False,2017-02-03 22:17:28,2017-02-03 22:17:28
456085,Louis,True,2011-03-29 06:07:06,2011-03-29 06:07:06
467817,Andreas,False,2021-11-19 18:03:51,2021-11-19 18:03:51
467895,Ursula,False,2018-06-24 00:17:13,2018-06-24 00:17:13
470146,Dimi,False,2011-07-19 19:25:35,2011-07-19 19:25:35
472567,Alexandra,True,2011-05-30 00:27:46,2011-05-30 00:27:46
474705,Nina,False,2017-03-03 23:37:18,2017-03-03 23:37:18
477531,Linda,False,2014-03-21 13:04:31,2014-03-21 13:04:31
485824,Florian,False,2018-07-16 08:44:31,2018-07-16 08:44:31
485838,Michele,True,2010-09-03 11:51:19,2010-09-03 11:51:19
490965,Izabela,False,2017-07-17 02:39:27,2017-07-17 02:39:27
493012,Ruben,False,2021-10-30 18:03:36,2021-10-30 18:03:36
493400,Sarah-Jane,False,2017-12-21 19:16:42,2017-12-21 19:16:42
493494,Isabel,False,2021-10-30 18:04:31,2021-10-30 18:04:31
496754,Christian,False,2015-12-12 05:04:36,2015-12-12 05:04:36
498957,Max,False,2015-12-24 03:24:23,2015-12-24 03:24:23
499725,Prasad,False,2012-08-13 03:01:39,2012-08-13 03:01:39
509324,Danielle,False,2021-07-22 04:13:51,2021-07-22 04:13:51
512909,Moritz,False,2020-02-16 18:12:13,2020-02-16 18:12:13
514903,Max,False,2016-02-26 07:40:56,2016-02-26 07:40:56
518154,Simona,False,2016-12-07 17:20:12,2016-12-07 17:20:12
518625,Mala,False,2014-06-26 08:50:01,2014-06-26 08:50:01
531005,Lisa,False,2016-07-19 03:10:16,2016-07-19 03:10:16
539061,Gabriella,False,2021-11-08 13:04:58,2021-11-08 13:04:58
540085,Petra & Sascha,False,2018-02-28 01:11:58,2018-02-28 01:11:58
540534,Doris,False,2011-12-10 05:57:33,2011-12-10 05:57:33
544343,Ingo,True,2015-11-06 14:17:58,2015-11-06 14:17:58
545015,Dine,True,2019-04-15 11:58:47,2019-04-15 11:58:47
545412,Hal,False,2018-07-21 21:18:20,2018-07-21 21:18:20
553892,Jenny,False,2021-11-02 09:58:26,2021-11-02 09:58:26
554154,Corazon,False,2016-07-06 05:17:17,2016-07-06 05:17:17
560204,Kam,False,2021-10-22 13:23:55,2021-10-22 13:23:55
560812,Silke,False,2012-10-26 19:23:26,2012-10-26 19:23:26
560831,Katie,False,2014-03-05 07:11:43,2014-03-05 07:11:43
561918,Chris,False,2018-10-10 01:05:22,2018-10-10 01:05:22
570951,S. Kjel,False,2011-10-23 04:26:52,2011-10-23 04:26:52
572602,Kimberley,False,2019-04-28 21:41:01,2019-04-28 21:41:01
581300,Antonia,False,2018-07-14 03:33:50,2018-07-14 03:33:50
582007,Julia,False,2012-12-12 03:13:20,2012-12-12 03:13:20
582197,Sara,False,2017-07-11 20:55:06,2017-07-11 20:55:06
584179,Lola,False,2016-09-03 09:50:35,2016-09-03 09:50:35
584750,Axel,False,2013-08-20 22:27:26,2013-08-20 22:27:26
590130,Oliver,False,2014-07-19 04:18:26,2014-07-19 04:18:26
590973,Barbara,False,2015-08-09 15:23:22,2015-08-09 15:23:22
594164,Ralph&Maria,False,2011-06-09 15:19:03,2011-06-09 15:19:03
596097,Michael,True,2017-02-25 03:33:28,2017-02-25 03:33:28
601347,Stephenie,False,2020-10-05 14:18:15,2020-10-05 14:18:15
603167,Jonathan&Annett,False,2013-10-18 14:30:43,2013-10-18 14:30:43
603195,Rainer,False,2019-12-26 03:40:06,2019-12-26 03:40:06
604588,Holger,True,2018-05-15 04:53:34,2018-05-15 04:53:34
623519,Hrvoje & Iva,False,2018-03-28 23:03:31,2018-03-28 23:03:31
627959,Ute,True,2014-01-18 18:23:30,2014-01-18 18:23:30
628990,Michael,False,2017-10-20 22:52:41,2017-10-20 22:52:41
632174,Stéphanie,True,2011-10-30 14:34:35,2011-10-30 14:34:35
632971,Kai,False,2015-04-02 14:49:29,2015-04-02 14:49:29
641197,Tre,False,2021-08-30 17:12:19,2021-08-30 17:12:19
641507,Christina,False,2021-11-14 20:24:56,2021-11-14 20:24:56
656774,Andrea,False,2019-06-24 02:37:11,2019-06-24 02:37:11
661223,Jewell,False,2021-10-28 16:25:18,2021-10-28 16:25:18
661390,Helli,False,2017-10-13 16:29:10,2017-10-13 16:29:10
662534,Bernd,True,2011-07-09 10:10:17,2011-07-09 10:10:17
662565,Gisella,True,2017-06-30 09:45:22,2017-06-30 09:45:22
665354,Julia,False,2021-11-04 00:25:14,2021-11-04 00:25:14
666728,Kris,False,2018-06-12 15:37:58,2018-06-12 15:37:58
671536,Nicole,True,2011-11-06 15:41:32,2011-11-06 15:41:32
674978,Marlon,True,2015-09-05 04:25:23,2015-09-05 04:25:23
676296,Justina,False,2017-05-15 20:33:33,2017-05-15 20:33:33
677856,Mario,False,2021-11-11 14:15:30,2021-11-11 14:15:30
683771,Erwin,False,2018-12-18 04:44:53,2018-12-18 04:44:53
689609,Sascha,False,2018-04-19 18:29:10,2018-04-19 18:29:10
696492,Gaston & Elena,False,2011-08-16 03:58:44,2011-08-16 03:58:44
697166,Anton,False,2021-11-16 05:04:16,2021-11-16 05:04:16
698575,Birgit,False,2015-06-07 08:34:39,2015-06-07 08:34:39
703879,Benjamin,False,2018-04-29 22:17:13,2018-04-29 22:17:13
704463,Duc Son,False,2016-12-20 02:07:37,2016-12-20 02:07:37
707701,Andreas,False,2021-07-09 04:47:56,2021-07-09 04:47:56
708217,Katharina,False,2019-07-26 17:10:58,2019-07-26 17:10:58
708304,Martin,False,2012-08-08 01:06:08,2012-08-08 01:06:08
708769,Sonja,True,2019-11-27 12:09:26,2019-11-27 12:09:26
712073,Gerhard,True,2011-08-04 18:29:36,2011-08-04 18:29:36
712311,Sebastian,False,2013-09-02 02:27:53,2013-09-02 02:27:53
712973,Jan,False,2011-09-21 04:16:23,2011-09-21 04:16:23
716475,Hanya,False,2021-11-15 03:41:02,2021-11-15 03:41:02
718340,Milos,False,2016-09-07 19:10:47,2016-09-07 19:10:47
718939,Martina & Charlotte (MaCha),True,2017-01-04 20:38:10,2017-01-04 20:38:10
719464,Werner,True,2015-04-29 22:31:16,2015-04-29 22:31:16
720423,Lily,False,2021-10-25 13:27:18,2021-10-25 13:27:18
721022,Maria,False,2014-02-03 23:31:51,2014-02-03 23:31:51
725852,Joanna,False,2018-07-10 14:40:29,2018-07-10 14:40:29
726769,Rudie,True,2012-04-05 21:35:49,2012-04-05 21:35:49
727822,Louisa,False,2018-04-27 07:45:06,2018-04-27 07:45:06
728298,Ju,False,2015-09-14 01:53:15,2015-09-14 01:53:15
730791,Andrew,False,2016-12-21 07:53:59,2016-12-21 07:53:59
734807,Olivier,False,2015-05-08 03:42:39,2015-05-08 03:42:39
738412,Rocio,False,2021-10-25 22:48:04,2021-10-25 22:48:04
741614,Julien L.,False,2019-08-31 18:14:50,2019-08-31 18:14:50
743741,Joseph,True,2016-06-13 10:07:22,2016-06-13 10:07:22
750165,Angela,False,2011-06-29 07:42:38,2011-06-29 07:42:38
756801,Caroline,False,2016-07-17 13:15:35,2016-07-17 13:15:35
759922,Verena,False,2015-11-30 03:03:05,2015-11-30 03:03:05
761787,Yatan,True,2015-02-04 10:32:23,2015-02-04 10:32:23
762672,Olli,False,2021-10-31 15:47:34,2021-10-31 15:47:34
763065,Haider,False,2019-09-21 21:50:12,2019-09-21 21:50:12
768877,Augustin,False,2021-11-01 03:45:49,2021-11-01 03:45:49
774949,Tobias,False,2017-08-29 03:27:47,2017-08-29 03:27:47
775103,Verena,False,2011-09-09 22:56:05,2011-09-09 22:56:05
776810,Eitan,False,2016-04-10 23:35:42,2016-04-10 23:35:42
779213,Jutta,False,2011-12-25 23:13:28,2011-12-25 23:13:28
783178,Raphael,False,2015-03-26 06:13:26,2015-03-26 06:13:26
784423,Patrick,False,2014-02-16 17:28:53,2014-02-16 17:28:53
788958,Liina,False,2016-04-05 06:11:18,2016-04-05 06:11:18
794712,Christina,True,2019-01-28 17:31:50,2019-01-28 17:31:50
796576,Stefan,False,2015-01-18 18:06:07,2015-01-18 18:06:07
797804,Marie,False,2019-11-02 21:22:38,2019-11-02 21:22:38
801366,Shai,False,2013-06-20 20:41:54,2013-06-20 20:41:54
803717,Dirk,False,2012-07-03 11:07:07,2012-07-03 11:07:07
809715,Donna,False,2015-07-23 05:04:54,2015-07-23 05:04:54
814026,Frank,False,2012-07-18 23:44:41,2012-07-18 23:44:41
818418,Rehana,False,2019-05-12 08:57:59,2019-05-12 08:57:59
819379,Therese,False,2021-02-24 21:05:40,2021-02-24 21:05:40
820633,Barbara,True,2018-07-30 01:50:22,2018-07-30 01:50:22
823691,Johanna,False,2019-07-08 05:40:45,2019-07-08 05:40:45
824591,Anna,False,2015-06-30 15:51:35,2015-06-30 15:51:35
826078,Friederike,True,2018-09-28 03:48:02,2018-09-28 03:48:02
826546,Wolfgang,False,2011-09-08 11:15:18,2011-09-08 11:15:18
829048,Maximilian,False,2015-04-23 21:46:44,2015-04-23 21:46:44
831239,Sandra,False,2021-11-11 14:58:21,2021-11-11 14:58:21
833209,Julija,False,2016-04-25 04:46:58,2016-04-25 04:46:58
833995,Ilona,False,2011-11-18 00:14:57,2011-11-18 00:14:57
839045,Callum,False,2018-08-02 07:12:59,2018-08-02 07:12:59
839108,Alessia,False,2016-02-12 02:02:53,2016-02-12 02:02:53
839532,Christina,False,2011-11-09 07:34:08,2011-11-09 07:34:08
843072,Inna,False,2021-11-09 05:04:25,2021-11-09 05:04:25
843326,Nino,True,2011-12-10 11:31:07,2011-12-10 11:31:07
843520,Chun Mei,False,2016-09-06 07:15:44,2016-09-06 07:15:44
843558,Christine,False,2016-12-04 10:46:38,2016-12-04 10:46:38
845790,Aaike,False,2015-09-12 04:40:45,2015-09-12 04:40:45
853446,Florian,False,2011-10-12 15:54:27,2011-10-12 15:54:27
857327,Alke,False,2011-12-24 08:22:09,2011-12-24 08:22:09
858675,Esko,False,2021-11-08 07:03:25,2021-11-08 07:03:25
859725,Olly,False,2017-04-03 20:04:45,2017-04-03 20:04:45
864399,Roland & Sam,False,2012-07-21 16:02:02,2012-07-21 16:02:02
866270,Laura,False,2016-04-07 11:42:56,2016-04-07 11:42:56
868242,Happy Vegan,True,2013-06-11 19:38:34,2013-06-11 19:38:34
868282,Frank,True,2011-08-11 19:54:42,2011-08-11 19:54:42
870254,Darja,False,2015-09-09 10:56:08,2015-09-09 10:56:08
870376,Andreas,True,2012-02-21 20:18:05,2012-02-21 20:18:05
874215,Erez,False,2021-08-08 07:32:43,2021-08-08 07:32:43
876545,Marta,False,2021-11-15 08:31:27,2021-11-15 08:31:27
876782,Agustin,False,2016-05-27 03:33:28,2016-05-27 03:33:28
877133,James,False,2015-12-22 01:40:30,2015-12-22 01:40:30
882801,Minel,False,2012-01-04 20:09:51,2012-01-04 20:09:51
882961,Micha,False,2019-03-24 07:49:41,2019-03-24 07:49:41
889228,Jacqueline,False,2019-03-10 01:59:36,2019-03-10 01:59:36
889370,Michael,False,2021-11-01 19:40:08,2021-11-01 19:40:08
889931,Joy,False,2015-07-01 23:01:04,2015-07-01 23:01:04
892344,Tim,False,2015-05-28 16:25:27,2015-05-28 16:25:27
892561,Katrin,False,2021-11-13 02:00:07,2021-11-13 02:00:07
893191,Juliane,False,2011-08-16 20:40:11,2011-08-16 20:40:11
893723,Sahin,False,2014-08-25 23:01:26,2014-08-25 23:01:26
896910,Yildiz,False,2019-06-21 12:21:11,2019-06-21 12:21:11
897302,Paul,False,2012-04-10 04:52:10,2012-04-10 04:52:10
897665,Quiny Christa,True,2020-06-18 16:50:26,2020-06-18 16:50:26
898345,Susanne,True,2012-05-31 13:42:07,2012-05-31 13:42:07
901140,Lana,False,2012-11-28 14:21:05,2012-11-28 14:21:05
901878,H.,False,2021-11-16 17:53:56,2021-11-16 17:53:56
903480,Jeff,False,2020-02-16 05:04:39,2020-02-16 05:04:39
903525,Ludwig,False,2021-10-28 12:17:58,2021-10-28 12:17:58
906953,Simon,False,2019-07-31 08:21:59,2019-07-31 08:21:59
907038,Katarina-Susanne,False,2012-04-07 00:29:29,2012-04-07 00:29:29
907115,Thomas,True,2021-02-21 20:43:43,2021-02-21 20:43:43
908562,Anis,True,2021-07-21 22:00:15,2021-07-21 22:00:15
909226,Werner,True,2015-10-30 17:10:54,2015-10-30 17:10:54
910606,Nicole,False,2014-12-29 14:57:21,2014-12-29 14:57:21
910884,Kristian,False,2011-09-24 17:30:16,2011-09-24 17:30:16
911135,Mushtaq,True,2017-06-21 15:30:16,2017-06-21 15:30:16
913422,Kathrin,False,2012-12-31 00:29:07,2012-12-31 00:29:07
913520,Nikolaj,False,2016-11-04 14:01:03,2016-11-04 14:01:03
913825,Loui,False,2013-11-24 11:30:54,2013-11-24 11:30:54
914711,Jon,False,2011-09-01 12:18:12,2011-09-01 12:18:12
915430,Andreas,False,2014-01-13 11:23:09,2014-01-13 11:23:09
920085,Ursula,True,2012-06-25 00:40:44,2012-06-25 00:40:44
920717,Martin,True,2015-08-14 11:34:49,2015-08-14 11:34:49
923408,Anne,False,2014-06-19 05:40:57,2014-06-19 05:40:57
925534,Wolfgang,False,2015-09-10 23:48:53,2015-09-10 23:48:53
927978,Leonardo,False,2015-12-29 12:42:40,2015-12-29 12:42:40
929861,Mandy,False,2011-12-27 16:16:42,2011-12-27 16:16:42
930361,Dan,False,2015-09-07 04:22:23,2015-09-07 04:22:23
934287,Sasha,True,2019-04-03 12:48:05,2019-04-03 12:48:05
938897,Martin,False,2018-11-09 18:45:42,2018-11-09 18:45:42
939230,Nana M,False,2021-11-05 21:09:27,2021-11-05 21:09:27
939361,Wolfram,False,2014-10-15 04:04:57,2014-10-15 04:04:57
943554,Dino,False,2015-06-10 22:09:27,2015-06-10 22:09:27
943996,Monika,False,2012-01-05 19:54:30,2012-01-05 19:54:30
944530,Christian And Verónica,True,2011-10-11 12:51:22,2011-10-11 12:51:22
952386,Lennart,False,2015-11-03 07:52:32,2015-11-03 07:52:32
955509,Karsten,True,2012-08-02 04:00:36,2012-08-02 04:00:36
956350,Arne,True,2011-09-22 21:21:25,2011-09-22 21:21:25
957421,Klaus,False,2021-11-09 09:20:20,2021-11-09 09:20:20
961411,Howy,False,2014-05-11 10:33:53,2014-05-11 10:33:53
962264,Jannes & Seri,False,2017-06-16 20:28:15,2017-06-16 20:28:15
964971,Tanja,False,2011-09-15 15:37:22,2011-09-15 15:37:22
965569,Coco,False,2021-11-08 14:47:35,2021-11-08 14:47:35
966025,Alexandra,False,2018-07-16 05:04:23,2018-07-16 05:04:23
968241,Grzegorz,False,2021-10-25 00:32:45,2021-10-25 00:32:45
968243,Martina,True,2015-05-23 16:15:10,2015-05-23 16:15:10
969532,Wendy,True,2015-01-30 18:14:14,2015-01-30 18:14:14
972575,Martin,True,2020-02-19 18:10:20,2020-02-19 18:10:20
973167,Andreas,True,2018-05-11 21:05:46,2018-05-11 21:05:46
976581,Gisela,False,2015-08-20 18:06:34,2015-08-20 18:06:34
977009,Kerstin,False,2015-12-27 02:45:37,2015-12-27 02:45:37
977162,Rosann,False,2016-05-02 13:08:36,2016-05-02 13:08:36
977216,Viktoria,False,2019-12-22 00:21:06,2019-12-22 00:21:06
977942,Rainer,False,2021-11-10 21:19:24,2021-11-10 21:19:24
983936,Marek,True,2015-09-06 07:10:16,2015-09-06 07:10:16
990154,Farsan,False,2016-12-31 06:13:41,2016-12-31 06:13:41
992535,Jo,False,2016-07-29 11:03:14,2016-07-29 11:03:14
992812,Jan,False,2015-07-26 06:30:21,2015-07-26 06:30:21
994927,Esteban,True,2014-03-25 17:03:56,2014-03-25 17:03:56
995862,Magnus & Namia,False,2018-07-21 00:54:05,2018-07-21 00:54:05
999330,Josefine,False,2015-06-14 04:41:41,2015-06-14 04:41:41
1003245,Maryna,False,2021-11-17 12:38:10,2021-11-17 12:38:10
1009105,Gisela,False,2019-08-31 04:26:15,2019-08-31 04:26:15
1009656,Florian,False,2021-11-03 08:36:18,2021-11-03 08:36:18
1015808,Nico & Ines,False,2013-05-30 12:05:02,2013-05-30 12:05:02
1019199,Saskia,False,2021-11-19 20:12:43,2021-11-19 20:12:43
1019502,Steffen,False,2013-06-07 17:13:56,2013-06-07 17:13:56
1020400,Andreas,False,2015-06-24 23:02:42,2015-06-24 23:02:42
1022663,Vanessa,False,2017-08-03 23:00:29,2017-08-03 23:00:29
1024215,Christian,False,2018-07-13 18:25:47,2018-07-13 18:25:47
1026477,Antoine,False,2016-02-12 22:09:43,2016-02-12 22:09:43
1026735,Wolfgang,False,2012-06-21 18:17:02,2012-06-21 18:17:02
1027271,Sabine,True,2014-08-09 23:04:40,2014-08-09 23:04:40
1029878,Liane,False,2015-08-04 21:43:12,2015-08-04 21:43:12
1030258,Jakob,False,2021-11-15 21:21:04,2021-11-15 21:21:04
1033300,Thomas,False,2011-08-26 20:29:04,2011-08-26 20:29:04
1035251,Zuzanna,False,2017-07-09 00:38:59,2017-07-09 00:38:59
1036664,Tobias,False,2018-07-21 04:16:57,2018-07-21 04:16:57
1039350,Gosia,True,2011-09-12 16:29:12,2011-09-12 16:29:12
1040171,Supermax,True,2018-05-25 20:32:28,2018-05-25 20:32:28
1040504,Beate,False,2017-06-18 15:10:36,2017-06-18 15:10:36
1057527,Ursula,True,2017-05-10 11:33:18,2017-05-10 11:33:18
1083235,,,2015-07-24 11:43:19,2015-07-24 11:43:19
1084001,Herbert,False,2016-08-16 20:30:58,2016-08-16 20:30:58
1086128,,,2021-11-13 05:47:01,2021-11-13 05:47:01
1090989,Maxime,False,2012-09-03 02:03:29,2012-09-03 02:03:29
1093787,Christian,True,2015-04-26 17:22:41,2015-04-26 17:22:41
1094502,Kerimcan,False,2020-04-22 22:33:03,2020-04-22 22:33:03
1095067,Josh,False,2021-11-18 17:48:59,2021-11-18 17:48:59
1095251,Nadin,False,2019-09-01 03:14:11,2019-09-01 03:14:11
1095682,Philipp,False,2018-07-03 15:17:46,2018-07-03 15:17:46
1095987,Caroline,False,2016-02-23 23:48:39,2016-02-23 23:48:39
1099582,Tabea,False,2015-07-17 04:16:04,2015-07-17 04:16:04
1102530,Lisa,False,2018-03-05 07:14:15,2018-03-05 07:14:15
1107206,Lalita,True,2011-11-26 21:05:50,2011-11-26 21:05:50
1107814,Gregor,True,2018-02-11 20:28:25,2018-02-11 20:28:25
1108639,Karin,False,2019-09-04 16:57:47,2019-09-04 16:57:47
1109188,Mina,False,2019-05-31 14:35:10,2019-05-31 14:35:10
1112419,Yasmin,False,2017-07-14 22:21:10,2017-07-14 22:21:10
1118722,Martin,False,2017-05-23 00:59:30,2017-05-23 00:59:30
1122141,Elena,False,2021-07-04 19:09:05,2021-07-04 19:09:05
1128671,Hanna,False,2021-11-06 03:19:47,2021-11-06 03:19:47
1130723,Hans,False,2016-07-23 21:16:23,2016-07-23 21:16:23
1134062,Pia,False,2016-09-19 08:20:57,2016-09-19 08:20:57
1135836,Luca,False,2021-11-05 13:22:54,2021-11-05 13:22:54
1142834,Detlef,True,2013-04-22 23:40:45,2013-04-22 23:40:45
1145773,Daniel,False,2016-03-01 12:40:53,2016-03-01 12:40:53
1146238,Arzu & Tom,True,2011-09-28 08:33:05,2011-09-28 08:33:05
1148921,Georg,False,2015-08-29 05:23:42,2015-08-29 05:23:42
1151789,Elif,True,2019-08-08 21:59:36,2019-08-08 21:59:36
1152490,Caesar,False,2015-02-13 02:14:38,2015-02-13 02:14:38
1152791,ClaasFlorian,False,2018-08-10 03:43:43,2018-08-10 03:43:43
1153297,Gal,False,2017-07-19 19:51:46,2017-07-19 19:51:46
1156521,Denis,False,2013-12-10 11:08:57,2013-12-10 11:08:57
1156924,Kelly,True,2011-12-06 18:55:53,2011-12-06 18:55:53
1157727,David,False,2018-05-21 00:16:20,2018-05-21 00:16:20
1168268,Alisa,False,2019-06-09 21:50:13,2019-06-09 21:50:13
1171000,Bernardo,False,2013-12-09 20:48:39,2013-12-09 20:48:39
1171967,Owen,False,2021-11-04 09:49:11,2021-11-04 09:49:11
1174550,Molly,False,2021-11-18 06:33:16,2021-11-18 06:33:16
1175327,Robert,True,2021-05-23 12:47:38,2021-05-23 12:47:38
1177084,Philip,False,2016-08-08 07:16:04,2016-08-08 07:16:04
1178780,Sabine,False,2012-04-29 10:38:23,2012-04-29 10:38:23
1179162,Anna,False,2021-11-14 21:36:03,2021-11-14 21:36:03
1179530,Bastian,False,2017-11-28 19:17:10,2017-11-28 19:17:10
1182729,Lucas,False,2018-05-18 03:20:12,2018-05-18 03:20:12
1183139,Matteo,True,2017-08-10 22:27:17,2017-08-10 22:27:17
1185192,Phuong & Martin,True,2018-02-27 22:59:44,2018-02-27 22:59:44
1186601,Severine,False,2013-07-19 06:45:23,2013-07-19 06:45:23
1189061,An.,False,2021-10-28 09:02:25,2021-10-28 09:02:25
1191577,Dreea,False,2018-10-15 23:04:22,2018-10-15 23:04:22
1191738,Miro,False,2019-12-28 04:58:55,2019-12-28 04:58:55
1194016,Karim,False,2014-10-31 04:34:40,2014-10-31 04:34:40
1194258,Stefan,True,2014-08-15 01:03:11,2014-08-15 01:03:11
1194570,Philip,False,2020-02-02 05:05:59,2020-02-02 05:05:59
1195177,Annika,False,2011-10-20 13:46:14,2011-10-20 13:46:14
1196119,Hannes,True,2012-01-24 06:12:46,2012-01-24 06:12:46
1197946,Marcelo & Cesar,True,2014-07-16 03:09:51,2014-07-16 03:09:51
1198821,Ebe,False,2021-10-21 07:46:56,2021-10-21 07:46:56
1199044,Ina,False,2016-12-10 20:53:41,2016-12-10 20:53:41
1202217,Ben & Martha,False,2018-05-19 17:01:04,2018-05-19 17:01:04
1203444,Christoph,False,2021-10-29 06:40:40,2021-10-29 06:40:40
1204085,Felix,False,2011-09-19 07:00:10,2011-09-19 07:00:10
1205340,Christine,False,2012-10-13 13:14:24,2012-10-13 13:14:24
1205458,Lola,True,2016-06-19 19:14:24,2016-06-19 19:14:24
1207835,Giulia,False,2016-02-19 19:24:12,2016-02-19 19:24:12
1209356,Magda,False,2018-06-30 11:58:03,2018-06-30 11:58:03
1209369,Alison,False,2016-02-28 01:53:07,2016-02-28 01:53:07
1210739,TRIO Apartment Hotel,False,2018-06-21 01:57:59,2018-06-21 01:57:59
1211681,Farhad,False,2017-06-16 13:23:55,2017-06-16 13:23:55
1216523,Nelly,False,2016-11-28 06:39:13,2016-11-28 06:39:13
1219287,Michael,False,2018-06-21 10:27:31,2018-06-21 10:27:31
1219893,Katharina,True,2011-12-23 14:54:51,2011-12-23 14:54:51
1221935,Anne,False,2011-11-25 03:48:19,2011-11-25 03:48:19
1224097,Bernhard,False,2014-03-01 07:53:52,2014-03-01 07:53:52
1228713,Paulina,True,2021-06-27 05:13:26,2021-06-27 05:13:26
1236783,Hedda,False,2014-08-16 14:38:47,2014-08-16 14:38:47
1236977,Thorsten,False,2021-11-02 20:04:25,2021-11-02 20:04:25
1240004,Georg,False,2011-10-06 09:53:16,2011-10-06 09:53:16
1240970,Rob,False,2017-05-01 20:33:04,2017-05-01 20:33:04
1244828,Katrin,True,2012-04-07 23:05:29,2012-04-07 23:05:29
1246047,Kent,True,2019-10-20 11:28:39,2019-10-20 11:28:39
1247962,Daniela,True,2016-10-24 01:54:05,2016-10-24 01:54:05
1250154,Henrik,True,2011-11-03 13:30:58,2011-11-03 13:30:58
1252012,Malaika,False,2019-10-25 11:58:30,2019-10-25 11:58:30
1253452,Corinne,False,2016-03-21 23:44:35,2016-03-21 23:44:35
1254352,Jana,False,2011-10-26 07:36:01,2011-10-26 07:36:01
1259589,Alexine,True,2016-01-30 02:58:09,2016-01-30 02:58:09
1260005,Philip,False,2018-08-19 09:39:11,2018-08-19 09:39:11
1262962,Anne,True,2012-05-03 18:44:22,2012-05-03 18:44:22
1267752,Natalie & Markus,False,2018-09-21 16:55:22,2018-09-21 16:55:22
1271213,Marion,True,2014-04-24 05:05:45,2014-04-24 05:05:45
1271339,Christian,True,2018-11-18 04:56:02,2018-11-18 04:56:02
1273265,Henrik,False,2019-07-09 05:33:53,2019-07-09 05:33:53
1274606,Mario,True,2012-04-10 06:17:11,2012-04-10 06:17:11
1275359,Henning,False,2021-09-01 15:27:01,2021-09-01 15:27:01
1275576,Thomas,True,2012-12-19 05:41:22,2012-12-19 05:41:22
1275795,Arne & Ute,True,2015-03-25 11:22:01,2015-03-25 11:22:01
1275846,Anna,False,2012-05-06 09:20:55,2012-05-06 09:20:55
1275864,Emily,False,2016-01-01 18:22:39,2016-01-01 18:22:39
1276585,Katharina,False,2015-02-12 19:11:29,2015-02-12 19:11:29
1278591,Sabine,False,2018-04-17 21:27:59,2018-04-17 21:27:59
1280215,Claudia,False,2018-06-21 02:04:11,2018-06-21 02:04:11
1285017,Katrin,False,2015-03-31 09:35:53,2015-03-31 09:35:53
1285720,Bruna,False,2020-09-15 08:27:06,2020-09-15 08:27:06
1289259,Martina,False,2012-02-07 17:06:37,2012-02-07 17:06:37
1289393,Hille,False,2012-02-19 07:51:30,2012-02-19 07:51:30
1289581,Guillaume,False,2012-09-28 19:50:28,2012-09-28 19:50:28
1290112,Wolfhard,False,2012-09-04 15:10:44,2012-09-04 15:10:44
1291987,Alan,False,2018-04-11 00:27:27,2018-04-11 00:27:27
1293030,HaZaSu,True,2012-09-03 10:01:17,2012-09-03 10:01:17
1293348,Krunoslav,False,2017-02-06 04:31:31,2017-02-06 04:31:31
1293484,Bianca,True,2018-06-09 12:07:15,2018-06-09 12:07:15
1294110,David,True,2014-11-20 11:46:49,2014-11-20 11:46:49
1297102,Adam,False,2016-03-17 20:53:17,2016-03-17 20:53:17
1297305,Julia,False,2020-01-17 21:03:54,2020-01-17 21:03:54
1298309,Clemens,False,2021-07-23 17:44:58,2021-07-23 17:44:58
1300595,Tamara,True,2019-12-02 00:54:11,2019-12-02 00:54:11
1300950,Andrea,False,2015-04-27 02:36:47,2015-04-27 02:36:47
1301421,Alexander,False,2012-05-10 19:51:06,2012-05-10 19:51:06
1303212,David,True,2012-01-24 08:50:48,2012-01-24 08:50:48
1303499,Charlot,False,2019-12-30 18:53:01,2019-12-30 18:53:01
1305644,Heike,False,2021-10-30 10:00:11,2021-10-30 10:00:11
1310272,Jörg,True,2012-07-22 17:06:30,2012-07-22 17:06:30
1310277,Claudia,False,2012-04-20 03:59:25,2012-04-20 03:59:25
1310755,Joe,False,2012-01-05 12:00:36,2012-01-05 12:00:36
1310866,Ashraf,True,2012-06-25 11:29:32,2012-06-25 11:29:32
1311026,Volker,False,2011-08-19 13:08:53,2011-08-19 13:08:53
1311309,Ute,True,2013-07-05 08:18:56,2013-07-05 08:18:56
1312190,Davide,True,2011-12-26 23:49:48,2011-12-26 23:49:48
1312645,Justin,True,2019-02-23 06:50:35,2019-02-23 06:50:35
1314462,Otto,False,2014-04-14 09:09:23,2014-04-14 09:09:23
1315189,Axel,True,2017-02-11 12:18:25,2017-02-11 12:18:25
1315569,Greg & Emmy,False,2012-08-13 02:03:13,2012-08-13 02:03:13
1315769,Brendan,False,2021-10-21 16:00:54,2021-10-21 16:00:54
1316194,Baerbel,True,2013-05-04 22:48:33,2013-05-04 22:48:33
1318500,Renate,True,2012-06-22 04:16:01,2012-06-22 04:16:01
1318886,Florian,True,2018-03-29 10:01:39,2018-03-29 10:01:39
1322237,Honor,False,2015-03-22 11:08:48,2015-03-22 11:08:48
1325279,Monique,False,2021-11-19 14:51:14,2021-11-19 14:51:14
1325711,Roman,False,2016-06-03 18:15:05,2016-06-03 18:15:05
1328204,Jairo,False,2012-09-19 09:09:54,2012-09-19 09:09:54
1328326,Wolfram,False,2012-01-16 04:09:52,2012-01-16 04:09:52
1332388,Rosita,False,2013-02-10 23:57:51,2013-02-10 23:57:51
1338050,Jean-Jacques,False,2017-03-14 23:47:08,2017-03-14 23:47:08
1338633,David And Kent,False,2020-03-20 02:00:49,2020-03-20 02:00:49
1338919,Thomas,False,2019-08-06 01:03:48,2019-08-06 01:03:48
1341650,Edmond,False,2016-11-16 12:59:43,2016-11-16 12:59:43
1341919,Stephanie,False,2018-04-14 09:25:56,2018-04-14 09:25:56
1343263,Agnieszka,True,2012-06-21 10:33:53,2012-06-21 10:33:53
1344455,Wolfram,False,2011-12-26 00:06:14,2011-12-26 00:06:14
1344754,Bwk,False,2014-09-20 19:43:11,2014-09-20 19:43:11
1345035,Sylvia,True,2012-10-14 13:44:00,2012-10-14 13:44:00
1345381,Ulrike Und Kai,True,2012-08-22 04:25:48,2012-08-22 04:25:48
1351506,Christian,False,2017-02-26 17:39:42,2017-02-26 17:39:42
1352204,Vlad And Kristina,True,2019-10-22 14:17:34,2019-10-22 14:17:34
1352296,Pierre,False,2018-04-29 21:42:47,2018-04-29 21:42:47
1354122,Heike & Heinrich,True,2012-05-27 23:27:26,2012-05-27 23:27:26
1356465,Ali,False,2021-10-26 22:08:44,2021-10-26 22:08:44
1361440,Robert,True,2021-03-26 10:05:03,2021-03-26 10:05:03
1365290,Till,False,2018-02-23 02:10:14,2018-02-23 02:10:14
1367805,Marianne,True,2013-05-30 16:32:55,2013-05-30 16:32:55
1376485,Rosi,False,2016-03-23 22:34:30,2016-03-23 22:34:30
1385793,Maja,True,2018-09-27 08:34:51,2018-09-27 08:34:51
1386260,Sara,False,2018-01-28 15:22:17,2018-01-28 15:22:17
1391328,Nikolaus,False,2018-04-16 23:42:19,2018-04-16 23:42:19
1391772,Sunflower Hostel,False,2014-05-31 12:16:43,2014-05-31 12:16:43
1394961,Antonella,False,2012-06-27 15:10:54,2012-06-27 15:10:54
1395425,Hansjörg,False,2014-09-03 09:38:03,2014-09-03 09:38:03
1397552,Sam,False,2012-08-02 20:59:49,2012-08-02 20:59:49
1398628,J. Ray,False,2016-02-27 14:18:26,2016-02-27 14:18:26
1399741,Michelle,True,2016-02-10 23:13:17,2016-02-10 23:13:17
1404760,Frank,True,2014-03-08 22:36:44,2014-03-08 22:36:44
1407041,Danny,True,2018-06-03 21:51:02,2018-06-03 21:51:02
1408921,Dieter,False,2014-11-05 13:45:09,2014-11-05 13:45:09
1409188,Peter,False,2013-04-18 00:21:33,2013-04-18 00:21:33
1410977,Liat And Jef,False,2015-05-15 21:29:06,2015-05-15 21:29:06
1411715,L. Anabel,False,2018-06-24 12:40:53,2018-06-24 12:40:53
1416881,Cristina,False,2018-12-11 12:38:48,2018-12-11 12:38:48
1418069,Samantha,False,2021-10-28 08:57:35,2021-10-28 08:57:35
1420077,Kai,True,2012-05-21 16:39:52,2012-05-21 16:39:52
1422088,Gabriele,True,2021-03-19 06:38:36,2021-03-19 06:38:36
1424914,Thomas,True,2019-06-02 09:57:30,2019-06-02 09:57:30
1425336,A. Franziska,False,2017-10-14 17:16:59,2017-10-14 17:16:59
1425903,Stephane,False,2014-07-30 02:05:51,2014-07-30 02:05:51
1428852,Jane,True,2012-05-01 18:54:19,2012-05-01 18:54:19
1435273,OTA-Berlin,False,2016-02-13 23:07:47,2016-02-13 23:07:47
1439762,Martin,False,2016-12-28 12:49:07,2016-12-28 12:49:07
1441706,Roman,False,2016-03-22 07:35:40,2016-03-22 07:35:40
1442207,Anna,False,2016-09-03 05:00:08,2016-09-03 05:00:08
1450795,Camilla,True,2013-07-27 22:48:39,2013-07-27 22:48:39
1452057,Michael,True,2016-06-24 17:39:41,2016-06-24 17:39:41
1452254,Elly,False,2018-02-19 10:11:47,2018-02-19 10:11:47
1452860,Isa,False,2016-10-14 12:40:13,2016-10-14 12:40:13
1453075,Daniel,False,2012-06-25 12:45:33,2012-06-25 12:45:33
1453323,Mathis,False,2016-07-12 14:31:49,2016-07-12 14:31:49
1456496,Kevin,False,2016-03-24 05:49:46,2016-03-24 05:49:46
1456634,Annabella,False,2012-12-26 11:57:14,2012-12-26 11:57:14
1456872,Dot,False,2012-02-24 03:28:58,2012-02-24 03:28:58
1459571,Caren,False,2015-06-27 06:46:01,2015-06-27 06:46:01
1463578,Mat,False,2015-12-19 10:02:30,2015-12-19 10:02:30
1464437,Boris,True,2018-09-11 09:35:40,2018-09-11 09:35:40
1466063,Axel Und Anne,True,2014-02-12 09:06:25,2014-02-12 09:06:25
1472760,Martin,True,2017-07-01 09:52:30,2017-07-01 09:52:30
1473572,Igor,False,2015-12-26 01:29:36,2015-12-26 01:29:36
1474879,Christin,False,2021-10-26 23:23:12,2021-10-26 23:23:12
1475071,Anja,False,2021-10-25 00:00:35,2021-10-25 00:00:35
1476857,Antonio,False,2021-07-01 09:33:01,2021-07-01 09:33:01
1479482,Yashi,False,2020-08-11 01:12:05,2020-08-11 01:12:05
1482482,Andrea & Erich,False,2021-10-27 21:21:06,2021-10-27 21:21:06
1482815,Grit,False,2012-07-10 21:10:55,2012-07-10 21:10:55
1483789,Thomas,True,2012-10-02 11:29:17,2012-10-02 11:29:17
1483874,Kathrin,False,2015-05-06 04:10:22,2015-05-06 04:10:22
1486057,Nico&Jill,False,2021-11-12 18:03:26,2021-11-12 18:03:26
1496069,Oliver,False,2019-02-17 04:22:44,2019-02-17 04:22:44
1498377,Eliaz,False,2021-09-13 06:21:53,2021-09-13 06:21:53
1500109,Melanie,False,2016-04-27 22:42:35,2016-04-27 22:42:35
1500683,Stefan,True,2013-11-06 20:37:33,2013-11-06 20:37:33
1500996,Kurt,False,2021-10-28 17:53:26,2021-10-28 17:53:26
1503906,Natalie,False,2021-10-23 15:38:31,2021-10-23 15:38:31
1504247,Masha,False,2016-03-22 07:45:22,2016-03-22 07:45:22
1509514,Andrea,False,2019-05-05 16:10:54,2019-05-05 16:10:54
1509585,Nicolas,False,2014-02-10 20:17:13,2014-02-10 20:17:13
1517951,Claudia,False,2012-12-22 00:30:02,2012-12-22 00:30:02
1518361,Inna,False,2017-07-28 17:28:04,2017-07-28 17:28:04
1530015,F.,False,2014-12-20 00:50:29,2014-12-20 00:50:29
1531988,Anna,True,2018-09-04 20:02:01,2018-09-04 20:02:01
1533440,Johannes,False,2014-11-18 10:58:08,2014-11-18 10:58:08
1533481,Klaus,False,2021-10-29 05:38:55,2021-10-29 05:38:55
1537210,Julian,False,2015-08-01 00:46:26,2015-08-01 00:46:26
1539015,Dan,False,2014-08-30 11:20:12,2014-08-30 11:20:12
1539097,Cécile,False,2014-05-07 18:12:13,2014-05-07 18:12:13
1546071,Jana,True,2019-01-24 12:21:42,2019-01-24 12:21:42
1554320,Tanya,False,2021-07-04 01:13:06,2021-07-04 01:13:06
1554470,Hendrik,False,2012-09-23 17:43:20,2012-09-23 17:43:20
1560726,Ann-Katrin,False,2012-07-10 08:14:31,2012-07-10 08:14:31
1560984,Behrad,False,2018-05-26 05:13:29,2018-05-26 05:13:29
1561180,Daniel,True,2019-05-20 04:34:24,2019-05-20 04:34:24
1565883,Karl,False,2016-12-24 06:24:30,2016-12-24 06:24:30
1569420,Linda,False,2019-09-27 23:11:19,2019-09-27 23:11:19
1569934,Norman,False,2021-10-28 11:35:33,2021-10-28 11:35:33
1571610,Sebastian,False,2021-07-31 17:15:54,2021-07-31 17:15:54
1574908,Jürgen,False,2016-08-01 18:41:35,2016-08-01 18:41:35
1575292,Michel,True,2012-03-17 19:01:27,2012-03-17 19:01:27
1576481,Norman,False,2016-09-10 09:41:39,2016-09-10 09:41:39
1581930,Darius,True,2015-07-08 16:23:35,2015-07-08 16:23:35
1584766,Frank,False,2013-03-26 18:58:57,2013-03-26 18:58:57
1587756,Susan,False,2017-09-21 20:12:22,2017-09-21 20:12:22
1590172,Kilian,False,2014-03-19 01:01:03,2014-03-19 01:01:03
1591761,Mauricio,False,2012-01-16 20:21:33,2012-01-16 20:21:33
1594352,Angelika,False,2016-06-22 18:05:28,2016-06-22 18:05:28
1594734,Tao,False,2021-11-03 15:10:13,2021-11-03 15:10:13
1602903,Kathrin,True,2012-05-19 02:55:34,2012-05-19 02:55:34
1602922,Stefan,False,2014-10-06 02:57:33,2014-10-06 02:57:33
1605477,Konrad,False,2018-02-04 11:34:20,2018-02-04 11:34:20
1613303,Kimberly,False,2018-04-22 16:34:37,2018-04-22 16:34:37
1614923,Franziska,False,2018-03-22 02:29:14,2018-03-22 02:29:14
1625671,Laura,False,2018-03-13 09:44:19,2018-03-13 09:44:19
1625771,Primeflats,False,2017-04-03 01:19:18,2017-04-03 01:19:18
1625792,Ursula,False,2012-09-24 15:09:30,2012-09-24 15:09:30
1629448,Claudia,False,2013-05-05 07:41:47,2013-05-05 07:41:47
1636437,Simon,False,2014-09-22 16:41:40,2014-09-22 16:41:40
1636827,Gregory,False,2014-07-15 20:59:56,2014-07-15 20:59:56
1641505,Sterni,False,2014-05-24 21:41:57,2014-05-24 21:41:57
1641541,Stamatis,True,2013-04-27 21:04:37,2013-04-27 21:04:37
1641549,Greg,False,2012-12-21 05:17:22,2012-12-21 05:17:22
1642790,Ryan,False,2021-10-30 15:48:31,2021-10-30 15:48:31
1644092,Ulrike,True,2015-02-08 07:51:47,2015-02-08 07:51:47
1647574,Jannis,False,2016-05-15 06:28:01,2016-05-15 06:28:01
1650147,Esther,False,2014-12-18 09:22:36,2014-12-18 09:22:36
1654885,Claudius,False,2012-02-09 19:21:31,2012-02-09 19:21:31
1655107,Anne-Catherine,False,2015-08-03 00:09:57,2015-08-03 00:09:57
1655491,Anna,False,2021-11-09 04:06:12,2021-11-09 04:06:12
1656834,Seref,False,2021-11-10 16:47:47,2021-11-10 16:47:47
1657289,Emily,False,2018-08-19 03:49:34,2018-08-19 03:49:34
1659928,Laura,False,2016-05-15 05:52:00,2016-05-15 05:52:00
1663860,Fried,False,2017-02-04 21:15:32,2017-02-04 21:15:32
1665242,Marjolein,False,2019-09-01 22:01:20,2019-09-01 22:01:20
1668497,Tom,False,2016-06-23 04:09:59,2016-06-23 04:09:59
1669753,Alexander,False,2020-07-31 14:20:05,2020-07-31 14:20:05
1670453,Norbert,True,2017-10-31 03:54:00,2017-10-31 03:54:00
1673681,David,False,2012-04-15 16:43:22,2012-04-15 16:43:22
1681294,Sophie,False,2021-10-21 14:31:35,2021-10-21 14:31:35
1682922,Florian,False,2012-06-15 14:38:51,2012-06-15 14:38:51
1688257,Camilla,False,2021-07-16 03:31:23,2021-07-16 03:31:23
1706643,Elly,False,2016-10-13 16:49:38,2016-10-13 16:49:38
1712104,Audrey,False,2017-03-27 07:34:18,2017-03-27 07:34:18
1714986,Troels,False,2021-11-06 01:09:32,2021-11-06 01:09:32
1716319,Xavi,False,2016-03-17 11:10:31,2016-03-17 11:10:31
1717834,Sacha,False,2021-11-10 18:44:42,2021-11-10 18:44:42
1718393,Anna,False,2017-07-20 08:17:55,2017-07-20 08:17:55
1719111,Ridvan,False,2017-07-29 05:32:39,2017-07-29 05:32:39
1725065,Dan,False,2014-10-27 15:04:59,2014-10-27 15:04:59
1725729,Tiziana,True,2015-08-28 16:29:24,2015-08-28 16:29:24
1734792,Peter,False,2012-03-01 05:50:41,2012-03-01 05:50:41
1739169,Crisse,False,2015-06-20 07:22:44,2015-06-20 07:22:44
1740722,Lina,False,2017-05-10 06:11:10,2017-05-10 06:11:10
1749204,Davide,False,2021-07-06 13:51:00,2021-07-06 13:51:00
1749470,Apostolos,True,2013-10-27 18:59:07,2013-10-27 18:59:07
1754107,Jared,False,2021-08-28 04:05:04,2021-08-28 04:05:04
1756514,Louis,True,2018-10-01 20:34:43,2018-10-01 20:34:43
1757016,Christine,False,2020-01-19 12:46:05,2020-01-19 12:46:05
1760878,Balázs,True,2019-07-23 23:29:17,2019-07-23 23:29:17
1762059,Rebecca,False,2018-05-01 13:18:49,2018-05-01 13:18:49
1764102,Dirk Tree,False,2021-09-26 11:31:32,2021-09-26 11:31:32
1765249,Eliza,False,2017-04-25 03:37:53,2017-04-25 03:37:53
1771050,Harri,False,2015-07-13 23:17:54,2015-07-13 23:17:54
1775011,Alex,False,2013-03-22 11:21:17,2013-03-22 11:21:17
1784943,David,False,2015-05-28 04:36:18,2015-05-28 04:36:18
1787661,Benjamin,True,2012-04-20 13:57:31,2012-04-20 13:57:31
1790377,David,False,2021-10-27 22:47:14,2021-10-27 22:47:14
1793285,Patrick J.,False,2015-06-02 14:58:45,2015-06-02 14:58:45
1798305,Catherina,False,2012-06-25 20:23:47,2012-06-25 20:23:47
1798949,Peter G.,False,2019-01-09 12:01:14,2019-01-09 12:01:14
1799516,Ljubomira,False,2013-07-29 21:02:11,2013-07-29 21:02:11
1802005,Veronica,True,2018-08-26 17:39:29,2018-08-26 17:39:29
1805616,Fridolin,False,2014-04-17 22:49:25,2014-04-17 22:49:25
1810356,Fredrik,False,2018-01-27 04:33:07,2018-01-27 04:33:07
1810572,Franziska,False,2019-09-18 15:15:58,2019-09-18 15:15:58
1813320,John,False,2021-10-29 08:05:01,2021-10-29 08:05:01
1819213,Eva,False,2021-11-19 14:14:14,2021-11-19 14:14:14
1819907,Martin,True,2016-09-02 22:40:41,2016-09-02 22:40:41
1823098,Eleni,True,2015-07-21 02:03:58,2015-07-21 02:03:58
1827475,Annika,False,2014-05-16 00:17:56,2014-05-16 00:17:56
1831770,Johannes,False,2015-09-28 02:43:26,2015-09-28 02:43:26
1832975,Ursula,True,2012-04-13 14:06:54,2012-04-13 14:06:54
1833946,Johannes,False,2012-05-02 11:14:51,2012-05-02 11:14:51
1836439,Alexander,True,2012-07-29 16:52:50,2012-07-29 16:52:50
1836806,Zoey,False,2018-10-10 10:15:53,2018-10-10 10:15:53
1838901,William,False,2019-05-31 18:37:34,2019-05-31 18:37:34
1843138,Andre,True,2016-02-04 09:21:37,2016-02-04 09:21:37
1845374,Anna,True,2018-02-17 22:49:18,2018-02-17 22:49:18
1853661,Kirk,False,2012-08-06 06:26:11,2012-08-06 06:26:11
1855344,Katharina,False,2019-07-27 17:10:16,2019-07-27 17:10:16
1855964,Benjamin,False,2016-04-29 01:07:16,2016-04-29 01:07:16
1857506,Giuseppe,False,2021-10-24 01:26:55,2021-10-24 01:26:55
1868304,Juliette,False,2021-10-25 20:58:09,2021-10-25 20:58:09
1872413,Ekaterina&Jens,False,2016-05-26 00:06:23,2016-05-26 00:06:23
1875364,Clemens,False,2019-09-04 03:50:57,2019-09-04 03:50:57
1878115,Dax,False,2021-11-14 12:25:37,2021-11-14 12:25:37
1882301,Eva,False,2021-11-05 18:19:32,2021-11-05 18:19:32
1885286,Theresa,True,2019-04-13 22:47:09,2019-04-13 22:47:09
1886199,Sandy,True,2019-07-21 19:03:19,2019-07-21 19:03:19
1888120,Natalie,True,2016-07-31 00:34:24,2016-07-31 00:34:24
1899789,Mieke,False,2014-05-27 14:29:57,2014-05-27 14:29:57
1902589,Alessandra,False,2016-03-17 12:51:40,2016-03-17 12:51:40
1903768,Gregor,True,2012-07-03 22:26:50,2012-07-03 22:26:50
1907484,Marc,False,2012-08-17 16:38:32,2012-08-17 16:38:32
1910903,Tom,False,2013-05-20 04:57:23,2013-05-20 04:57:23
1913160,Angela,False,2018-12-25 14:24:06,2018-12-25 14:24:06
1914346,Angela,True,2015-10-31 22:44:08,2015-10-31 22:44:08
1915791,Andrei,False,2021-11-19 11:52:26,2021-11-19 11:52:26
1920049,Liane,False,2017-09-24 22:24:36,2017-09-24 22:24:36
1927809,Maja,False,2021-11-05 06:14:39,2021-11-05 06:14:39
1928335,Nico,False,2013-09-09 18:59:04,2013-09-09 18:59:04
1929354,Belen,False,2015-08-14 22:17:18,2015-08-14 22:17:18
1933252,Esther,False,2013-04-27 13:50:43,2013-04-27 13:50:43
1935904,Loni,False,2015-03-27 00:30:50,2015-03-27 00:30:50
1937653,Carolina,False,2016-10-24 22:15:42,2016-10-24 22:15:42
1938546,Barbara,False,2015-03-28 00:28:26,2015-03-28 00:28:26
1943469,Carmen,False,2021-11-02 13:08:36,2021-11-02 13:08:36
1964647,Leo,False,2019-12-25 14:18:33,2019-12-25 14:18:33
1966724,Lukas,False,2015-11-17 10:30:56,2015-11-17 10:30:56
1968246,Sabine,False,2012-04-07 17:41:38,2012-04-07 17:41:38
1968432,Stefan,False,2021-04-27 19:12:37,2021-04-27 19:12:37
1974112,Martin,False,2021-01-26 10:16:21,2021-01-26 10:16:21
1974232,Caro,False,2015-04-04 13:42:41,2015-04-04 13:42:41
1974695,Katharina,False,2013-05-08 11:18:07,2013-05-08 11:18:07
1976755,Elena,False,2020-09-02 11:59:03,2020-09-02 11:59:03
1977531,Lu,True,2017-05-20 10:29:01,2017-05-20 10:29:01
1980057,Maria,True,2018-08-21 22:34:20,2018-08-21 22:34:20
1981166,Ilka,False,2012-08-23 16:17:35,2012-08-23 16:17:35
1992886,Lukas,True,2012-04-24 13:37:34,2012-04-24 13:37:34
1993885,Caroline,False,2021-07-17 17:19:45,2021-07-17 17:19:45
1994169,Anaís,False,2012-07-12 12:50:58,2012-07-12 12:50:58
1999307,Igor,True,2018-03-25 21:17:02,2018-03-25 21:17:02
1999892,Doris,False,2014-09-13 23:06:21,2014-09-13 23:06:21
2003254,Alexis,True,2019-07-23 16:21:03,2019-07-23 16:21:03
2003296,Beatrice,False,2018-02-25 18:05:43,2018-02-25 18:05:43
2005818,Elisabeth,False,2020-06-20 11:57:21,2020-06-20 11:57:21
2008587,Nicola,True,2017-01-19 14:35:48,2017-01-19 14:35:48
2010690,Beata,False,2021-11-09 00:16:31,2021-11-09 00:16:31
2011296,Lars,False,2017-05-19 19:10:20,2017-05-19 19:10:20
2012621,Peter & Theresia,False,2021-10-30 23:20:07,2021-10-30 23:20:07
2015311,Valerie,False,2017-12-29 07:31:27,2017-12-29 07:31:27
2017884,Claudia,False,2015-04-20 20:17:49,2015-04-20 20:17:49
2018430,Kemal,False,2014-06-08 13:06:50,2014-06-08 13:06:50
2019165,Pauline,False,2021-10-21 18:32:51,2021-10-21 18:32:51
2020051,Jue,False,2021-10-27 08:30:30,2021-10-27 08:30:30
2026414,Martin,False,2019-03-04 10:43:06,2019-03-04 10:43:06
2028853,Gritta,True,2012-09-12 06:08:28,2012-09-12 06:08:28
2029654,Martin,False,2021-10-30 08:51:22,2021-10-30 08:51:22
2029943,Sunny,False,2015-06-23 22:54:03,2015-06-23 22:54:03
2033403,Anastasia,False,2017-07-19 21:18:09,2017-07-19 21:18:09
2035424,Björn,False,2012-08-01 17:15:54,2012-08-01 17:15:54
2036577,Jana,False,2016-07-14 06:41:21,2016-07-14 06:41:21
2041054,John,True,2015-05-12 07:37:35,2015-05-12 07:37:35
2041077,Angelica,False,2012-10-26 09:58:08,2012-10-26 09:58:08
2041933,Gorun,False,2014-03-11 18:45:32,2014-03-11 18:45:32
2043747,Olga,False,2021-10-22 16:18:17,2021-10-22 16:18:17
2044822,Travis,False,2012-06-10 10:34:02,2012-06-10 10:34:02
2048760,Stefanie,False,2018-06-13 12:21:25,2018-06-13 12:21:25
2050560,Murat,False,2013-10-02 22:21:50,2013-10-02 22:21:50
2054136,Elisabeth,False,2017-09-29 01:47:10,2017-09-29 01:47:10
2054607,Dana,False,2019-05-20 17:35:31,2019-05-20 17:35:31
2057801,Serena,False,2016-04-05 01:10:14,2016-04-05 01:10:14
2065272,Alex Emanuel,False,2019-04-15 09:51:51,2019-04-15 09:51:51
2071457,Leonora,False,2015-05-30 18:31:18,2015-05-30 18:31:18
2076430,Miguel,False,2016-09-02 12:22:10,2016-09-02 12:22:10
2086503,Christian,False,2015-01-01 06:43:00,2015-01-01 06:43:00
2088694,Sarah,False,2014-09-16 07:45:49,2014-09-16 07:45:49
2089041,Tobias,False,2012-05-18 15:51:37,2012-05-18 15:51:37
2094782,Anja,False,2015-08-13 02:48:55,2015-08-13 02:48:55
2098554,Andrea,False,2021-11-07 12:54:17,2021-11-07 12:54:17
2099340,Amanda,False,2019-06-18 16:25:19,2019-06-18 16:25:19
2100173,Nicolai,False,2021-10-23 17:04:05,2021-10-23 17:04:05
2105363,Judy,False,2021-06-27 11:51:09,2021-06-27 11:51:09
2108684,Elena,False,2021-11-05 23:22:48,2021-11-05 23:22:48
2110326,Nina,False,2018-07-13 10:34:59,2018-07-13 10:34:59
2110953,Paulo,True,2017-09-30 10:37:36,2017-09-30 10:37:36
2111481,Andres,False,2021-08-22 14:36:46,2021-08-22 14:36:46
2115002,Hans,True,2012-04-21 14:18:50,2012-04-21 14:18:50
2118401,Dirk,False,2016-01-13 14:29:18,2016-01-13 14:29:18
2118555,Eric,False,2012-05-22 14:06:05,2012-05-22 14:06:05
2119666,Maria,False,2021-09-04 12:46:32,2021-09-04 12:46:32
2124971,Thorben,False,2017-05-16 07:11:45,2017-05-16 07:11:45
2126471,Shai,False,2015-06-06 01:32:19,2015-06-06 01:32:19
2126824,Christina,False,2014-07-08 02:04:33,2014-07-08 02:04:33
2133209,Julie,False,2021-11-07 19:10:24,2021-11-07 19:10:24
2134217,Jan,False,2017-08-02 21:34:02,2017-08-02 21:34:02
2139133,Julian,False,2016-09-21 22:38:31,2016-09-21 22:38:31
2140847,Cannelle,False,2016-06-05 02:45:06,2016-06-05 02:45:06
2141958,Karima,False,2019-09-24 14:10:08,2019-09-24 14:10:08
2158214,Diarmaid,True,2016-07-17 14:21:20,2016-07-17 14:21:20
2159758,Julia,False,2017-12-19 08:47:19,2017-12-19 08:47:19
2170462,Linda And Sebastien,False,2019-07-04 23:06:32,2019-07-04 23:06:32
2176940,Ian,False,2021-11-11 00:00:16,2021-11-11 00:00:16
2178724,Victoria,False,2014-05-12 16:37:36,2014-05-12 16:37:36
2179135,Tina,False,2018-01-30 05:59:37,2018-01-30 05:59:37
2183595,Angel,False,2018-04-18 19:22:01,2018-04-18 19:22:01
2190779,Felix,False,2013-08-26 15:16:57,2013-08-26 15:16:57
2202419,Katrin,True,2012-09-09 06:09:53,2012-09-09 06:09:53
2203114,Chi,False,2017-09-25 08:27:17,2017-09-25 08:27:17
2203358,Gustavo,False,2019-03-27 16:39:29,2019-03-27 16:39:29
2209550,Pola,False,2016-07-02 02:54:13,2016-07-02 02:54:13
2211409,Tatjana,False,2016-07-17 21:18:50,2016-07-17 21:18:50
2213775,Anne,False,2014-10-13 09:04:13,2014-10-13 09:04:13
2214923,Henrik,True,2017-06-25 06:57:36,2017-06-25 06:57:36
2219552,Kerstin,True,2013-03-20 15:01:58,2013-03-20 15:01:58
2226955,Ross,False,2014-07-19 06:12:03,2014-07-19 06:12:03
2228341,Delphine,True,2020-09-07 07:43:16,2020-09-07 07:43:16
2231026,Ingo,False,2021-10-31 21:28:35,2021-10-31 21:28:35
2234446,Mourad,False,2014-07-12 18:44:22,2014-07-12 18:44:22
2245764,Ross,False,2017-08-29 20:37:58,2017-08-29 20:37:58
2246793,Rukshana,False,2016-01-19 07:25:28,2016-01-19 07:25:28
2247027,Jacopo,False,2014-12-23 17:50:23,2014-12-23 17:50:23
2254821,Alexander,False,2018-07-17 08:27:46,2018-07-17 08:27:46
2254959,Tom,True,2020-07-18 17:37:17,2020-07-18 17:37:17
2262593,Christoph,True,2016-08-12 10:19:32,2016-08-12 10:19:32
2264025,Wibke,True,2016-07-21 20:18:55,2016-07-21 20:18:55
2266593,Gudrun,False,2012-05-08 22:37:53,2012-05-08 22:37:53
2271635,Milos,False,2016-06-29 08:44:06,2016-06-29 08:44:06
2271792,Stefan,True,2012-07-29 13:10:53,2012-07-29 13:10:53
2273054,Karlheinz,False,2012-09-04 09:40:02,2012-09-04 09:40:02
2276858,Kathie,False,2021-10-31 20:12:30,2021-10-31 20:12:30
2277423,Antonia,False,2015-03-21 07:09:14,2015-03-21 07:09:14
2283051,Philip,True,2016-08-04 09:37:07,2016-08-04 09:37:07
2289162,Catherine,False,2021-10-29 00:24:36,2021-10-29 00:24:36
2291789,Hannes,False,2021-09-04 19:55:47,2021-09-04 19:55:47
2295395,Klaus,True,2014-06-30 04:43:47,2014-06-30 04:43:47
2295563,Frank,False,2017-08-28 03:00:33,2017-08-28 03:00:33
2299948,Gerte,False,2021-11-12 10:11:23,2021-11-12 10:11:23
2302751,Celina,False,2019-01-11 20:19:59,2019-01-11 20:19:59
2305159,Adam,False,2015-12-26 22:23:59,2015-12-26 22:23:59
2307050,Johannes,False,2017-04-12 02:48:01,2017-04-12 02:48:01
2310258,Birgit,False,2020-09-11 22:41:32,2020-09-11 22:41:32
2313349,Tina,False,2021-11-06 23:40:11,2021-11-06 23:40:11
2313377,Julia,False,2016-10-30 17:22:41,2016-10-30 17:22:41
2314347,Julianna,False,2017-12-21 19:02:27,2017-12-21 19:02:27
2315135,Cornelius,False,2020-01-28 09:43:06,2020-01-28 09:43:06
2315378,Laura,False,2018-02-16 01:59:10,2018-02-16 01:59:10
2319477,Walter,False,2019-09-06 22:23:39,2019-09-06 22:23:39
2323887,Iv,False,2021-11-09 15:19:01,2021-11-09 15:19:01
2327731,Anna,False,2021-10-30 05:23:58,2021-10-30 05:23:58
2331454,Ann,True,2017-07-22 03:39:05,2017-07-22 03:39:05
2331641,Patricia,False,2015-04-13 17:40:09,2015-04-13 17:40:09
2338605,Sabrina,False,2012-06-24 07:27:54,2012-06-24 07:27:54
2342312,Irit,False,2015-11-14 07:35:16,2015-11-14 07:35:16
2344056,Dale,False,2015-05-17 03:39:22,2015-05-17 03:39:22
2346244,Anya,False,2016-09-25 12:02:15,2016-09-25 12:02:15
2346901,Victoria,False,2021-09-11 12:43:39,2021-09-11 12:43:39
2347025,Alex,True,2012-07-07 05:15:17,2012-07-07 05:15:17
2354578,Carola,True,2019-04-03 13:59:07,2019-04-03 13:59:07
2355449,Nadia,True,2017-08-03 07:44:08,2017-08-03 07:44:08
2360599,Christian,False,2020-01-14 07:18:45,2020-01-14 07:18:45
2360669,Atalya,False,2018-05-30 18:49:21,2018-05-30 18:49:21
2366664,Torsten,True,2012-07-28 19:16:17,2012-07-28 19:16:17
2366721,Anna,True,2018-12-23 07:08:59,2018-12-23 07:08:59
2368302,Viktoria,False,2012-06-21 19:37:33,2012-06-21 19:37:33
2368319,Jan,False,2016-09-10 20:17:22,2016-09-10 20:17:22
2371986,Ansgar,False,2018-07-20 18:39:38,2018-07-20 18:39:38
2372987,Luisa,False,2016-02-28 16:47:47,2016-02-28 16:47:47
2376157,Lili,False,2012-07-22 15:33:52,2012-07-22 15:33:52
2378502,Dieter,False,2021-10-28 19:39:08,2021-10-28 19:39:08
2381339,Cyrus,False,2019-09-03 08:59:06,2019-09-03 08:59:06
2388497,Morgan,False,2017-09-14 13:36:35,2017-09-14 13:36:35
2390305,Jutta,True,2015-05-26 23:52:07,2015-05-26 23:52:07
2404600,Jürgen,False,2014-12-19 09:27:19,2014-12-19 09:27:19
2405117,Tanja,False,2017-08-14 06:54:35,2017-08-14 06:54:35
2406372,Alexandra,False,2012-05-18 12:15:01,2012-05-18 12:15:01
2411069,Carl,False,2012-06-07 07:57:31,2012-06-07 07:57:31
2412944,Magdalena,False,2021-11-19 11:23:17,2021-11-19 11:23:17
2414122,Manuel,False,2021-11-15 12:44:22,2021-11-15 12:44:22
2415122,Heinrich,True,2012-06-30 03:55:33,2012-06-30 03:55:33
2418716,Vero,False,2021-07-15 05:40:04,2021-07-15 05:40:04
2423614,Youka,False,2019-12-08 06:59:34,2019-12-08 06:59:34
2423835,Joy,False,2019-04-07 10:25:10,2019-04-07 10:25:10
2425138,Guillaume,False,2017-07-12 13:10:44,2017-07-12 13:10:44
2425543,Boris,False,2017-02-03 11:27:51,2017-02-03 11:27:51
2425660,Carla,False,2021-10-21 05:23:58,2021-10-21 05:23:58
2426083,Jo,False,2014-08-18 23:56:39,2014-08-18 23:56:39
2426735,Salva,False,2015-09-28 12:15:01,2015-09-28 12:15:01
2429694,Veronika,False,2016-05-01 17:25:25,2016-05-01 17:25:25
2431409,Steffen,True,2017-06-22 22:45:06,2017-06-22 22:45:06
2436760,Brigitte,False,2015-10-04 02:00:58,2015-10-04 02:00:58
2437043,Karim,False,2018-07-10 16:31:10,2018-07-10 16:31:10
2437942,Marius,False,2015-10-28 16:56:33,2015-10-28 16:56:33
2441076,Robin,False,2015-12-13 01:25:06,2015-12-13 01:25:06
2444824,Alexander,False,2018-06-30 11:34:01,2018-06-30 11:34:01
2446178,Danni,True,2015-04-12 02:45:51,2015-04-12 02:45:51
2449119,Natalija,False,2021-10-30 23:22:50,2021-10-30 23:22:50
2455803,Jill,False,2019-09-13 02:06:31,2019-09-13 02:06:31
2456935,Belal,False,2015-05-19 01:05:45,2015-05-19 01:05:45
2468015,Reuben And Jekaterina,False,2012-12-28 02:53:07,2012-12-28 02:53:07
2469266,Haggai & Kira,False,2018-07-20 00:03:40,2018-07-20 00:03:40
2470260,Izabela,False,2019-03-03 05:57:30,2019-03-03 05:57:30
2470983,Andreas,False,2020-08-29 06:06:34,2020-08-29 06:06:34
2475800,Nicolas & Anna,False,2013-08-12 13:50:25,2013-08-12 13:50:25
2480274,Marfisa,False,2012-07-04 05:56:01,2012-07-04 05:56:01
2480580,Isabelle,False,2018-09-21 15:37:57,2018-09-21 15:37:57
2482148,Gökçe,False,2020-07-21 12:33:22,2020-07-21 12:33:22
2489651,Judith,False,2018-09-17 08:10:12,2018-09-17 08:10:12
2490335,Annemarie,False,2017-11-12 17:29:57,2017-11-12 17:29:57
2491785,Julia,False,2017-07-21 09:39:07,2017-07-21 09:39:07
2494425,Manuel,True,2012-07-24 05:15:41,2012-07-24 05:15:41
2501428,Frans,False,2015-10-29 11:30:29,2015-10-29 11:30:29
2507776,Georgios,False,2014-12-26 23:32:47,2014-12-26 23:32:47
2509903,Philip,False,2018-03-20 23:22:48,2018-03-20 23:22:48
2512308,Sevda,False,2018-05-19 13:13:32,2018-05-19 13:13:32
2514198,Lukas,False,2021-11-11 13:33:39,2021-11-11 13:33:39
2516274,Kali,False,2021-10-25 01:45:12,2021-10-25 01:45:12
2517631,Miriam,False,2017-03-15 01:15:46,2017-03-15 01:15:46
2524654,Birgit,False,2014-05-13 02:01:18,2014-05-13 02:01:18
2525781,Mona,False,2019-12-06 08:44:53,2019-12-06 08:44:53
2526209,Eleni,False,2021-11-09 01:44:46,2021-11-09 01:44:46
2526430,Kolja,False,2018-06-12 23:40:20,2018-06-12 23:40:20
2526970,Vered,False,2017-07-18 09:11:46,2017-07-18 09:11:46
2536772,Emmanuelle,False,2014-06-14 15:25:59,2014-06-14 15:25:59
2540089,Nathan,False,2021-08-17 21:32:39,2021-08-17 21:32:39
2541012,Nenad,False,2019-05-31 02:47:00,2019-05-31 02:47:00
2541037,Yifat,False,2021-10-25 22:34:02,2021-10-25 22:34:02
2542845,Jovan,False,2015-06-13 02:46:36,2015-06-13 02:46:36
2546072,Fedda,False,2019-11-26 09:19:30,2019-11-26 09:19:30
2547002,Studio A,True,2012-06-18 05:43:57,2012-06-18 05:43:57
2550020,Thomas,False,2020-01-13 06:55:23,2020-01-13 06:55:23
2551573,Raissa+Jonathan,False,2017-03-26 06:49:17,2017-03-26 06:49:17
2551837,Leo,True,2019-03-25 18:33:46,2019-03-25 18:33:46
2552184,Amber,False,2015-05-25 15:40:33,2015-05-25 15:40:33
2554492,Judith & Remi,False,2015-03-26 10:36:46,2015-03-26 10:36:46
2557466,Lida,False,2012-08-28 02:51:58,2012-08-28 02:51:58
2557505,Berglind,False,2015-11-12 07:10:10,2015-11-12 07:10:10
2557656,Tibor,False,2021-11-14 15:31:57,2021-11-14 15:31:57
2558584,Eric,False,2018-05-11 07:10:59,2018-05-11 07:10:59
2560354,Gitti,False,2021-10-29 12:28:12,2021-10-29 12:28:12
2561042,Victoria,False,2016-10-04 12:53:37,2016-10-04 12:53:37
2561273,Anett,False,2012-07-07 04:25:09,2012-07-07 04:25:09
2569632,Catherine,False,2017-06-06 01:34:09,2017-06-06 01:34:09
2570291,Marley,False,2016-05-13 14:36:54,2016-05-13 14:36:54
2571986,Stefan,False,2016-12-14 08:38:57,2016-12-14 08:38:57
2572213,Michael,False,2013-12-16 02:18:33,2013-12-16 02:18:33
2573119,Noemia,False,2021-10-23 13:04:32,2021-10-23 13:04:32
2573238,Ann-Sophie,False,2020-02-07 12:53:12,2020-02-07 12:53:12
2575230,Nora,False,2021-11-05 01:37:19,2021-11-05 01:37:19
2575381,Yen,True,2019-09-23 17:57:33,2019-09-23 17:57:33
2584225,Luke,False,2015-10-20 00:51:58,2015-10-20 00:51:58
2584800,Zeke,False,2016-09-20 15:44:43,2016-09-20 15:44:43
2587389,Angela,True,2018-04-24 05:10:29,2018-04-24 05:10:29
2587611,Klaus,False,2021-11-19 20:20:23,2021-11-19 20:20:23
2587715,Lili,False,2016-08-24 00:05:06,2016-08-24 00:05:06
2590654,Mathieu,False,2021-08-09 14:27:57,2021-08-09 14:27:57
2596064,Jesse,False,2021-10-30 06:56:54,2021-10-30 06:56:54
2596448,Annika,False,2016-10-21 18:54:34,2016-10-21 18:54:34
2599754,Sedat,False,2016-12-10 16:47:21,2016-12-10 16:47:21
2600032,Luke,False,2016-04-09 01:21:39,2016-04-09 01:21:39
2604680,Regina,False,2018-04-24 22:32:30,2018-04-24 22:32:30
2608382,Graziela,False,2019-06-23 15:44:14,2019-06-23 15:44:14
2615605,Maximilian,False,2014-09-10 10:09:46,2014-09-10 10:09:46
2615665,Max,False,2021-10-23 09:45:04,2021-10-23 09:45:04
2617098,Jonathan,False,2021-10-31 03:29:01,2021-10-31 03:29:01
2617508,Ja,False,2015-05-31 21:26:51,2015-05-31 21:26:51
2619552,Edward,False,2012-06-29 09:05:12,2012-06-29 09:05:12
2621923,Frank Norbert,True,2012-07-30 13:18:22,2012-07-30 13:18:22
2625820,Carolina,False,2016-12-18 20:33:46,2016-12-18 20:33:46
2625980,Michael Girolamo,True,2012-09-08 17:00:54,2012-09-08 17:00:54
2626550,Mathis,False,2015-07-30 23:37:40,2015-07-30 23:37:40
2627000,Thomas,True,2013-03-24 01:52:49,2013-03-24 01:52:49
2639100,Jasmin,False,2019-08-02 13:07:27,2019-08-02 13:07:27
2647215,Ron & Caro,False,2017-08-11 17:35:53,2017-08-11 17:35:53
2647295,Monika,False,2018-12-14 01:14:54,2018-12-14 01:14:54
2654327,Yael,True,2017-03-31 23:59:21,2017-03-31 23:59:21
2660871,Tenis,False,2021-10-24 02:58:20,2021-10-24 02:58:20
2661815,Méli+Gina,False,2021-11-10 18:49:59,2021-11-10 18:49:59
2662493,Silke,True,2012-07-07 08:35:12,2012-07-07 08:35:12
2665400,Daria,False,2019-09-02 15:25:31,2019-09-02 15:25:31
2670030,Keko,False,2015-08-07 01:50:17,2015-08-07 01:50:17
2677541,Dimitri,False,2013-05-26 22:53:09,2013-05-26 22:53:09
2679993,Oliver,True,2013-08-26 13:46:31,2013-08-26 13:46:31
2683134,Tim,False,2017-05-26 15:40:19,2017-05-26 15:40:19
2685171,Özgür,False,2021-11-17 19:49:23,2021-11-17 19:49:23
2690936,Britt,True,2012-08-04 02:36:51,2012-08-04 02:36:51
2692154,Dario Jérôme,False,2019-07-03 13:40:20,2019-07-03 13:40:20
2692472,Ιάσων,False,2021-11-16 13:16:29,2021-11-16 13:16:29
2701180,Sandrine,False,2012-07-31 01:34:56,2012-07-31 01:34:56
2709580,Rita,True,2012-07-15 03:02:54,2012-07-15 03:02:54
2711211,Matthias,False,2017-03-10 15:28:31,2017-03-10 15:28:31
2714039,Ksenia,False,2020-09-17 22:29:28,2020-09-17 22:29:28
2722559,Đức Anh,False,2019-01-26 00:40:24,2019-01-26 00:40:24
2728112,Janine,False,2020-07-12 02:06:51,2020-07-12 02:06:51
2735954,Susanne,False,2018-01-27 14:59:44,2018-01-27 14:59:44
2736624,Ian,False,2021-10-22 20:48:01,2021-10-22 20:48:01
2740485,Celine & Jeremy,False,2013-11-04 03:20:30,2013-11-04 03:20:30
2744915,Stephan,False,2017-09-13 22:42:47,2017-09-13 22:42:47
2746801,Carolin,False,2012-08-08 18:50:15,2012-08-08 18:50:15
2746838,René,False,2018-10-18 10:25:56,2018-10-18 10:25:56
2750131,Adeline,False,2015-11-02 03:27:31,2015-11-02 03:27:31
2751717,Daniel,False,2015-12-25 23:08:54,2015-12-25 23:08:54
2751981,Irmelin,False,2018-09-27 22:15:23,2018-09-27 22:15:23
2756126,Bastian,False,2013-05-08 02:55:07,2013-05-08 02:55:07
2756174,Elina,False,2021-07-27 01:23:48,2021-07-27 01:23:48
2757398,Holger,False,2017-11-11 02:46:17,2017-11-11 02:46:17
2757738,Chris,True,2021-07-11 06:30:29,2021-07-11 06:30:29
2767667,Elena,False,2015-11-10 10:52:03,2015-11-10 10:52:03
2769139,Saliha,True,2012-07-21 10:37:34,2012-07-21 10:37:34
2778480,Bacary,False,2018-07-30 07:49:27,2018-07-30 07:49:27
2780635,Sofia,False,2019-06-13 02:26:38,2019-06-13 02:26:38
2780705,Raffaella,False,2018-06-24 18:53:11,2018-06-24 18:53:11
2782144,Kurt,False,2018-10-31 05:04:24,2018-10-31 05:04:24
2787240,Sabrina,False,2020-08-12 06:32:26,2020-08-12 06:32:26
2788076,Thomas,True,2013-07-17 05:56:54,2013-07-17 05:56:54
2796030,Ursula,False,2012-07-16 19:15:57,2012-07-16 19:15:57
2805604,Gerd,False,2012-12-22 14:16:01,2012-12-22 14:16:01
2806304,Lara,True,2017-04-20 22:18:44,2017-04-20 22:18:44
2810411,Lutz,False,2012-07-30 21:16:09,2012-07-30 21:16:09
2820919,Michael,False,2015-12-14 19:56:22,2015-12-14 19:56:22
2835392,Kasia,False,2018-04-07 06:35:32,2018-04-07 06:35:32
2837298,Daniel,False,2014-02-25 00:30:56,2014-02-25 00:30:56
2837924,Pia Malina Und Stefan,True,2016-07-08 21:30:56,2016-07-08 21:30:56
2844876,Juliette,False,2021-08-17 09:39:38,2021-08-17 09:39:38
2847303,Andrew,False,2012-11-05 04:37:29,2012-11-05 04:37:29
2854667,Mike,False,2018-01-13 05:47:46,2018-01-13 05:47:46
2856251,Milo,False,2016-07-18 01:57:31,2016-07-18 01:57:31
2856283,Jarek,False,2021-11-08 14:45:56,2021-11-08 14:45:56
2857353,Anna,False,2012-10-07 10:04:50,2012-10-07 10:04:50
2865743,Britta,False,2012-10-14 03:28:12,2012-10-14 03:28:12
2866107,Franz,True,2017-08-30 06:31:34,2017-08-30 06:31:34
2875389,Eileen,False,2021-10-09 03:07:04,2021-10-09 03:07:04
2877505,Carola,False,2014-03-06 05:58:22,2014-03-06 05:58:22
2877982,Christian,False,2021-11-18 14:06:11,2021-11-18 14:06:11
2879806,Ilyn,False,2018-03-29 10:49:59,2018-03-29 10:49:59
2881484,Daniel,False,2012-08-02 23:58:30,2012-08-02 23:58:30
2883039,Timothy,False,2020-03-04 14:53:49,2020-03-04 14:53:49
2887988,Johanna,False,2016-09-21 17:52:18,2016-09-21 17:52:18
2889960,Janine,False,2018-01-14 02:02:56,2018-01-14 02:02:56
2893541,Benjamin,False,2015-09-02 21:31:42,2015-09-02 21:31:42
2895415,Gunnar,True,2018-05-16 10:10:43,2018-05-16 10:10:43
2897084,Andy Andrea,False,2016-08-19 04:31:09,2016-08-19 04:31:09
2899699,Friederike,False,2016-04-19 07:22:14,2016-04-19 07:22:14
2899753,Argy,False,2018-05-20 00:26:24,2018-05-20 00:26:24
2900624,Leo,True,2012-07-13 01:22:03,2012-07-13 01:22:03
2901026,David,False,2021-11-10 16:28:05,2021-11-10 16:28:05
2904275,Antonio,True,2019-08-09 01:19:48,2019-08-09 01:19:48
2908020,Max,True,2018-06-18 04:08:03,2018-06-18 04:08:03
2912028,Stuart,False,2021-11-13 17:06:50,2021-11-13 17:06:50
2912549,Cerine,False,2021-11-11 16:50:32,2021-11-11 16:50:32
2913887,Christoph,False,2014-07-27 02:42:46,2014-07-27 02:42:46
2922816,Linda,False,2012-08-02 22:49:38,2012-08-02 22:49:38
2930826,Monica,False,2021-10-26 02:09:24,2021-10-26 02:09:24
2931691,Saba,True,2017-10-14 09:19:04,2017-10-14 09:19:04
2933545,Henry,False,2020-03-04 09:26:53,2020-03-04 09:26:53
2933986,Ariane,False,2016-04-21 08:03:02,2016-04-21 08:03:02
2934825,Camille,False,2012-08-30 18:26:48,2012-08-30 18:26:48
2936760,Annika,False,2019-09-06 11:04:25,2019-09-06 11:04:25
2939757,Sophie,False,2014-04-17 05:27:15,2014-04-17 05:27:15
2952669,Hannah,False,2021-11-15 17:39:53,2021-11-15 17:39:53
2953733,Semra,False,2012-09-25 22:28:09,2012-09-25 22:28:09
2954530,Silvia,False,2021-07-29 16:30:30,2021-07-29 16:30:30
2955144,Jacob,True,2020-01-07 16:15:23,2020-01-07 16:15:23
2958863,Xenios,False,2012-08-20 04:46:14,2012-08-20 04:46:14
2966176,Florian,False,2021-10-08 18:17:05,2021-10-08 18:17:05
2966834,Begum,False,2015-06-10 08:37:51,2015-06-10 08:37:51
2968551,Friederike,False,2013-02-02 15:23:05,2013-02-02 15:23:05
2970075,Dimitrios,True,2020-02-25 03:31:28,2020-02-25 03:31:28
2970698,Claudio,True,2019-05-16 17:34:41,2019-05-16 17:34:41
2974298,Jason,False,2016-09-16 17:36:37,2016-09-16 17:36:37
2976480,Nick,False,2017-04-13 15:04:33,2017-04-13 15:04:33
2986376,Nicholas,False,2016-08-31 13:10:00,2016-08-31 13:10:00
2987057,Johanna,False,2017-11-01 11:08:20,2017-11-01 11:08:20
3003519,Simon,True,2016-11-27 16:49:09,2016-11-27 16:49:09
3006939,Yves,False,2012-07-30 08:51:39,2012-07-30 08:51:39
3007549,Gianfranco,False,2017-07-30 22:24:19,2017-07-30 22:24:19
3008969,Thomas,False,2021-07-21 20:47:09,2021-07-21 20:47:09
3010286,Florian,False,2019-08-06 06:11:32,2019-08-06 06:11:32
3010412,New,False,2021-11-11 03:51:24,2021-11-11 03:51:24
3011430,Anna,False,2016-10-24 00:05:10,2016-10-24 00:05:10
3012998,Daniel,False,2015-08-19 17:43:55,2015-08-19 17:43:55
3015982,Alena,False,2017-07-12 17:50:15,2017-07-12 17:50:15
3017491,Miranda,False,2021-10-27 13:04:11,2021-10-27 13:04:11
3021056,Katharina,False,2021-11-07 18:42:40,2021-11-07 18:42:40
3021382,Anna,False,2021-10-29 12:02:56,2021-10-29 12:02:56
3031275,Sarah,False,2015-05-22 16:38:27,2015-05-22 16:38:27
3035951,Jun,True,2015-09-27 12:53:08,2015-09-27 12:53:08
3037322,Lena,False,2014-10-13 14:55:52,2014-10-13 14:55:52
3039411,Sofiane,False,2021-08-10 03:20:35,2021-08-10 03:20:35
3044047,Anton,True,2015-05-11 22:27:09,2015-05-11 22:27:09
3046997,Sue,False,2015-07-25 21:28:50,2015-07-25 21:28:50
3049584,Martin,False,2012-08-12 15:11:23,2012-08-12 15:11:23
3051026,Jurriaan,True,2013-05-03 21:49:38,2013-05-03 21:49:38
3062473,Robin,False,2012-02-23 05:15:45,2012-02-23 05:15:45
3064453,Isabel,False,2017-07-28 06:24:51,2017-07-28 06:24:51
3073100,Astrid,True,2017-01-04 09:40:23,2017-01-04 09:40:23
3074797,Aini,False,2015-06-18 11:53:05,2015-06-18 11:53:05
3075994,Simone,False,2017-07-06 02:37:03,2017-07-06 02:37:03
3077149,Itai,True,2017-06-04 23:18:44,2017-06-04 23:18:44
3079136,Eli,True,2021-04-24 18:38:59,2021-04-24 18:38:59
3079525,Sandra,False,2017-10-26 08:28:22,2017-10-26 08:28:22
3087613,Lisa Und Toni,False,2017-08-22 08:04:35,2017-08-22 08:04:35
3088389,Kai,True,2012-11-19 00:16:16,2012-11-19 00:16:16
3088623,Jan Michael,False,2014-12-21 10:37:54,2014-12-21 10:37:54
3090292,Sebastian,False,2013-09-12 21:10:08,2013-09-12 21:10:08
3092651,Karin,False,2017-03-22 19:55:11,2017-03-22 19:55:11
3095114,Moss,False,2018-07-13 02:23:31,2018-07-13 02:23:31
3100851,Stephan,False,2020-10-03 19:41:44,2020-10-03 19:41:44
3110374,Tilo,False,2020-09-04 17:26:56,2020-09-04 17:26:56
3122437,Philip,False,2014-07-08 16:49:27,2014-07-08 16:49:27
3122986,Riccardo,True,2016-01-29 11:04:30,2016-01-29 11:04:30
3123713,Erbil,False,2016-06-28 07:18:32,2016-06-28 07:18:32
3124221,Fabio,False,2018-08-21 18:05:22,2018-08-21 18:05:22
3125903,Alex,False,2017-01-05 18:02:37,2017-01-05 18:02:37
3136187,Vera,False,2015-09-07 00:09:51,2015-09-07 00:09:51
3143953,Katinka,False,2015-06-15 08:49:19,2015-06-15 08:49:19
3143983,Steffen,False,2018-03-27 17:14:50,2018-03-27 17:14:50
3144062,Albe,True,2019-05-03 01:57:52,2019-05-03 01:57:52
3150448,Clayton & Jackie,False,2021-10-30 23:14:41,2021-10-30 23:14:41
3153767,Elly,False,2012-09-09 12:37:24,2012-09-09 12:37:24
3157554,Julien,False,2017-09-02 05:52:46,2017-09-02 05:52:46
3162574,Max,False,2018-06-09 22:51:43,2018-06-09 22:51:43
3165994,La Vern,False,2016-11-11 00:01:57,2016-11-11 00:01:57
3167638,Elena,False,2013-05-26 22:15:00,2013-05-26 22:15:00
3167923,Jobina,False,2015-11-30 16:27:40,2015-11-30 16:27:40
3169962,Lucy,True,2017-07-03 17:04:18,2017-07-03 17:04:18
3171163,Roi,True,2013-07-01 14:41:52,2013-07-01 14:41:52
3172289,Sarah-Leith,True,2019-02-19 10:27:06,2019-02-19 10:27:06
3176824,Chris,False,2014-10-22 20:47:55,2014-10-22 20:47:55
3177278,Fai,True,2014-07-21 20:07:44,2014-07-21 20:07:44
3181674,Britt,False,2014-08-20 04:05:17,2014-08-20 04:05:17
3182096,Marco,False,2021-11-17 11:17:50,2021-11-17 11:17:50
3183173,Gabi,True,2018-12-06 03:40:50,2018-12-06 03:40:50
3183826,Anton,True,2012-08-16 10:22:40,2012-08-16 10:22:40
3183839,Bodo,False,2018-02-11 18:57:24,2018-02-11 18:57:24
3183843,Nicolay,False,2018-09-30 16:15:31,2018-09-30 16:15:31
3183847,Silvia Magdalena,False,2016-10-16 01:05:52,2016-10-16 01:05:52
3185055,Antonio,False,2014-08-23 17:15:46,2014-08-23 17:15:46
3186901,Scott,False,2019-04-09 21:02:46,2019-04-09 21:02:46
3188892,Christian,True,2018-07-01 15:18:40,2018-07-01 15:18:40
3189649,Marcus,False,2017-01-01 09:44:53,2017-01-01 09:44:53
3193109,Dima,False,2018-08-28 16:09:13,2018-08-28 16:09:13
3193951,Martin,False,2015-04-03 05:52:22,2015-04-03 05:52:22
3194147,Penélope,False,2015-04-13 20:57:44,2015-04-13 20:57:44
3194985,Nicole,False,2014-05-03 18:59:43,2014-05-03 18:59:43
3196464,Niovi,False,2021-07-27 04:30:40,2021-07-27 04:30:40
3197075,Alejandra,False,2015-09-11 19:45:18,2015-09-11 19:45:18
3198902,Tom,False,2016-03-06 01:38:50,2016-03-06 01:38:50
3205578,Charlotte,False,2017-02-05 04:13:33,2017-02-05 04:13:33
3208719,Reshef,False,2021-11-18 22:26:42,2021-11-18 22:26:42
3210248,Kim,False,2021-11-03 13:59:38,2021-11-03 13:59:38
3213777,Kristin,False,2019-06-23 09:20:55,2019-06-23 09:20:55
3214630,Maddalena,True,2012-08-24 06:33:46,2012-08-24 06:33:46
3217317,Sarah,False,2017-04-03 20:49:34,2017-04-03 20:49:34
3224742,Franziska,False,2017-07-19 17:29:52,2017-07-19 17:29:52
3235211,Annette,False,2014-07-06 23:31:46,2014-07-06 23:31:46
3236188,Helene,False,2015-12-25 08:45:51,2015-12-25 08:45:51
3239972,Enrique,False,2017-06-16 18:16:37,2017-06-16 18:16:37
3243508,Xavi,True,2021-09-24 23:11:39,2021-09-24 23:11:39
3245659,Jan-Philipp,False,2015-09-18 16:58:05,2015-09-18 16:58:05
3248348,Mariya,False,2021-11-15 11:44:54,2021-11-15 11:44:54
3249789,Tom,False,2012-10-21 16:33:52,2012-10-21 16:33:52
3251690,Candice,False,2014-08-17 02:21:54,2014-08-17 02:21:54
3253668,Annika,False,2015-08-27 14:04:00,2015-08-27 14:04:00
3256022,Tarabay,False,2014-04-20 21:33:58,2014-04-20 21:33:58
3259989,Gili,True,2012-09-29 08:10:27,2012-09-29 08:10:27
3261444,Onan,False,2016-06-02 20:50:41,2016-06-02 20:50:41
3263484,Nitin,False,2017-10-06 17:39:54,2017-10-06 17:39:54
3268804,Courtney,False,2021-11-19 15:50:37,2021-11-19 15:50:37
3272181,Stefan,False,2017-11-12 08:48:26,2017-11-12 08:48:26
3274889,Tally,False,2015-07-16 14:37:43,2015-07-16 14:37:43
3275410,Charly,False,2016-10-28 13:10:01,2016-10-28 13:10:01
3279220,Enzo,False,2021-10-21 20:19:15,2021-10-21 20:19:15
3279823,Ayelén,False,2015-01-01 03:45:54,2015-01-01 03:45:54
3280513,Caroline,False,2021-11-01 06:33:00,2021-11-01 06:33:00
3281586,Mari & Jonas,False,2018-01-16 13:52:24,2018-01-16 13:52:24
3282971,Sarah,False,2021-11-16 02:31:26,2021-11-16 02:31:26
3283542,Yarin,False,2021-11-16 17:59:08,2021-11-16 17:59:08
3287639,Simone,True,2012-09-15 07:35:03,2012-09-15 07:35:03
3297372,Andrea,False,2015-12-17 08:04:43,2015-12-17 08:04:43
3297420,Jean-Daniel,False,2016-03-16 05:25:20,2016-03-16 05:25:20
3301626,Daphna,False,2021-10-30 22:21:25,2021-10-30 22:21:25
3305339,John,False,2014-08-08 16:53:03,2014-08-08 16:53:03
3307166,Elisa,False,2018-09-07 00:01:59,2018-09-07 00:01:59
3313392,Nadja,False,2017-08-10 23:34:11,2017-08-10 23:34:11
3314892,Juale,False,2020-01-17 07:30:20,2020-01-17 07:30:20
3315203,Luisa,False,2015-11-23 12:43:06,2015-11-23 12:43:06
3316798,Elen,True,2013-05-03 05:38:58,2013-05-03 05:38:58
3329707,Susan,False,2015-01-02 17:21:23,2015-01-02 17:21:23
3330715,Katja,False,2021-04-15 19:33:25,2021-04-15 19:33:25
3331993,Sebastian,False,2014-12-31 06:27:35,2014-12-31 06:27:35
3332580,Demiris,False,2021-07-26 09:56:50,2021-07-26 09:56:50
3337306,Loretta,True,2014-08-07 11:45:52,2014-08-07 11:45:52
3337636,Julie,False,2015-08-21 13:12:35,2015-08-21 13:12:35
3338657,Waltraud,False,2021-11-07 07:26:23,2021-11-07 07:26:23
3338724,Valerie,False,2020-10-15 04:26:41,2020-10-15 04:26:41
3340090,Marcel,False,2012-09-05 22:43:56,2012-09-05 22:43:56
3342144,Jenny,False,2014-12-27 15:32:30,2014-12-27 15:32:30
3343010,Alexander,False,2018-10-29 02:15:31,2018-10-29 02:15:31
3343439,Jule,False,2019-12-10 12:06:39,2019-12-10 12:06:39
3347060,Cora,True,2018-09-02 19:47:12,2018-09-02 19:47:12
3358638,Melissa,False,2015-05-08 23:25:41,2015-05-08 23:25:41
3361808,Tom,False,2016-06-04 04:08:59,2016-06-04 04:08:59
3368292,Luke,False,2016-04-07 10:55:20,2016-04-07 10:55:20
3370516,Vincent,False,2021-11-10 01:26:59,2021-11-10 01:26:59
3374056,Jorge,False,2015-12-23 22:40:53,2015-12-23 22:40:53
3379392,Anatol,False,2013-09-01 10:11:19,2013-09-01 10:11:19
3380454,Fieber,False,2018-08-20 03:32:21,2018-08-20 03:32:21
3380463,Romy,False,2017-04-22 07:28:40,2017-04-22 07:28:40
3383495,Nina,False,2021-11-11 10:36:55,2021-11-11 10:36:55
3386222,Daniel,True,2012-09-19 19:23:34,2012-09-19 19:23:34
3387637,Joseph,False,2019-01-31 05:15:19,2019-01-31 05:15:19
3389350,Martyna,False,2017-09-01 08:00:43,2017-09-01 08:00:43
3392443,Timo,False,2020-01-15 05:27:33,2020-01-15 05:27:33
3393070,Lisa,False,2021-07-22 17:21:27,2021-07-22 17:21:27
3397912,Yannis,False,2021-07-25 04:20:10,2021-07-25 04:20:10
3400116,Sarah,False,2016-01-02 21:40:48,2016-01-02 21:40:48
3400768,Graciela,False,2017-01-29 23:35:01,2017-01-29 23:35:01
3407550,Christine,False,2014-10-03 01:41:00,2014-10-03 01:41:00
3408661,Amelie,False,2019-12-11 14:00:35,2019-12-11 14:00:35
3408797,Sarah,False,2019-06-11 18:57:22,2019-06-11 18:57:22
3410090,Franziska,False,2015-08-12 00:24:45,2015-08-12 00:24:45
3410903,Theodor,False,2021-11-19 09:39:47,2021-11-19 09:39:47
3416357,Billy,False,2017-01-21 21:46:57,2017-01-21 21:46:57
3419526,Armin,False,2014-05-13 20:07:21,2014-05-13 20:07:21
3423602,Philipp,False,2014-08-06 20:03:15,2014-08-06 20:03:15
3425735,Nadine,False,2019-05-17 11:20:45,2019-05-17 11:20:45
3427881,Mary,False,2021-09-14 10:55:59,2021-09-14 10:55:59
3428669,André Yves,True,2016-09-21 20:50:30,2016-09-21 20:50:30
3430742,Renata,False,2018-11-22 04:34:50,2018-11-22 04:34:50
3431730,Martyn,False,2013-06-15 23:18:35,2013-06-15 23:18:35
3432145,Moritz,False,2021-11-18 15:15:45,2021-11-18 15:15:45
3435277,Adam,False,2021-11-07 19:10:14,2021-11-07 19:10:14
3438248,Franziska,False,2021-08-19 12:52:56,2021-08-19 12:52:56
3438385,Sören,False,2016-03-20 05:20:27,2016-03-20 05:20:27
3446458,Chris And Su,True,2018-06-14 07:54:37,2018-06-14 07:54:37
3447815,Lisa,False,2018-09-27 21:21:56,2018-09-27 21:21:56
3450346,Alicia Carine,False,2018-09-04 21:00:04,2018-09-04 21:00:04
3455390,Peter And Denis,False,2019-08-27 14:01:09,2019-08-27 14:01:09
3455613,Anna,False,2019-06-26 08:20:25,2019-06-26 08:20:25
3459605,Monika,False,2021-07-07 18:43:44,2021-07-07 18:43:44
3460831,Virginie,False,2013-12-18 06:59:50,2013-12-18 06:59:50
3462166,Lily,False,2021-09-02 12:29:14,2021-09-02 12:29:14
3465079,Julia,True,2014-05-19 19:32:26,2014-05-19 19:32:26
3465962,Tina,False,2012-12-22 11:10:59,2012-12-22 11:10:59
3466142,Noana,False,2018-06-29 11:41:15,2018-06-29 11:41:15
3467767,Magna,False,2014-10-01 12:50:13,2014-10-01 12:50:13
3468407,Claudia,False,2014-09-08 01:51:39,2014-09-08 01:51:39
3470183,Anja,False,2021-11-08 23:03:40,2021-11-08 23:03:40
3473583,Fatoş,False,2019-12-24 20:02:43,2019-12-24 20:02:43
3474208,Anton,False,2014-05-28 02:47:05,2014-05-28 02:47:05
3477447,Caroline,False,2018-05-23 19:51:43,2018-05-23 19:51:43
3478314,Lisa,False,2014-06-23 13:48:17,2014-06-23 13:48:17
3482823,Julia,False,2014-12-31 07:42:46,2014-12-31 07:42:46
3489446,Diana,False,2018-05-09 03:57:56,2018-05-09 03:57:56
3491162,Rahul,False,2017-07-29 22:42:27,2017-07-29 22:42:27
3492270,Dorota,False,2016-04-05 10:26:57,2016-04-05 10:26:57
3498457,Danny,False,2020-10-21 23:11:24,2020-10-21 23:11:24
3506371,Göksu,False,2016-06-22 12:44:42,2016-06-22 12:44:42
3506494,Adi,False,2015-03-29 15:09:12,2015-03-29 15:09:12
3509262,Kemal,False,2014-06-24 12:18:52,2014-06-24 12:18:52
3509616,Nicole,False,2017-07-03 16:02:36,2017-07-03 16:02:36
3510582,Maja,False,2021-11-05 12:55:30,2021-11-05 12:55:30
3513201,Jasmine,False,2021-10-29 10:11:06,2021-10-29 10:11:06
3515291,Sebastian,False,2021-10-29 15:27:27,2021-10-29 15:27:27
3524996,Marc,True,2018-07-31 09:35:03,2018-07-31 09:35:03
3529390,Mara,False,2016-12-30 04:00:28,2016-12-30 04:00:28
3533659,Aurélia,False,2015-09-12 13:21:32,2015-09-12 13:21:32
3540257,Liviana,False,2013-03-01 15:12:48,2013-03-01 15:12:48
3544976,Svenja,False,2015-11-07 19:36:04,2015-11-07 19:36:04
3545144,Maria-Elisabeth,False,2018-08-13 19:47:44,2018-08-13 19:47:44
3548424,Umberto,True,2020-12-27 09:32:52,2020-12-27 09:32:52
3550939,Lumi,False,2018-05-17 04:35:08,2018-05-17 04:35:08
3551507,Jörn,False,2021-11-06 16:09:47,2021-11-06 16:09:47
3553386,Natasha,False,2021-10-30 09:24:22,2021-10-30 09:24:22
3556172,Johanna,False,2020-08-27 02:51:56,2020-08-27 02:51:56
3556191,Kalinka,False,2019-03-19 06:18:22,2019-03-19 06:18:22
3556585,Michael & Eva,False,2012-09-10 13:37:12,2012-09-10 13:37:12
3557528,Annalena,False,2019-06-01 03:00:32,2019-06-01 03:00:32
3560164,Ibrahim,False,2016-06-24 17:02:00,2016-06-24 17:02:00
3563359,Ruben,False,2021-11-01 15:04:51,2021-11-01 15:04:51
3565185,Roumiana,False,2013-03-24 06:53:54,2013-03-24 06:53:54
3565526,Joanna,False,2018-04-02 02:57:07,2018-04-02 02:57:07
3565727,Eric,False,2017-03-05 02:49:03,2017-03-05 02:49:03
3565918,Bettina,False,2021-10-24 11:02:37,2021-10-24 11:02:37
3566045,Judith,False,2013-07-01 23:31:02,2013-07-01 23:31:02
3570201,Kamila,False,2018-02-11 15:05:46,2018-02-11 15:05:46
3574455,Juliana,False,2016-01-04 21:04:42,2016-01-04 21:04:42
3574674,Sebastian,False,2021-11-09 22:23:55,2021-11-09 22:23:55
3574758,Alessandra,False,2016-06-16 14:30:59,2016-06-16 14:30:59
3583682,Nadine,True,2019-08-31 13:09:36,2019-08-31 13:09:36
3585183,Juliane,False,2013-03-13 14:36:12,2013-03-13 14:36:12
3585384,Marietta,False,2018-06-16 02:24:42,2018-06-16 02:24:42
3586250,Florence,True,2018-10-22 23:27:38,2018-10-22 23:27:38
3594029,Ulli,False,2017-04-12 05:30:31,2017-04-12 05:30:31
3594556,Paul,False,2015-04-28 13:48:54,2015-04-28 13:48:54
3595382,Vincent,False,2012-10-17 20:07:49,2012-10-17 20:07:49
3596753,Samantha,False,2017-03-04 09:55:52,2017-03-04 09:55:52
3599036,Anna,False,2021-11-08 06:36:31,2021-11-08 06:36:31
3602742,Lorant,False,2014-04-21 18:17:40,2014-04-21 18:17:40
3604330,Rebecca,False,2021-10-01 01:46:16,2021-10-01 01:46:16
3605862,Fokko,False,2017-07-01 07:09:57,2017-07-01 07:09:57
3608594,Guillaume,False,2015-09-07 16:02:20,2015-09-07 16:02:20
3610884,Martina,False,2020-01-20 13:30:24,2020-01-20 13:30:24
3611755,Natasha,False,2012-10-26 21:10:11,2012-10-26 21:10:11
3613340,Alban,False,2017-08-29 06:58:12,2017-08-29 06:58:12
3613411,Simone,False,2021-09-12 15:30:03,2021-09-12 15:30:03
3613810,Roland,False,2018-10-12 11:38:03,2018-10-12 11:38:03
3614003,France,False,2012-10-07 21:11:39,2012-10-07 21:11:39
3614519,Abi,True,2015-11-18 23:24:22,2015-11-18 23:24:22
3614852,Sharon,False,2012-09-23 01:13:39,2012-09-23 01:13:39
3617435,René,True,2019-09-30 20:45:24,2019-09-30 20:45:24
3620643,Nina,False,2021-10-22 10:04:51,2021-10-22 10:04:51
3621802,Ruchi,True,2019-07-17 18:04:44,2019-07-17 18:04:44
3622827,David,True,2015-06-23 20:23:11,2015-06-23 20:23:11
3629279,Maycon & Christian,True,2014-02-28 23:57:03,2014-02-28 23:57:03
3632455,Rüdiger,False,2015-07-26 06:42:39,2015-07-26 06:42:39
3634179,Line,False,2017-06-08 04:12:40,2017-06-08 04:12:40
3639736,Jana,False,2019-07-25 02:18:49,2019-07-25 02:18:49
3640387,Assaf,False,2018-12-17 17:53:22,2018-12-17 17:53:22
3641396,Nadine Maria,False,2019-06-04 20:27:20,2019-06-04 20:27:20
3641880,Agnes,False,2019-12-15 05:18:19,2019-12-15 05:18:19
3644758,Manuela,False,2013-08-16 19:07:27,2013-08-16 19:07:27
3647391,,,2014-08-04 22:05:50,2014-08-04 22:05:50
3647486,Ken,False,2017-05-20 01:14:53,2017-05-20 01:14:53
3650126,Jill,False,2016-05-26 10:10:44,2016-05-26 10:10:44
3654652,Carina,False,2018-01-10 14:40:43,2018-01-10 14:40:43
3657022,Franziska,False,2021-11-08 00:16:06,2021-11-08 00:16:06
3657627,Irina,False,2012-09-27 08:29:32,2012-09-27 08:29:32
3657833,Anna,False,2017-05-28 05:16:00,2017-05-28 05:16:00
3657914,Frank,False,2018-04-05 20:30:34,2018-04-05 20:30:34
3659182,Inbal,False,2015-12-25 12:44:28,2015-12-25 12:44:28
3667840,Magdalena,False,2021-11-17 22:50:43,2021-11-17 22:50:43
3669572,Anna,False,2021-11-16 10:07:20,2021-11-16 10:07:20
3670326,Irene,False,2014-09-28 00:53:34,2014-09-28 00:53:34
3672535,Ricky,True,2013-11-11 17:51:15,2013-11-11 17:51:15
3678837,Oksana Und Mihail,False,2013-07-14 07:31:09,2013-07-14 07:31:09
3681108,Matthias,False,2015-08-25 17:39:04,2015-08-25 17:39:04
3688179,April,False,2014-07-09 02:19:31,2014-07-09 02:19:31
3688425,Michal,False,2019-04-12 17:50:46,2019-04-12 17:50:46
3692158,Tomer,False,2021-07-11 09:17:51,2021-07-11 09:17:51
3694989,Helle,False,2018-03-27 20:09:03,2018-03-27 20:09:03
3699503,Andrea,True,2014-09-15 13:56:07,2014-09-15 13:56:07
3702482,Jakob,False,2021-11-06 07:46:27,2021-11-06 07:46:27
3706401,Jann,False,2018-07-13 13:21:13,2018-07-13 13:21:13
3706957,Wolfram,False,2017-07-20 22:44:37,2017-07-20 22:44:37
3707004,Michelle,False,2017-10-14 13:52:44,2017-10-14 13:52:44
3709344,Carlos WingYat,False,2015-10-12 10:44:46,2015-10-12 10:44:46
3713976,Alia,False,2017-01-09 06:32:16,2017-01-09 06:32:16
3725219,Eva,False,2020-02-25 14:05:56,2020-02-25 14:05:56
3727631,Marie-Idrissa,False,2021-07-10 05:43:05,2021-07-10 05:43:05
3727688,Anna,False,2016-05-13 01:42:44,2016-05-13 01:42:44
3743292,Marcelo,False,2021-11-18 19:10:07,2021-11-18 19:10:07
3743664,Steve Und Vivienne,False,2014-02-20 00:17:01,2014-02-20 00:17:01
3744054,Sasa,False,2015-08-08 03:07:03,2015-08-08 03:07:03
3745036,Larissa,False,2021-07-11 20:43:00,2021-07-11 20:43:00
3746700,Anne,False,2017-05-20 18:53:15,2017-05-20 18:53:15
3753844,Josephien,False,2014-12-24 23:52:03,2014-12-24 23:52:03
3755786,Sibylle,False,2016-09-21 09:33:13,2016-09-21 09:33:13
3759838,Katja,False,2020-08-12 07:20:41,2020-08-12 07:20:41
3760064,Sebrina,False,2017-03-18 20:08:00,2017-03-18 20:08:00
3764307,Alexa,False,2019-12-29 16:11:07,2019-12-29 16:11:07
3776656,Florian,False,2021-11-19 06:45:18,2021-11-19 06:45:18
3777535,Bernd,False,2017-12-25 08:02:02,2017-12-25 08:02:02
3779223,Robert,False,2020-06-13 16:28:10,2020-06-13 16:28:10
3782402,Mare,False,2016-03-03 11:43:27,2016-03-03 11:43:27
3783747,Flaminia,True,2012-07-30 04:35:12,2012-07-30 04:35:12
3785472,Karsten,False,2012-11-12 21:16:36,2012-11-12 21:16:36
3786239,Boryana,False,2018-04-01 16:07:26,2018-04-01 16:07:26
3788200,Ulli,False,2021-11-08 17:58:54,2021-11-08 17:58:54
3789531,Fulvia,False,2015-02-07 03:02:22,2015-02-07 03:02:22
3791034,Eugen,False,2021-08-20 16:15:48,2021-08-20 16:15:48
3800708,Susan,False,2019-06-08 21:14:09,2019-06-08 21:14:09
3804152,Ede,False,2016-04-30 21:59:42,2016-04-30 21:59:42
3805354,Jay,False,2012-10-27 09:51:47,2012-10-27 09:51:47
3808858,Laura,False,2021-02-17 01:47:28,2021-02-17 01:47:28
3809017,Irene,False,2018-12-20 09:16:33,2018-12-20 09:16:33
3809046,Judith,False,2021-08-06 19:40:21,2021-08-06 19:40:21
3811457,Annegret,False,2016-03-07 06:55:14,2016-03-07 06:55:14
3814480,Benjamin,False,2017-08-17 23:07:43,2017-08-17 23:07:43
3816449,Heide,False,2021-10-23 23:20:21,2021-10-23 23:20:21
3823150,Jules,False,2021-11-11 22:39:14,2021-11-11 22:39:14
3823364,Daniel,True,2017-06-22 23:13:29,2017-06-22 23:13:29
3824407,Ani,False,2015-09-14 22:01:42,2015-09-14 22:01:42
3824998,Thomas,False,2014-12-20 22:13:17,2014-12-20 22:13:17
3827393,Naima,False,2018-06-20 13:23:07,2018-06-20 13:23:07
3829112,Nani&Jose,False,2017-07-16 13:24:22,2017-07-16 13:24:22
3833338,Andreas,False,2014-10-05 15:54:18,2014-10-05 15:54:18
3834025,Serena,False,2014-08-20 03:12:55,2014-08-20 03:12:55
3834360,Vitalii,False,2021-08-30 03:38:35,2021-08-30 03:38:35
3836170,Yvonne,False,2020-10-20 15:27:13,2020-10-20 15:27:13
3839741,Matilda,False,2017-12-22 08:40:50,2017-12-22 08:40:50
3840022,Ernst,False,2018-07-06 00:09:55,2018-07-06 00:09:55
3846051,Daniel,False,2021-09-29 05:09:59,2021-09-29 05:09:59
3846301,Jiannis,True,2018-10-21 03:21:57,2018-10-21 03:21:57
3847191,Liliane,False,2019-10-14 12:09:17,2019-10-14 12:09:17
3857822,Britta,False,2014-08-06 19:07:33,2014-08-06 19:07:33
3860786,Oren,False,2019-12-27 08:58:21,2019-12-27 08:58:21
3862719,Oliver,False,2015-06-25 00:32:04,2015-06-25 00:32:04
3863484,Stefano,False,2012-12-23 08:03:10,2012-12-23 08:03:10
3868671,Valerie,False,2016-03-06 22:27:47,2016-03-06 22:27:47
3868992,Lea,False,2020-06-29 17:31:03,2020-06-29 17:31:03
3879139,Caroline,False,2015-06-19 14:02:38,2015-06-19 14:02:38
3880200,Marie,True,2016-04-27 05:54:18,2016-04-27 05:54:18
3884988,Farina,False,2018-03-07 04:44:24,2018-03-07 04:44:24
3885165,Rico,False,2016-09-10 06:53:17,2016-09-10 06:53:17
3885218,Julia,False,2020-02-05 00:34:10,2020-02-05 00:34:10
3886037,Jeep,False,2012-12-02 14:25:57,2012-12-02 14:25:57
3887507,Luka,False,2021-11-14 15:16:23,2021-11-14 15:16:23
3887575,Camille,False,2016-12-20 08:14:51,2016-12-20 08:14:51
3888720,Ignacio,False,2014-12-25 02:44:27,2014-12-25 02:44:27
3892685,Alex,False,2018-09-21 22:53:34,2018-09-21 22:53:34
3893392,Nikolaj,True,2019-08-28 03:30:05,2019-08-28 03:30:05
3895991,Hanneli,False,2019-07-09 08:03:45,2019-07-09 08:03:45
3896511,Renny,False,2018-11-28 06:00:21,2018-11-28 06:00:21
3897971,Melitta,False,2013-06-10 07:14:05,2013-06-10 07:14:05
3900511,Daniele E Patrizia,False,2012-11-30 16:53:24,2012-11-30 16:53:24
3901630,Philipp,False,2019-08-09 11:11:08,2019-08-09 11:11:08
3902377,Pierre,False,2017-03-05 11:47:36,2017-03-05 11:47:36
3904366,Silva,False,2013-08-18 06:52:43,2013-08-18 06:52:43
3909089,Nantia,False,2014-02-22 04:01:47,2014-02-22 04:01:47
3911943,Shirley,False,2013-10-22 14:10:44,2013-10-22 14:10:44
3913689,Doris,False,2018-02-19 12:33:41,2018-02-19 12:33:41
3920003,Ferdinand,False,2021-11-17 20:21:36,2021-11-17 20:21:36
3923885,Julia,False,2021-11-03 10:51:09,2021-11-03 10:51:09
3930361,Julia,False,2021-11-08 15:43:16,2021-11-08 15:43:16
3934890,Natascha,False,2019-10-31 18:06:36,2019-10-31 18:06:36
3934922,Rinse,False,2017-09-18 04:00:12,2017-09-18 04:00:12
3938410,Lisa,False,2012-12-24 19:49:32,2012-12-24 19:49:32
3938463,Marcelino,True,2018-05-20 21:27:47,2018-05-20 21:27:47
3939068,Michael,False,2012-11-30 03:00:43,2012-11-30 03:00:43
3941168,Andrea,False,2019-12-25 20:17:32,2019-12-25 20:17:32
3944006,Torsten,False,2014-05-28 20:06:26,2014-05-28 20:06:26
3946797,Falk,False,2021-08-02 11:48:00,2021-08-02 11:48:00
3947139,Brianne,False,2015-07-07 07:04:14,2015-07-07 07:04:14
3950580,Alina,False,2017-09-07 19:32:30,2017-09-07 19:32:30
3951328,Felix,False,2021-10-23 00:05:00,2021-10-23 00:05:00
3962141,Katarina,False,2012-12-22 14:15:51,2012-12-22 14:15:51
3965874,Agathe,False,2016-03-31 17:35:14,2016-03-31 17:35:14
3966243,Gianluca,False,2015-09-16 04:37:59,2015-09-16 04:37:59
3971489,Sylvana,False,2016-09-01 17:38:35,2016-09-01 17:38:35
3973091,Franko,False,2017-09-15 18:39:07,2017-09-15 18:39:07
3973572,Matthias,False,2015-12-30 12:40:40,2015-12-30 12:40:40
3974152,Christiane,False,2014-12-31 17:37:05,2014-12-31 17:37:05
3975346,Luis,False,2015-07-30 06:31:51,2015-07-30 06:31:51
3980676,Janina,False,2016-07-30 07:50:26,2016-07-30 07:50:26
3983858,Elliott,False,2021-07-06 22:23:46,2021-07-06 22:23:46
3989235,Franz,False,2016-06-18 17:56:03,2016-06-18 17:56:03
4002005,Lutz,False,2019-07-20 16:23:00,2019-07-20 16:23:00
4002880,Edoardo And Rachel,False,2018-06-30 11:05:38,2018-06-30 11:05:38
4003960,Ada,False,2017-02-07 20:43:50,2017-02-07 20:43:50
4004368,Steffen,False,2021-11-08 15:16:38,2021-11-08 15:16:38
4010869,Konstantin,False,2017-04-03 14:01:54,2017-04-03 14:01:54
4010883,Daniel,True,2015-11-05 20:37:18,2015-11-05 20:37:18
4011048,Yumi,True,2020-06-24 01:51:28,2020-06-24 01:51:28
4013434,Karen,False,2015-08-15 16:48:33,2015-08-15 16:48:33
4013797,Zsa,False,2013-03-10 12:10:13,2013-03-10 12:10:13
4014665,Claudia,False,2015-12-05 07:41:52,2015-12-05 07:41:52
4018258,Gidi,False,2015-12-16 01:47:04,2015-12-16 01:47:04
4023263,Herbert,True,2016-07-20 16:18:23,2016-07-20 16:18:23
4029691,Jakob,False,2013-10-27 14:20:58,2013-10-27 14:20:58
4030461,Mark,True,2013-01-20 10:47:44,2013-01-20 10:47:44
4031381,Oliver,False,2021-11-05 09:04:10,2021-11-05 09:04:10
4032095,Heinz,False,2016-02-05 10:46:45,2016-02-05 10:46:45
4035721,Anna,False,2017-08-29 05:53:16,2017-08-29 05:53:16
4036761,Kinga,True,2014-01-23 17:57:45,2014-01-23 17:57:45
4040925,Luisa,False,2021-10-29 06:58:13,2021-10-29 06:58:13
4048130,Xica & Samuel,False,2021-11-14 13:55:40,2021-11-14 13:55:40
4050148,Hardy,False,2014-07-21 10:28:23,2014-07-21 10:28:23
4054170,Kai,True,2013-01-13 06:29:09,2013-01-13 06:29:09
4054647,Cornelius,True,2012-12-23 06:08:41,2012-12-23 06:08:41
4057507,Uwe,True,2013-09-04 12:16:42,2013-09-04 12:16:42
4063229,Oscar,True,2015-09-19 22:45:48,2015-09-19 22:45:48
4065526,Michael,True,2015-05-23 02:27:31,2015-05-23 02:27:31
4065834,Dirk,False,2021-10-28 02:02:22,2021-10-28 02:02:22
4068736,Rainer & Dieuwke,False,2013-02-13 09:04:20,2013-02-13 09:04:20
4072594,Julian,False,2020-06-15 09:10:18,2020-06-15 09:10:18
4074523,Erez,False,2015-09-05 08:17:02,2015-09-05 08:17:02
4074592,Asaf,False,2017-07-31 18:43:01,2017-07-31 18:43:01
4074700,Philipp,False,2013-03-01 17:14:45,2013-03-01 17:14:45
4075439,Blandine,False,2019-08-08 23:31:03,2019-08-08 23:31:03
4075547,Heather,False,2016-08-29 01:33:49,2016-08-29 01:33:49
4076626,Andre,True,2013-02-15 08:32:56,2013-02-15 08:32:56
4084976,Michelle,False,2021-11-06 14:16:22,2021-11-06 14:16:22
4086941,Marlen Ilk,False,2015-08-11 05:12:54,2015-08-11 05:12:54
4093031,Caroline,False,2020-03-13 02:52:08,2020-03-13 02:52:08
4097958,Daniel,False,2016-12-02 16:07:36,2016-12-02 16:07:36
4102579,Ben,False,2015-07-24 01:41:10,2015-07-24 01:41:10
4104800,Cristina,False,2013-12-16 09:35:38,2013-12-16 09:35:38
4104942,Jochen,False,2015-11-02 21:09:47,2015-11-02 21:09:47
4108700,Kristian,True,2017-01-20 20:48:36,2017-01-20 20:48:36
4113622,Kat,False,2018-07-15 18:20:03,2018-07-15 18:20:03
4116543,Talitha,False,2018-05-27 20:15:20,2018-05-27 20:15:20
4116607,Alexander,False,2021-11-01 06:30:46,2021-11-01 06:30:46
4127628,Tom,True,2016-07-11 23:08:55,2016-07-11 23:08:55
4128547,Arnd,False,2012-12-25 22:24:48,2012-12-25 22:24:48
4133039,Sandra,False,2012-12-28 10:33:52,2012-12-28 10:33:52
4137610,Hendrik,False,2013-07-19 20:36:57,2013-07-19 20:36:57
4137814,Alexander,True,2012-12-16 03:06:30,2012-12-16 03:06:30
4139479,Claudius,False,2021-10-21 12:12:39,2021-10-21 12:12:39
4142348,Kemal,True,2018-09-06 04:40:05,2018-09-06 04:40:05
4146739,Britta,False,2014-08-14 00:25:52,2014-08-14 00:25:52
4158304,Ronny,False,2017-04-21 15:22:07,2017-04-21 15:22:07
4158451,Lorenzo,False,2018-07-10 19:48:57,2018-07-10 19:48:57
4158989,Veronika,False,2019-05-14 20:35:05,2019-05-14 20:35:05
4159856,Marco,False,2021-11-13 00:04:07,2021-11-13 00:04:07
4166230,Jacky,False,2021-11-01 17:01:10,2021-11-01 17:01:10
4171324,Urs,False,2014-08-04 23:07:44,2014-08-04 23:07:44
4171914,Simon,True,2019-09-12 14:15:18,2019-09-12 14:15:18
4175360,Andreas,False,2014-04-22 04:10:24,2014-04-22 04:10:24
4180123,Tamir,False,2021-10-28 10:29:08,2021-10-28 10:29:08
4181905,Nadja,False,2021-09-23 13:09:40,2021-09-23 13:09:40
4182292,Zhi,False,2021-10-26 07:36:33,2021-10-26 07:36:33
4190258,Vedad,False,2019-12-26 22:35:06,2019-12-26 22:35:06
4193735,Jelle,False,2021-10-30 12:30:39,2021-10-30 12:30:39
4200829,Marita,True,2020-01-21 16:57:08,2020-01-21 16:57:08
4210771,Magdalena,False,2017-01-23 03:38:04,2017-01-23 03:38:04
4211818,Marcus & Louise,False,2015-04-26 02:08:10,2015-04-26 02:08:10
4215274,Anne,False,2018-09-19 19:24:46,2018-09-19 19:24:46
4217522,Arnd,False,2013-06-09 16:13:02,2013-06-09 16:13:02
4218474,Jessica,False,2016-02-22 04:54:49,2016-02-22 04:54:49
4219631,Isabelle,False,2021-10-30 11:13:56,2021-10-30 11:13:56
4221977,Susana,False,2017-12-27 22:23:17,2017-12-27 22:23:17
4222180,Maite,False,2017-08-09 12:48:38,2017-08-09 12:48:38
4227862,Marguerite,False,2017-12-08 17:24:46,2017-12-08 17:24:46
4231031,AleDeA,False,2017-08-17 13:06:17,2017-08-17 13:06:17
4231374,Jeanette,False,2013-04-01 03:49:40,2013-04-01 03:49:40
4239455,Clothilde,False,2014-07-19 19:47:18,2014-07-19 19:47:18
4249784,Eugenia,False,2021-11-13 00:15:56,2021-11-13 00:15:56
4252018,Sofie,False,2016-02-08 18:20:44,2016-02-08 18:20:44
4260789,Pigio,False,2016-07-30 08:29:01,2016-07-30 08:29:01
4264487,Valeska,True,2017-10-24 11:31:27,2017-10-24 11:31:27
4265370,Francisco,False,2019-07-15 23:25:44,2019-07-15 23:25:44
4267679,Moritz,False,2017-08-14 08:20:53,2017-08-14 08:20:53
4269574,Alexia,False,2016-02-27 03:12:24,2016-02-27 03:12:24
4271173,Christian,False,2013-04-19 14:28:20,2013-04-19 14:28:20
4273620,Robert,False,2019-06-26 19:43:48,2019-06-26 19:43:48
4280055,Jens,False,2012-12-30 11:20:51,2012-12-30 11:20:51
4280693,Yas,False,2020-09-28 00:07:20,2020-09-28 00:07:20
4284392,Lena,False,2014-06-22 08:21:34,2014-06-22 08:21:34
4286833,Silvia,False,2019-07-09 16:09:56,2019-07-09 16:09:56
4289187,Ka,False,2013-05-18 20:53:16,2013-05-18 20:53:16
4290185,Tiziana,False,2013-04-16 07:08:01,2013-04-16 07:08:01
4291571,Marcus,False,2017-05-07 08:14:32,2017-05-07 08:14:32
4293269,Holger,False,2014-01-29 20:04:07,2014-01-29 20:04:07
4293723,Alla,False,2013-01-19 16:21:52,2013-01-19 16:21:52
4293936,Marie,True,2018-12-03 10:09:49,2018-12-03 10:09:49
4295934,Katrin,True,2021-06-26 15:29:29,2021-06-26 15:29:29
4300460,Nela,False,2016-04-22 18:39:30,2016-04-22 18:39:30
4305175,Lio & Ete,False,2013-05-24 12:36:55,2013-05-24 12:36:55
4305711,Laura,False,2018-11-24 04:05:16,2018-11-24 04:05:16
4311528,Mike,True,2018-08-13 00:39:06,2018-08-13 00:39:06
4312037,Claudia,False,2021-11-04 16:23:24,2021-11-04 16:23:24
4315632,Gayle,False,2017-04-27 00:15:01,2017-04-27 00:15:01
4316890,Renée,False,2012-12-21 04:08:41,2012-12-21 04:08:41
4321672,Asia,False,2013-08-13 09:18:30,2013-08-13 09:18:30
4322768,Iris,False,2017-12-28 05:12:24,2017-12-28 05:12:24
4323509,Patrycja,False,2019-04-17 04:28:40,2019-04-17 04:28:40
4328532,Andrew,False,2015-11-06 04:39:58,2015-11-06 04:39:58
4330031,Cornelia,False,2021-11-08 04:55:55,2021-11-08 04:55:55
4331505,Stefan,False,2017-07-22 13:13:37,2017-07-22 13:13:37
4331823,Julia,False,2020-11-28 16:06:35,2020-11-28 16:06:35
4338631,Marisol,False,2013-04-15 06:44:23,2013-04-15 06:44:23
4340160,Jérôme,False,2015-05-20 01:14:58,2015-05-20 01:14:58
4343325,Catherine,False,2020-01-26 00:35:51,2020-01-26 00:35:51
4346302,Katarina,False,2012-12-25 05:00:06,2012-12-25 05:00:06
4346815,Judith,False,2014-05-03 11:56:41,2014-05-03 11:56:41
4354642,Anna,True,2020-03-08 15:49:09,2020-03-08 15:49:09
4356102,Franziska,False,2012-12-30 20:16:13,2012-12-30 20:16:13
4361245,Jessie,False,2021-11-12 20:55:20,2021-11-12 20:55:20
4365017,Maik,False,2016-01-02 12:18:04,2016-01-02 12:18:04
4366118,Désirée,False,2015-05-10 13:20:24,2015-05-10 13:20:24
4369305,Matthias & Michele,False,2016-07-25 22:12:30,2016-07-25 22:12:30
4370180,Tony,False,2017-05-08 10:35:37,2017-05-08 10:35:37
4370221,Dimitra,False,2014-04-06 16:50:12,2014-04-06 16:50:12
4370615,Nicole,False,2019-04-08 15:10:08,2019-04-08 15:10:08
4370679,Susan,True,2017-09-10 19:43:14,2017-09-10 19:43:14
4372625,Laura,False,2020-08-06 18:23:59,2020-08-06 18:23:59
4374625,Daphne,True,2018-05-28 12:15:47,2018-05-28 12:15:47
4374738,Jan,False,2014-09-08 14:20:56,2014-09-08 14:20:56
4374787,Tom,False,2015-12-19 15:08:54,2015-12-19 15:08:54
4378096,Stefanie,False,2017-03-16 04:33:04,2017-03-16 04:33:04
4378918,Jo,False,2021-01-09 19:17:20,2021-01-09 19:17:20
4381747,Tomer,False,2016-04-13 22:25:35,2016-04-13 22:25:35
4383856,Marnie Carina,False,2021-11-03 07:25:05,2021-11-03 07:25:05
4390178,Saskia,False,2013-02-07 21:47:07,2013-02-07 21:47:07
4393177,Daniela,False,2018-11-03 20:53:01,2018-11-03 20:53:01
4397118,Silvia,False,2019-02-18 22:54:07,2019-02-18 22:54:07
4397154,Daniel,False,2021-11-06 07:19:33,2021-11-06 07:19:33
4410482,Benjamin,False,2018-07-20 10:04:30,2018-07-20 10:04:30
4410994,Matt &Ana,False,2013-07-29 09:33:26,2013-07-29 09:33:26
4411468,Hanna,False,2015-03-09 20:24:49,2015-03-09 20:24:49
4416185,Philipp,False,2017-09-11 18:16:12,2017-09-11 18:16:12
4418286,Yaz,False,2018-07-23 03:35:15,2018-07-23 03:35:15
4423387,Elmar,False,2013-09-18 17:10:21,2013-09-18 17:10:21
4428810,Omri,False,2015-08-12 02:05:23,2015-08-12 02:05:23
4436983,Andrea,True,2021-06-17 14:33:45,2021-06-17 14:33:45
4441470,Deniz,False,2017-05-01 02:29:46,2017-05-01 02:29:46
4446082,Michael,True,2013-02-23 00:12:10,2013-02-23 00:12:10
4446679,Katja,False,2013-09-11 13:06:36,2013-09-11 13:06:36
4451796,Melanie,False,2021-10-26 03:44:22,2021-10-26 03:44:22
4459704,Patricia,False,2013-03-18 01:49:47,2013-03-18 01:49:47
4461607,Torsten,True,2013-03-29 07:30:16,2013-03-29 07:30:16
4466876,Tra My,False,2018-09-04 19:38:45,2018-09-04 19:38:45
4475104,David,False,2013-10-02 21:48:39,2013-10-02 21:48:39
4480544,Benjamin,False,2013-10-21 10:48:22,2013-10-21 10:48:22
4484943,Assaf,False,2013-08-13 22:54:01,2013-08-13 22:54:01
4485354,Dominic,False,2021-03-11 03:35:43,2021-03-11 03:35:43
4485640,Kirsten + Markus,False,2014-04-16 14:39:10,2014-04-16 14:39:10
4486672,Malte,False,2016-01-21 22:55:24,2016-01-21 22:55:24
4488296,Matías,False,2021-08-16 22:38:10,2021-08-16 22:38:10
4497511,Sinem,False,2019-09-23 00:18:35,2019-09-23 00:18:35
4508459,Jessica,False,2014-12-23 12:35:30,2014-12-23 12:35:30
4508680,Lena,False,2018-02-11 18:06:01,2018-02-11 18:06:01
4510780,Lina Und Michel,False,2014-10-02 05:04:46,2014-10-02 05:04:46
4515085,Lily,False,2019-12-02 06:06:30,2019-12-02 06:06:30
4520878,Canelle,False,2015-08-02 10:23:22,2015-08-02 10:23:22
4533219,Hayley,False,2021-11-12 15:04:06,2021-11-12 15:04:06
4534284,Stefan,False,2021-10-29 13:36:18,2021-10-29 13:36:18
4543042,Duncan,False,2019-02-12 23:15:34,2019-02-12 23:15:34
4543752,Philipp,False,2021-11-01 01:41:36,2021-11-01 01:41:36
4545558,Austin,False,2016-08-09 16:20:33,2016-08-09 16:20:33
4551377,Sabine,False,2013-09-05 06:27:26,2013-09-05 06:27:26
4552406,Elisabeth,False,2016-09-02 12:25:02,2016-09-02 12:25:02
4553708,Canan,False,2017-03-01 08:12:28,2017-03-01 08:12:28
4555530,Claudio,False,2021-06-08 02:52:01,2021-06-08 02:52:01
4561657,William,False,2013-09-23 02:31:15,2013-09-23 02:31:15
4569498,Erika,False,2013-06-17 14:48:18,2013-06-17 14:48:18
4570364,Falk,False,2015-09-10 11:21:42,2015-09-10 11:21:42
4570719,Florian,False,2018-09-27 02:00:54,2018-09-27 02:00:54
4580179,Antje,False,2014-07-09 17:19:55,2014-07-09 17:19:55
4583391,Kirsten,True,2013-04-06 16:31:00,2013-04-06 16:31:00
4584592,Anna,False,2019-09-01 05:21:41,2019-09-01 05:21:41
4585526,Yvonne,False,2017-01-21 23:58:34,2017-01-21 23:58:34
4594271,Christian,False,2021-11-17 18:13:30,2021-11-17 18:13:30
4594337,Vera,False,2018-03-16 04:58:44,2018-03-16 04:58:44
4595327,Victor & Karla,False,2017-08-19 05:14:12,2017-08-19 05:14:12
4597640,Ludovit,False,2013-08-16 10:20:39,2013-08-16 10:20:39
4604291,Levi,False,2016-04-27 11:52:02,2016-04-27 11:52:02
4605778,Alexandre,False,2016-05-28 16:11:16,2016-05-28 16:11:16
4608065,Giovanni,False,2017-02-10 19:47:18,2017-02-10 19:47:18
4616252,Vincent,True,2015-10-13 15:55:10,2015-10-13 15:55:10
4618347,Bessaam,False,2021-07-29 16:36:00,2021-07-29 16:36:00
4618658,Namy,False,2018-03-15 10:03:48,2018-03-15 10:03:48
4622180,Crystal,False,2017-06-10 03:49:44,2017-06-10 03:49:44
4627929,Hank,False,2019-06-30 04:06:25,2019-06-30 04:06:25
4637512,Frank,True,2018-05-17 03:38:19,2018-05-17 03:38:19
4639836,Dino,False,2016-02-08 21:06:42,2016-02-08 21:06:42
4647121,Andres,True,2013-07-30 21:53:45,2013-07-30 21:53:45
4651905,Michael,False,2015-12-12 00:11:27,2015-12-12 00:11:27
4654308,Ute,True,2014-09-22 08:49:44,2014-09-22 08:49:44
4655176,Benedikt,True,2015-07-20 21:01:05,2015-07-20 21:01:05
4656310,Janna,False,2018-11-11 22:18:31,2018-11-11 22:18:31
4657157,Regina,False,2018-08-13 23:50:17,2018-08-13 23:50:17
4662843,Ivo,True,2018-09-09 23:53:29,2018-09-09 23:53:29
4666466,Katjusha,False,2015-07-11 00:20:17,2015-07-11 00:20:17
4676317,Matteo,False,2013-05-20 15:17:42,2013-05-20 15:17:42
4678991,Benjamin,True,2020-02-22 18:54:24,2020-02-22 18:54:24
4680255,Max,True,2013-02-19 13:04:37,2013-02-19 13:04:37
4682147,Stefan,True,2017-07-10 00:45:02,2017-07-10 00:45:02
4687616,Barbara,False,2021-11-17 16:49:46,2021-11-17 16:49:46
4689351,Carolina,True,2019-05-24 04:51:58,2019-05-24 04:51:58
4691084,Charlotte,False,2017-07-31 18:34:01,2017-07-31 18:34:01
4696381,James,False,2017-07-14 19:49:53,2017-07-14 19:49:53
4699851,Rachel,False,2021-10-02 17:32:19,2021-10-02 17:32:19
4709188,Salma,False,2016-05-23 04:49:27,2016-05-23 04:49:27
4713459,Farshid,False,2019-01-02 20:32:54,2019-01-02 20:32:54
4715653,Tatjana,False,2016-04-20 09:04:37,2016-04-20 09:04:37
4721756,Silvia,False,2013-03-07 18:05:39,2013-03-07 18:05:39
4722329,Günter,True,2013-12-28 07:45:00,2013-12-28 07:45:00
4727191,C-Laura,False,2021-10-24 11:37:29,2021-10-24 11:37:29
4728083,Kristine,False,2017-06-23 10:18:51,2017-06-23 10:18:51
4729446,Julia,True,2017-06-15 19:29:13,2017-06-15 19:29:13
4734773,Franziska,False,2019-09-21 11:55:37,2019-09-21 11:55:37
4736382,Nassa,True,2014-08-18 21:02:21,2014-08-18 21:02:21
4737495,Cigdem,False,2018-06-28 03:41:33,2018-06-28 03:41:33
4750332,Ofer,False,2021-11-01 09:06:48,2021-11-01 09:06:48
4751044,Anne,False,2015-05-25 18:30:43,2015-05-25 18:30:43
4758906,Kadir,False,2016-01-31 05:46:45,2016-01-31 05:46:45
4761922,Sascha,True,2019-07-19 06:48:56,2019-07-19 06:48:56
4762520,Astrid,True,2018-10-25 06:00:04,2018-10-25 06:00:04
4763299,Goran,False,2019-08-08 07:43:02,2019-08-08 07:43:02
4764276,Sophia,False,2014-05-24 10:50:31,2014-05-24 10:50:31
4788353,Vera,False,2019-02-25 08:38:07,2019-02-25 08:38:07
4790602,Rebecca,True,2013-04-29 16:13:06,2013-04-29 16:13:06
4791589,Julien,False,2021-09-11 12:27:44,2021-09-11 12:27:44
4800831,Miriam,False,2016-04-15 13:50:20,2016-04-15 13:50:20
4805516,Cesar,False,2020-07-08 14:38:29,2020-07-08 14:38:29
4808921,Danielle+Marcel,False,2014-05-03 08:12:19,2014-05-03 08:12:19
4812600,Deborah,False,2020-06-03 12:07:55,2020-06-03 12:07:55
4813229,Ulrike,False,2013-09-10 17:31:37,2013-09-10 17:31:37
4820099,Marga,True,2013-03-24 22:48:40,2013-03-24 22:48:40
4822278,Stefan,True,2013-06-10 08:25:20,2013-06-10 08:25:20
4822439,Isabel,False,2017-04-23 16:22:04,2017-04-23 16:22:04
4824097,Florian,False,2021-07-19 14:05:26,2021-07-19 14:05:26
4831236,Yasemin,False,2017-07-21 21:05:25,2017-07-21 21:05:25
4839410,Kai,False,2014-10-20 08:12:59,2014-10-20 08:12:59
4842737,Ofri,False,2017-05-18 04:57:00,2017-05-18 04:57:00
4852040,Punktie,False,2013-11-01 12:14:41,2013-11-01 12:14:41
4856060,Imogen,False,2014-12-11 16:23:24,2014-12-11 16:23:24
4863332,Amira,False,2016-03-31 07:45:26,2016-03-31 07:45:26
4865393,Torsten,False,2018-08-28 03:51:14,2018-08-28 03:51:14
4866157,Apolo,False,2018-10-05 18:47:43,2018-10-05 18:47:43
4873725,Tobias,True,2015-03-03 01:30:48,2015-03-03 01:30:48
4876365,Jose,True,2015-08-23 21:57:02,2015-08-23 21:57:02
4879990,Felix,True,2017-07-27 19:02:38,2017-07-27 19:02:38
4885534,Lena,False,2019-06-26 22:34:20,2019-06-26 22:34:20
4890623,Nathaniel,False,2019-02-26 01:27:59,2019-02-26 01:27:59
4892335,,,2017-04-02 02:17:16,2017-04-02 02:17:16
4894210,Vernandel,False,2018-01-08 21:18:05,2018-01-08 21:18:05
4902972,Ringo,False,2021-10-28 15:09:17,2021-10-28 15:09:17
4904972,Paula And Billy,True,2021-11-13 17:48:22,2021-11-13 17:48:22
4905137,René,False,2019-09-01 04:51:06,2019-09-01 04:51:06
4908062,Beatrice,True,2016-09-12 12:33:11,2016-09-12 12:33:11
4909625,Christina,False,2014-12-20 00:47:25,2014-12-20 00:47:25
4920909,Timm,False,2021-11-19 12:50:45,2021-11-19 12:50:45
4921836,Blanka,False,2017-08-30 11:54:17,2017-08-30 11:54:17
4931186,Anne,False,2015-08-13 08:48:36,2015-08-13 08:48:36
4942409,Parker,False,2015-12-21 12:43:44,2015-12-21 12:43:44
4942666,Verda,True,2013-03-26 15:41:21,2013-03-26 15:41:21
4948028,Sophie,False,2017-12-28 20:54:58,2017-12-28 20:54:58
4949715,Ana,False,2015-12-21 00:32:13,2015-12-21 00:32:13
4952307,Adam,False,2016-10-10 04:15:45,2016-10-10 04:15:45
4957509,Nina,False,2021-11-01 14:47:34,2021-11-01 14:47:34
4958724,Claudia,False,2015-12-26 05:21:26,2015-12-26 05:21:26
4961047,Sand,True,2019-02-02 19:04:26,2019-02-02 19:04:26
4971456,Franziska,False,2021-10-31 05:48:36,2021-10-31 05:48:36
4972474,Chloé,False,2016-10-16 08:59:32,2016-10-16 08:59:32
4973214,Annelies,True,2019-01-01 16:33:25,2019-01-01 16:33:25
4980663,Alexandra,True,2013-02-01 19:07:53,2013-02-01 19:07:53
4985511,David,False,2021-11-02 18:56:20,2021-11-02 18:56:20
4986076,Elisabeth,False,2015-02-21 11:21:35,2015-02-21 11:21:35
5001714,Torsten,False,2020-01-24 18:09:35,2020-01-24 18:09:35
5001886,Dmitry,False,2021-11-01 14:14:49,2021-11-01 14:14:49
5005413,Camille,False,2016-01-01 03:53:14,2016-01-01 03:53:14
5006628,Rachel,False,2019-04-07 02:28:12,2019-04-07 02:28:12
5015590,Caroline,False,2014-10-13 00:24:55,2014-10-13 00:24:55
5017227,Funda,True,2016-10-12 11:18:00,2016-10-12 11:18:00
5017234,Kacper,False,2021-11-06 22:57:48,2021-11-06 22:57:48
5020936,Holly,False,2018-06-09 10:05:27,2018-06-09 10:05:27
5021050,Natalie,False,2021-11-17 05:32:29,2021-11-17 05:32:29
5023680,Martin,False,2014-08-13 14:09:45,2014-08-13 14:09:45
5026755,Tal,False,2017-08-03 21:45:01,2017-08-03 21:45:01
5030860,Franziska,False,2021-10-31 03:49:40,2021-10-31 03:49:40
5033357,Dominik & Jessica,False,2017-02-16 11:16:32,2017-02-16 11:16:32
5035540,Cristina,False,2014-08-30 04:02:13,2014-08-30 04:02:13
5043876,Georgia,False,2021-10-26 14:09:43,2021-10-26 14:09:43
5044501,Clara,True,2013-03-25 17:43:07,2013-03-25 17:43:07
5054661,Vee & Hyun,False,2013-12-30 08:44:27,2013-12-30 08:44:27
5056339,Anna Maria,True,2013-04-04 03:34:59,2013-04-04 03:34:59
5058535,Rachel,False,2017-09-06 07:26:01,2017-09-06 07:26:01
5058933,Anne,False,2021-11-11 09:48:45,2021-11-11 09:48:45
5058997,Elaine,False,2015-08-25 16:44:03,2015-08-25 16:44:03
5072122,Hardy,False,2016-05-10 07:53:06,2016-05-10 07:53:06
5072702,Willy,False,2017-12-20 19:35:11,2017-12-20 19:35:11
5073652,Chris,False,2019-10-01 22:13:30,2019-10-01 22:13:30
5086196,Karli,False,2021-05-25 21:34:44,2021-05-25 21:34:44
5093585,Iouri,False,2016-04-11 23:01:54,2016-04-11 23:01:54
5097927,Irek,False,2017-05-29 00:05:59,2017-05-29 00:05:59
5099177,Anke,True,2020-07-11 23:35:34,2020-07-11 23:35:34
5100761,Stephan,False,2017-05-15 20:18:05,2017-05-15 20:18:05
5106259,Fernando,False,2019-02-06 12:46:49,2019-02-06 12:46:49
5109792,Claudia,False,2014-05-22 02:14:28,2014-05-22 02:14:28
5115316,Sissy,False,2015-01-10 06:37:43,2015-01-10 06:37:43
5115897,Ralph,False,2013-06-01 17:59:27,2013-06-01 17:59:27
5121658,Matt,False,2020-12-15 12:56:37,2020-12-15 12:56:37
5121814,Armin,False,2016-05-27 10:10:57,2016-05-27 10:10:57
5125650,Rike,False,2016-04-28 20:52:12,2016-04-28 20:52:12
5129180,Juliette,False,2021-11-18 03:56:40,2021-11-18 03:56:40
5129957,Alex,False,2018-11-07 05:09:08,2018-11-07 05:09:08
5141022,Vera,True,2018-01-20 17:55:53,2018-01-20 17:55:53
5141957,Petra & Isabella,False,2013-03-11 01:29:45,2013-03-11 01:29:45
5142403,Marine,False,2018-11-30 22:12:42,2018-11-30 22:12:42
5150766,Stefano,False,2014-12-30 03:54:12,2014-12-30 03:54:12
5154514,Dominic,False,2017-05-22 14:42:35,2017-05-22 14:42:35
5162764,Laura,False,2020-07-14 23:08:27,2020-07-14 23:08:27
5182885,Marco,False,2016-07-18 15:18:43,2016-07-18 15:18:43
5183353,Tabea,False,2018-05-27 02:22:55,2018-05-27 02:22:55
5185517,Anthony,False,2017-01-11 07:53:26,2017-01-11 07:53:26
5190350,Will,False,2018-06-20 12:50:20,2018-06-20 12:50:20
5193041,Chris,False,2018-10-23 19:50:11,2018-10-23 19:50:11
5194400,Wilken,True,2017-04-24 21:04:07,2017-04-24 21:04:07
5200565,Hélène,False,2015-07-14 17:30:24,2015-07-14 17:30:24
5204433,Alba,False,2016-05-22 04:36:27,2016-05-22 04:36:27
5206815,Philipp,False,2021-08-01 09:15:58,2021-08-01 09:15:58
5211369,Cecilia,True,2019-06-13 12:43:48,2019-06-13 12:43:48
5213494,Kseniya,False,2021-02-02 03:48:13,2021-02-02 03:48:13
5213513,Daphne,False,2019-05-18 14:39:04,2019-05-18 14:39:04
5213523,Jan-Christoph,False,2017-12-06 10:44:56,2017-12-06 10:44:56
5218012,Il Faro Blu,False,2016-05-22 20:15:47,2016-05-22 20:15:47
5218816,Timo,False,2017-01-09 14:58:07,2017-01-09 14:58:07
5223420,Robin,False,2017-03-31 01:56:13,2017-03-31 01:56:13
5223749,Eugenie,False,2020-06-30 20:06:20,2020-06-30 20:06:20
5226014,Aline,False,2021-11-16 00:10:08,2021-11-16 00:10:08
5237204,Chri,False,2021-11-16 23:16:51,2021-11-16 23:16:51
5240753,Christiane,False,2014-05-05 16:57:26,2014-05-05 16:57:26
5245778,Stephan,False,2021-10-26 07:36:00,2021-10-26 07:36:00
5255929,Sophia,False,2017-06-02 09:12:36,2017-06-02 09:12:36
5264073,Petra,False,2018-10-20 07:41:49,2018-10-20 07:41:49
5264818,Egill,False,2015-05-31 09:56:15,2015-05-31 09:56:15
5266706,Jan,False,2017-09-10 08:02:44,2017-09-10 08:02:44
5272092,Geronimo,False,2018-01-29 07:56:44,2018-01-29 07:56:44
5275315,Levi,False,2018-06-03 10:06:11,2018-06-03 10:06:11
5275593,Xinyue,False,2017-05-18 00:09:41,2017-05-18 00:09:41
5275625,Mark,False,2017-05-25 03:49:51,2017-05-25 03:49:51
5280482,Jonas,False,2015-08-17 22:51:57,2015-08-17 22:51:57
5280504,Doreen,False,2021-10-22 06:05:56,2021-10-22 06:05:56
5298519,Ara,False,2021-08-02 08:59:15,2021-08-02 08:59:15
5307516,Jasna,True,2019-04-19 15:24:24,2019-04-19 15:24:24
5313338,Leonie,False,2018-02-05 06:29:50,2018-02-05 06:29:50
5317830,Yasmine,False,2013-07-02 06:11:11,2013-07-02 06:11:11
5318354,Lara,False,2019-11-28 20:32:35,2019-11-28 20:32:35
5318753,Gudrun,False,2018-12-14 10:04:10,2018-12-14 10:04:10
5318765,Gabriella,False,2013-05-16 08:15:25,2013-05-16 08:15:25
5328939,Gee,False,2014-01-14 01:24:06,2014-01-14 01:24:06
5329174,Marita,False,2014-07-23 19:13:05,2014-07-23 19:13:05
5336702,Liliana,False,2013-05-07 00:39:41,2013-05-07 00:39:41
5338144,Stephan,False,2016-12-18 04:33:12,2016-12-18 04:33:12
5341934,Camila,False,2021-10-30 10:22:24,2021-10-30 10:22:24
5343971,Anna,False,2020-07-07 08:02:01,2020-07-07 08:02:01
5344428,Kers,False,2013-05-31 20:52:05,2013-05-31 20:52:05
5344945,Camille,True,2016-08-16 21:31:37,2016-08-16 21:31:37
5346130,Marielene,False,2017-11-14 22:28:56,2017-11-14 22:28:56
5347137,Stephanie,False,2021-11-03 18:27:01,2021-11-03 18:27:01
5351059,Falk,False,2021-10-30 02:03:06,2021-10-30 02:03:06
5352418,Sarah,True,2018-07-17 16:49:29,2018-07-17 16:49:29
5356521,Mehran,False,2018-12-27 08:01:17,2018-12-27 08:01:17
5358103,Emilia,True,2013-05-15 19:05:16,2013-05-15 19:05:16
5358588,Moritz,False,2016-05-26 02:33:18,2016-05-26 02:33:18
5363399,Anna Katharina,False,2021-10-22 02:42:06,2021-10-22 02:42:06
5367885,Philipp,False,2017-05-18 02:42:50,2017-05-18 02:42:50
5368594,Grace,False,2021-10-22 21:10:30,2021-10-22 21:10:30
5373465,Shani,False,2016-11-21 13:59:13,2016-11-21 13:59:13
5374964,Nori,False,2013-04-16 03:01:54,2013-04-16 03:01:54
5379661,Claudia,False,2021-10-31 17:52:28,2021-10-31 17:52:28
5383857,Ailon+Naama,False,2017-10-02 14:52:24,2017-10-02 14:52:24
5385927,Christine,False,2016-12-21 23:52:38,2016-12-21 23:52:38
5390033,Charlottenburg,False,2013-03-22 20:25:25,2013-03-22 20:25:25
5393011,Mala,False,2017-09-26 02:00:21,2017-09-26 02:00:21
5397593,David,False,2021-10-30 09:23:07,2021-10-30 09:23:07
5400207,Philipp,False,2016-01-22 12:43:25,2016-01-22 12:43:25
5402365,H.,False,2015-12-06 22:38:48,2015-12-06 22:38:48
5403913,Matthias,True,2016-05-16 05:56:09,2016-05-16 05:56:09
5409564,Wowa,False,2016-03-15 18:32:21,2016-03-15 18:32:21
5411147,Christopher Sebastian,False,2021-11-11 04:30:22,2021-11-11 04:30:22
5411484,Naomi,False,2021-11-17 21:31:20,2021-11-17 21:31:20
5412567,Brigitte,True,2014-01-29 09:46:17,2014-01-29 09:46:17
5412815,Alex,False,2014-06-08 02:18:46,2014-06-08 02:18:46
5413757,Lauri,False,2018-01-07 04:48:00,2018-01-07 04:48:00
5417560,Tania,False,2017-11-17 07:21:16,2017-11-17 07:21:16
5420949,Magdalena,False,2020-02-06 08:09:30,2020-02-06 08:09:30
5425985,Henning Und Julia,False,2016-08-13 19:10:56,2016-08-13 19:10:56
5427959,Sonia,False,2021-11-12 09:05:47,2021-11-12 09:05:47
5428701,Jose,False,2021-11-13 17:21:38,2021-11-13 17:21:38
5428990,Beatrice,False,2017-03-28 03:04:54,2017-03-28 03:04:54
5431184,Conrad,True,2015-04-23 12:33:40,2015-04-23 12:33:40
5433918,Joasha,False,2013-04-20 09:46:40,2013-04-20 09:46:40
5441825,Marcel,False,2013-03-27 03:20:10,2013-03-27 03:20:10
5445544,Niko,False,2020-03-04 20:40:08,2020-03-04 20:40:08
5452247,Stefan,False,2015-12-29 22:12:15,2015-12-29 22:12:15
5455895,Lionel,False,2018-12-25 03:46:45,2018-12-25 03:46:45
5457762,Eve,False,2021-08-24 05:32:04,2021-08-24 05:32:04
5458455,Charlene,False,2018-09-05 03:33:28,2018-09-05 03:33:28
5459494,Vefa,False,2019-01-08 13:14:35,2019-01-08 13:14:35
5460739,Jan,False,2021-11-03 12:44:26,2021-11-03 12:44:26
5463476,Magdalena,False,2016-04-23 04:46:36,2016-04-23 04:46:36
5472105,Marcel,False,2016-09-29 08:05:11,2016-09-29 08:05:11
5472923,Bettina,False,2014-04-09 02:44:53,2014-04-09 02:44:53
5475298,Konstantin,True,2019-06-20 13:55:39,2019-06-20 13:55:39
5476245,Ana-Lea,True,2019-02-14 23:46:06,2019-02-14 23:46:06
5483335,Julia,True,2013-03-29 17:28:54,2013-03-29 17:28:54
5483472,Laura,True,2018-12-11 03:02:28,2018-12-11 03:02:28
5484438,Natalie,False,2021-06-25 20:55:02,2021-06-25 20:55:02
5490517,Charles,False,2021-10-21 00:32:33,2021-10-21 00:32:33
5495775,Regina,False,2015-05-29 20:55:33,2015-05-29 20:55:33
5497311,Austin,True,2020-01-02 15:35:16,2020-01-02 15:35:16
5497851,Alexander,True,2014-12-15 18:44:38,2014-12-15 18:44:38
5499613,Torben,False,2013-12-02 14:14:42,2013-12-02 14:14:42
5501185,Penelope,False,2021-11-10 17:54:22,2021-11-10 17:54:22
5510710,Veronica,False,2017-08-27 20:45:00,2017-08-27 20:45:00
5510826,Anna-Maria,False,2020-08-28 21:57:15,2020-08-28 21:57:15
5511683,Penelope,True,2018-08-24 11:12:34,2018-08-24 11:12:34
5514759,Isis,False,2021-06-29 07:50:16,2021-06-29 07:50:16
5517298,Alexander,False,2018-03-23 02:20:33,2018-03-23 02:20:33
5517589,Claudia,False,2015-06-19 08:23:16,2015-06-19 08:23:16
5518188,Greg,False,2021-07-30 20:37:08,2021-07-30 20:37:08
5520073,Martin,False,2013-11-30 22:07:11,2013-11-30 22:07:11
5520777,Mike,False,2018-08-31 09:35:18,2018-08-31 09:35:18
5525131,Yolanda,False,2021-09-21 18:19:14,2021-09-21 18:19:14
5526138,Germaine,False,2021-10-31 06:15:52,2021-10-31 06:15:52
5528072,Seamus,False,2015-09-17 01:59:42,2015-09-17 01:59:42
5529386,Maciej,False,2013-04-26 05:48:31,2013-04-26 05:48:31
5531171,Sara,True,2017-02-07 18:20:17,2017-02-07 18:20:17
5534741,Grisha,False,2019-09-03 23:45:28,2019-09-03 23:45:28
5536737,Tomer,False,2019-12-25 08:10:07,2019-12-25 08:10:07
5539577,Sabine,False,2014-09-28 12:25:49,2014-09-28 12:25:49
5541517,Minh,True,2019-09-01 00:09:46,2019-09-01 00:09:46
5541908,Iris,False,2017-06-05 08:19:03,2017-06-05 08:19:03
5543248,Ivonne,False,2021-11-10 05:05:36,2021-11-10 05:05:36
5545069,Daniel,False,2015-09-06 17:43:46,2015-09-06 17:43:46
5557098,Oliver,False,2015-10-27 22:46:23,2015-10-27 22:46:23
5565063,Anna,False,2020-12-24 19:37:02,2020-12-24 19:37:02
5565633,Günter,False,2015-06-03 07:23:58,2015-06-03 07:23:58
5572112,Karl,True,2016-02-21 13:00:09,2016-02-21 13:00:09
5576897,Yiğit,False,2020-08-23 08:49:32,2020-08-23 08:49:32
5578036,Crea-Flat,False,2013-06-01 10:11:01,2013-06-01 10:11:01
5578768,Sylwia,False,2019-09-18 15:01:01,2019-09-18 15:01:01
5582563,Vivian,False,2021-10-25 21:41:31,2021-10-25 21:41:31
5583697,Daud,False,2014-05-06 20:24:11,2014-05-06 20:24:11
5589000,Marcello,False,2016-03-12 22:11:13,2016-03-12 22:11:13
5595570,Peter,False,2018-05-23 11:49:07,2018-05-23 11:49:07
5597128,Avi,True,2017-11-28 11:49:08,2017-11-28 11:49:08
5600476,Julia,False,2021-10-24 21:03:13,2021-10-24 21:03:13
5604528,Fabienne,False,2018-07-07 16:31:52,2018-07-07 16:31:52
5606704,Tim,False,2021-08-16 16:40:39,2021-08-16 16:40:39
5607402,Corwin & Mignon,False,2015-02-19 16:55:54,2015-02-19 16:55:54
5609794,Nadja,False,2018-12-26 21:07:49,2018-12-26 21:07:49
5613380,Elisabeth & Johannes,False,2018-10-15 03:28:48,2018-10-15 03:28:48
5615855,Sebastian,False,2014-08-29 20:06:02,2014-08-29 20:06:02
5622436,Mila,False,2018-12-29 15:25:13,2018-12-29 15:25:13
5625603,Marcos,True,2019-09-29 03:41:07,2019-09-29 03:41:07
5627838,Johanna,False,2018-03-16 12:09:52,2018-03-16 12:09:52
5630288,Natalia,False,2020-07-21 06:23:02,2020-07-21 06:23:02
5631857,Moritz,False,2015-12-06 14:18:38,2015-12-06 14:18:38
5637692,Achim,True,2014-09-07 05:09:02,2014-09-07 05:09:02
5640504,Marianne,True,2015-01-29 15:02:43,2015-01-29 15:02:43
5648102,Enna,False,2021-06-07 22:53:09,2021-06-07 22:53:09
5648493,Yulia,False,2017-02-25 19:55:57,2017-02-25 19:55:57
5660590,Helen,False,2016-03-30 05:56:08,2016-03-30 05:56:08
5662048,Alex,False,2021-10-24 07:37:58,2021-10-24 07:37:58
5678849,Paul,False,2019-10-23 01:14:06,2019-10-23 01:14:06
5679403,Linn,False,2014-02-04 22:51:38,2014-02-04 22:51:38
5679605,Mike,False,2015-12-24 16:41:54,2015-12-24 16:41:54
5680376,Minh-Ha,False,2015-08-07 10:19:40,2015-08-07 10:19:40
5684673,Anton,False,2016-09-10 23:49:07,2016-09-10 23:49:07
5687919,Heidi,True,2013-04-30 13:43:42,2013-04-30 13:43:42
5688877,Stephanie,False,2017-08-14 19:40:40,2017-08-14 19:40:40
5691997,Maité,False,2017-05-22 03:10:48,2017-05-22 03:10:48
5692471,Vio,False,2014-04-07 09:24:57,2014-04-07 09:24:57
5702353,Andreas,False,2021-05-30 01:47:10,2021-05-30 01:47:10
5715759,Linda&Sal,False,2017-10-07 02:07:44,2017-10-07 02:07:44
5721756,Julia,False,2018-12-15 14:21:53,2018-12-15 14:21:53
5722004,Francesca,False,2014-06-10 14:47:58,2014-06-10 14:47:58
5723192,Solange,False,2016-07-05 19:05:24,2016-07-05 19:05:24
5730626,Daniel,True,2019-12-15 04:57:21,2019-12-15 04:57:21
5738556,Clara,True,2013-06-24 01:47:15,2013-06-24 01:47:15
5739535,Ivan,False,2015-08-20 16:15:18,2015-08-20 16:15:18
5741672,Richard,False,2016-01-02 01:51:28,2016-01-02 01:51:28
5745773,Marcelo,False,2013-06-06 16:31:39,2013-06-06 16:31:39
5746351,Nina,False,2018-09-06 16:50:08,2018-09-06 16:50:08
5748615,Till,False,2015-07-27 04:51:34,2015-07-27 04:51:34
5753199,Diana,False,2021-11-03 19:40:41,2021-11-03 19:40:41
5762303,Anna,False,2018-01-26 04:42:05,2018-01-26 04:42:05
5766645,Anakay,False,2013-07-02 20:15:53,2013-07-02 20:15:53
5780327,Cécile,False,2018-03-22 16:15:59,2018-03-22 16:15:59
5780938,Cordula,True,2017-05-16 04:32:18,2017-05-16 04:32:18
5781298,Paul,False,2014-09-17 11:46:36,2014-09-17 11:46:36
5782835,Anna,True,2014-12-24 00:31:30,2014-12-24 00:31:30
5797841,Barbara,False,2014-07-28 09:20:44,2014-07-28 09:20:44
5799305,Alina,False,2015-05-28 09:07:50,2015-05-28 09:07:50
5811150,Leonhard,False,2018-01-10 23:42:22,2018-01-10 23:42:22
5811388,Mine,False,2018-09-20 18:03:01,2018-09-20 18:03:01
5817900,Re,False,2021-07-20 04:42:00,2021-07-20 04:42:00
5826427,Yossra,False,2019-03-02 01:07:20,2019-03-02 01:07:20
5827968,Abyel,False,2017-05-09 01:38:33,2017-05-09 01:38:33
5828266,Paula,False,2021-11-05 15:00:48,2021-11-05 15:00:48
5832930,Virginia,False,2020-01-26 11:12:03,2020-01-26 11:12:03
5832948,Pia,False,2021-07-18 03:56:28,2021-07-18 03:56:28
5843208,Steph,False,2016-04-23 09:23:02,2016-04-23 09:23:02
5846882,Holger,True,2015-07-18 11:31:52,2015-07-18 11:31:52
5850574,Ulla,True,2017-09-10 23:04:16,2017-09-10 23:04:16
5850852,Julia,False,2014-12-23 21:23:08,2014-12-23 21:23:08
5853998,Thomas,False,2017-02-17 15:27:57,2017-02-17 15:27:57
5856324,Albert,False,2015-12-14 08:41:39,2015-12-14 08:41:39
5857749,Lada,False,2015-07-30 23:21:04,2015-07-30 23:21:04
5857991,Nadine,False,2017-11-11 12:12:45,2017-11-11 12:12:45
5858480,Johannes,False,2016-07-27 21:55:43,2016-07-27 21:55:43
5858585,Julie,False,2017-12-04 13:06:20,2017-12-04 13:06:20
5861985,Damien,False,2015-07-05 04:39:28,2015-07-05 04:39:28
5863778,Anastasia,False,2013-04-22 22:17:08,2013-04-22 22:17:08
5867606,Kirstin,False,2021-11-03 05:15:23,2021-11-03 05:15:23
5867999,Heike,False,2015-10-23 08:50:02,2015-10-23 08:50:02
5870398,Iman,False,2016-12-29 17:02:57,2016-12-29 17:02:57
5874663,Britta,True,2020-05-28 01:53:01,2020-05-28 01:53:01
5875420,Rod,False,2014-07-29 15:34:17,2014-07-29 15:34:17
5875974,Leah,False,2021-10-21 02:41:17,2021-10-21 02:41:17
5876153,Luisa,False,2019-02-02 15:28:23,2019-02-02 15:28:23
5876541,Reinhard,True,2013-04-18 12:53:49,2013-04-18 12:53:49
5876709,Yasmin,False,2021-07-23 04:24:20,2021-07-23 04:24:20
5882316,Shane,False,2021-11-18 04:37:19,2021-11-18 04:37:19
5889788,Shai,False,2018-08-11 20:14:43,2018-08-11 20:14:43
5891250,Thomas,True,2019-04-25 23:13:35,2019-04-25 23:13:35
5895821,Annette,False,2019-07-01 20:09:33,2019-07-01 20:09:33
5901886,Jay,True,2019-06-09 03:43:34,2019-06-09 03:43:34
5914410,Agneya Klemens,False,2014-12-23 07:33:26,2014-12-23 07:33:26
5921654,Felix,False,2021-10-28 10:36:24,2021-10-28 10:36:24
5924626,Villads,False,2021-08-12 09:21:43,2021-08-12 09:21:43
5932898,Holger,False,2018-03-28 09:28:51,2018-03-28 09:28:51
5937313,Hyun-Jung,False,2017-04-09 18:38:07,2017-04-09 18:38:07
5941408,Sylvie,False,2014-07-24 17:38:37,2014-07-24 17:38:37
5949335,Nadja,True,2017-04-04 03:47:16,2017-04-04 03:47:16
5950775,Milena,False,2017-08-14 19:51:26,2017-08-14 19:51:26
5951584,Käthe,True,2021-07-26 07:06:22,2021-07-26 07:06:22
5954131,Ilhami,True,2015-10-24 22:38:25,2015-10-24 22:38:25
5956698,Robert,False,2017-01-02 19:41:47,2017-01-02 19:41:47
5963032,Kat,False,2018-07-29 14:18:23,2018-07-29 14:18:23
5963254,Virginijus,False,2013-10-08 16:43:55,2013-10-08 16:43:55
5964660,Simon,False,2016-08-10 09:56:31,2016-08-10 09:56:31
5967083,Matthias,False,2021-11-09 19:06:25,2021-11-09 19:06:25
5972706,Antonia,False,2019-07-25 14:11:21,2019-07-25 14:11:21
5975557,Anna,False,2017-12-20 15:01:13,2017-12-20 15:01:13
5980826,Christian,False,2014-10-07 22:26:52,2014-10-07 22:26:52
5982514,Lisa,True,2018-03-25 09:14:44,2018-03-25 09:14:44
5983138,Isabel,False,2018-08-19 00:55:53,2018-08-19 00:55:53
5986022,Ronak,False,2020-02-16 13:08:32,2020-02-16 13:08:32
5986722,Dorit,True,2013-07-29 15:59:09,2013-07-29 15:59:09
5987252,Tim,False,2016-06-27 12:11:33,2016-06-27 12:11:33
5992855,Polina,False,2021-06-04 22:07:26,2021-06-04 22:07:26
5998769,Vera,False,2015-06-06 00:04:13,2015-06-06 00:04:13
6004144,Tobias,False,2019-02-06 20:11:17,2019-02-06 20:11:17
6010003,Julie,False,2018-07-11 10:10:54,2018-07-11 10:10:54
6018718,Florian,False,2017-02-26 14:00:59,2017-02-26 14:00:59
6019615,Claudia,False,2021-09-16 03:41:30,2021-09-16 03:41:30
6021865,Kitty,True,2014-03-21 20:19:57,2014-03-21 20:19:57
6024485,Jules,False,2021-11-08 00:43:12,2021-11-08 00:43:12
6027836,Meret,False,2014-07-08 02:37:26,2014-07-08 02:37:26
6029552,Tim,False,2021-11-08 09:52:34,2021-11-08 09:52:34
6037665,Louisa,False,2015-05-29 02:11:12,2015-05-29 02:11:12
6043420,Natalija,False,2021-11-14 09:13:23,2021-11-14 09:13:23
6044723,Michele,False,2021-11-05 19:01:04,2021-11-05 19:01:04
6051493,Bärbel Veronika,True,2014-04-12 07:57:32,2014-04-12 07:57:32
6051685,Francesca,True,2016-09-15 21:23:10,2016-09-15 21:23:10
6053172,Noa,False,2013-05-26 14:54:56,2013-05-26 14:54:56
6063739,Max,True,2019-01-06 07:27:00,2019-01-06 07:27:00
6063858,Ekkehard,True,2021-08-06 20:59:57,2021-08-06 20:59:57
6070390,Gia,False,2017-08-25 10:17:44,2017-08-25 10:17:44
6070708,Layla,True,2017-05-20 19:00:42,2017-05-20 19:00:42
6070830,Johannes,False,2020-07-14 16:17:35,2020-07-14 16:17:35
6073146,Sandra,True,2018-12-20 03:02:47,2018-12-20 03:02:47
6074400,Eliav,False,2013-05-29 22:20:18,2013-05-29 22:20:18
6082386,Marco,False,2016-03-05 20:11:10,2016-03-05 20:11:10
6085639,Samira,False,2015-07-11 18:23:37,2015-07-11 18:23:37
6087414,Sandra,False,2021-10-21 13:14:19,2021-10-21 13:14:19
6093732,M,False,2017-11-20 13:51:29,2017-11-20 13:51:29
6099328,Klaus,False,2013-07-09 12:27:19,2013-07-09 12:27:19
6100253,Sandra,False,2015-10-18 14:37:51,2015-10-18 14:37:51
6106940,Nikolas,False,2019-10-07 04:31:43,2019-10-07 04:31:43
6110838,Rachele,False,2019-10-13 23:54:15,2019-10-13 23:54:15
6124221,Andrea,False,2013-06-27 17:51:57,2013-06-27 17:51:57
6124361,Elena,False,2013-05-20 08:42:08,2013-05-20 08:42:08
6124709,Sigrid,False,2013-05-30 03:49:41,2013-05-30 03:49:41
6127369,Domi,False,2018-02-06 21:58:17,2018-02-06 21:58:17
6130801,Marcus,True,2017-05-12 09:40:42,2017-05-12 09:40:42
6132644,Katie,False,2017-02-07 18:20:54,2017-02-07 18:20:54
6132926,Katja,False,2013-07-23 22:59:13,2013-07-23 22:59:13
6144401,Daniel,False,2014-08-06 03:41:19,2014-08-06 03:41:19
6146026,Amira,False,2019-04-13 08:07:18,2019-04-13 08:07:18
6147334,Rike,False,2018-07-19 17:15:19,2018-07-19 17:15:19
6156867,Lena,False,2021-08-17 19:54:50,2021-08-17 19:54:50
6159547,Klaus,False,2015-08-15 13:15:03,2015-08-15 13:15:03
6159706,Bele,True,2016-08-02 07:29:59,2016-08-02 07:29:59
6162307,Daniel,False,2015-12-29 00:18:14,2015-12-29 00:18:14
6164101,Robert,False,2017-08-13 22:29:59,2017-08-13 22:29:59
6166493,Carolina,False,2019-09-04 22:45:17,2019-09-04 22:45:17
6168170,Malte,False,2015-12-05 23:38:32,2015-12-05 23:38:32
6172570,Marc.,False,2015-08-27 04:58:02,2015-08-27 04:58:02
6173350,Rebecca,False,2018-07-15 22:06:05,2018-07-15 22:06:05
6174626,Lydia,False,2016-05-24 22:40:23,2016-05-24 22:40:23
6178686,Carolina,True,2019-08-15 08:41:54,2019-08-15 08:41:54
6182410,Julia Lara,False,2021-11-05 22:01:51,2021-11-05 22:01:51
6184616,Lukas,False,2021-11-09 10:42:29,2021-11-09 10:42:29
6189019,Stefanie,False,2016-07-11 14:28:36,2016-07-11 14:28:36
6189890,Hermann,False,2021-10-09 10:53:53,2021-10-09 10:53:53
6199802,Moritz,False,2015-08-18 02:33:39,2015-08-18 02:33:39
6199997,Clara,False,2017-01-01 22:29:31,2017-01-01 22:29:31
6203269,Kolja,False,2021-10-27 15:47:38,2021-10-27 15:47:38
6204418,Mel,True,2019-08-12 16:37:40,2019-08-12 16:37:40
6206246,"Sabine ""Holli""",False,2015-07-16 05:58:30,2015-07-16 05:58:30
6209920,Maria,True,2015-09-15 20:44:53,2015-09-15 20:44:53
6220454,Mina,False,2021-11-09 15:06:03,2021-11-09 15:06:03
6226344,Tine,True,2013-05-05 08:50:16,2013-05-05 08:50:16
6226529,Thomas,True,2016-03-20 00:51:03,2016-03-20 00:51:03
6231480,Romina,False,2016-03-23 19:28:30,2016-03-23 19:28:30
6233753,Thorsten,False,2016-04-12 13:33:58,2016-04-12 13:33:58
6234930,Julia,False,2017-06-16 05:41:05,2017-06-16 05:41:05
6239045,Michaela,False,2018-09-07 13:19:33,2018-09-07 13:19:33
6246883,Ciril,False,2015-11-02 12:07:47,2015-11-02 12:07:47
6249813,Harald,False,2013-08-02 16:26:41,2013-08-02 16:26:41
6258829,Natalia,False,2019-12-19 11:43:56,2019-12-19 11:43:56
6265395,Laura,False,2018-07-09 04:36:42,2018-07-09 04:36:42
6267519,Christopher,False,2021-11-16 14:21:11,2021-11-16 14:21:11
6268762,Laura,False,2019-12-25 19:27:05,2019-12-25 19:27:05
6273446,Lexi,False,2019-12-21 18:29:22,2019-12-21 18:29:22
6292483,Anna,True,2013-08-15 10:45:41,2013-08-15 10:45:41
6300727,Birgit,True,2013-07-28 16:24:10,2013-07-28 16:24:10
6302373,Andreas,False,2015-04-26 09:32:57,2015-04-26 09:32:57
6318287,Izvor,False,2021-10-22 19:36:00,2021-10-22 19:36:00
6318510,Marleen,False,2015-04-05 22:57:42,2015-04-05 22:57:42
6318748,Jessica,False,2015-11-03 04:43:10,2015-11-03 04:43:10
6321453,Daniel,True,2019-11-28 02:53:30,2019-11-28 02:53:30
6323869,Wendelin,True,2017-11-30 00:35:57,2017-11-30 00:35:57
6331662,Bubu,False,2017-10-09 17:18:13,2017-10-09 17:18:13
6334003,Rudolf,False,2014-04-14 01:09:17,2014-04-14 01:09:17
6335539,Nikolai,False,2016-03-22 06:22:08,2016-03-22 06:22:08
6344185,Lisha,False,2016-03-08 06:18:06,2016-03-08 06:18:06
6344210,Jean-Luc,False,2017-02-27 05:13:14,2017-02-27 05:13:14
6345039,Jan,False,2013-07-09 21:12:33,2013-07-09 21:12:33
6347549,Alex,True,2018-04-19 01:37:15,2018-04-19 01:37:15
6347860,Ulrich,False,2013-08-23 11:15:07,2013-08-23 11:15:07
6348024,Jérémie,False,2017-06-06 04:18:21,2017-06-06 04:18:21
6350335,Gabriele,False,2016-10-20 22:58:44,2016-10-20 22:58:44
6353600,Lisa,False,2021-11-14 17:31:21,2021-11-14 17:31:21
6353673,Elina,False,2016-12-04 14:49:37,2016-12-04 14:49:37
6354841,Meggie,True,2018-08-16 09:29:29,2018-08-16 09:29:29
6355189,Maileen,False,2017-04-13 23:11:24,2017-04-13 23:11:24
6363325,Wanja,False,2015-06-17 08:26:08,2015-06-17 08:26:08
6364320,Börge,False,2018-02-13 08:45:13,2018-02-13 08:45:13
6366832,Nehemias,True,2019-01-02 07:44:29,2019-01-02 07:44:29
6368527,Johannes,False,2019-11-08 18:43:24,2019-11-08 18:43:24
6376823,Gini,False,2016-07-10 02:03:12,2016-07-10 02:03:12
6381968,Isabella,False,2017-09-26 16:36:18,2017-09-26 16:36:18
6383363,Thomas,False,2016-05-02 21:46:37,2016-05-02 21:46:37
6385144,Rayvei,False,2021-10-31 08:17:15,2021-10-31 08:17:15
6385859,City West,False,2013-06-01 07:38:42,2013-06-01 07:38:42
6388605,Alexander,False,2018-10-17 20:10:03,2018-10-17 20:10:03
6390440,Mata,False,2013-06-13 23:47:02,2013-06-13 23:47:02
6398027,Heather,False,2021-11-14 09:49:43,2021-11-14 09:49:43
6398950,Susy,False,2014-07-19 16:53:46,2014-07-19 16:53:46
6404042,Kerstin,False,2018-05-10 03:33:03,2018-05-10 03:33:03
6409782,Iris,False,2019-04-30 18:21:12,2019-04-30 18:21:12
6420472,Gerit Bella,True,2014-12-11 03:36:21,2014-12-11 03:36:21
6421569,Tobias,False,2014-12-19 10:55:43,2014-12-19 10:55:43
6423501,Ina,False,2017-06-11 19:31:00,2017-06-11 19:31:00
6423867,Paul,False,2017-03-20 08:51:49,2017-03-20 08:51:49
6430567,Sebastian,False,2017-08-15 06:50:37,2017-08-15 06:50:37
6431572,Lulu,False,2021-11-04 03:46:19,2021-11-04 03:46:19
6435317,Tatjana,False,2019-07-21 21:26:47,2019-07-21 21:26:47
6435581,Anja,False,2016-09-18 18:38:59,2016-09-18 18:38:59
6438552,Stephanie,True,2013-06-11 02:56:43,2013-06-11 02:56:43
6444753,Doerthe,True,2013-10-21 02:55:24,2013-10-21 02:55:24
6445502,Edda,False,2018-07-09 18:29:50,2018-07-09 18:29:50
6455043,Ulrike,False,2021-10-28 13:12:58,2021-10-28 13:12:58
6455819,Samira,True,2017-06-04 01:59:50,2017-06-04 01:59:50
6457403,Julia,False,2013-10-09 08:19:51,2013-10-09 08:19:51
6465260,Steffen,False,2018-04-24 11:12:55,2018-04-24 11:12:55
6483252,Felix,False,2015-09-27 19:22:44,2015-09-27 19:22:44
6484949,Valesca,False,2019-08-13 20:51:46,2019-08-13 20:51:46
6484975,Miguel,False,2015-07-13 19:10:11,2015-07-13 19:10:11
6485008,Andrea,True,2013-08-27 16:01:59,2013-08-27 16:01:59
6488558,Thassilo,False,2015-12-25 19:09:21,2015-12-25 19:09:21
6489161,Lionel,True,2017-08-12 15:34:14,2017-08-12 15:34:14
6496447,Janosh,False,2021-05-20 12:21:31,2021-05-20 12:21:31
6499598,Pablo,False,2014-09-13 19:49:00,2014-09-13 19:49:00
6505391,Martin,False,2021-11-12 00:47:20,2021-11-12 00:47:20
6506688,Furat,False,2018-03-06 06:39:02,2018-03-06 06:39:02
6522168,Alan,True,2014-01-31 01:18:37,2014-01-31 01:18:37
6526396,Laura,False,2021-10-31 11:52:42,2021-10-31 11:52:42
6536070,Rudi,True,2018-09-01 10:26:49,2018-09-01 10:26:49
6538853,Karola,False,2014-10-15 16:02:56,2014-10-15 16:02:56
6543031,Claudia,True,2018-07-19 06:34:58,2018-07-19 06:34:58
6546445,Lukas,False,2016-11-21 12:41:30,2016-11-21 12:41:30
6549867,Yvonne & Thomas,True,2013-07-04 22:58:17,2013-07-04 22:58:17
6551394,Adi,False,2018-03-19 12:51:36,2018-03-19 12:51:36
6551626,Claudia,False,2021-11-08 17:44:12,2021-11-08 17:44:12
6564682,Jazzy,False,2019-04-24 13:24:47,2019-04-24 13:24:47
6566668,Stephanie,False,2013-07-03 17:55:37,2013-07-03 17:55:37
6572385,Adam,False,2017-05-04 18:37:14,2017-05-04 18:37:14
6574138,Conny,False,2014-09-22 07:44:30,2014-09-22 07:44:30
6580269,Agathe,False,2021-11-10 00:09:30,2021-11-10 00:09:30
6580478,Nastasia,False,2020-10-15 22:37:26,2020-10-15 22:37:26
6584336,Martina,True,2014-04-16 16:12:43,2014-04-16 16:12:43
6584851,Eva,False,2013-12-16 07:18:13,2013-12-16 07:18:13
6587650,Andreas,False,2015-08-19 20:49:11,2015-08-19 20:49:11
6588733,Monika,True,2016-09-08 16:10:53,2016-09-08 16:10:53
6593666,Jee,False,2021-11-07 01:42:05,2021-11-07 01:42:05
6593941,Emma,False,2018-09-13 03:35:06,2018-09-13 03:35:06
6598506,Dila,False,2016-12-16 12:05:07,2016-12-16 12:05:07
6630483,Ulrike,True,2013-12-25 07:25:02,2013-12-25 07:25:02
6631653,Mia C.,False,2016-07-28 09:02:58,2016-07-28 09:02:58
6631719,Asta,False,2018-03-14 11:21:03,2018-03-14 11:21:03
6635876,Thomas,False,2013-10-19 18:54:43,2013-10-19 18:54:43
6636003,Miranda,False,2015-12-20 19:48:51,2015-12-20 19:48:51
6636571,Jey,True,2019-04-22 10:14:56,2019-04-22 10:14:56
6637229,Cristina,False,2017-02-12 15:48:10,2017-02-12 15:48:10
6639099,Familie Claus Jagdhuhn Roch,True,2015-10-16 13:01:59,2015-10-16 13:01:59
6649169,Sven,False,2015-10-30 22:51:52,2015-10-30 22:51:52
6649313,Matthias,False,2016-09-14 23:16:49,2016-09-14 23:16:49
6657704,Olivier,True,2014-09-21 01:50:22,2014-09-21 01:50:22
6659601,Nataliia,False,2021-09-21 05:00:15,2021-09-21 05:00:15
6660317,Sebastian,True,2019-09-26 22:29:33,2019-09-26 22:29:33
6664785,Philipp,False,2015-07-21 19:09:29,2015-07-21 19:09:29
6665646,Anna,False,2018-05-14 10:40:21,2018-05-14 10:40:21
6666365,Katharina,False,2016-11-19 14:52:12,2016-11-19 14:52:12
6666610,Naz,False,2018-08-26 22:58:13,2018-08-26 22:58:13
6667247,Carlotta,False,2017-12-25 05:52:48,2017-12-25 05:52:48
6667328,Alexander,True,2020-07-28 00:13:07,2020-07-28 00:13:07
6682282,Ines,True,2018-11-23 11:36:43,2018-11-23 11:36:43
6686989,Fiona,False,2019-07-06 11:52:42,2019-07-06 11:52:42
6688141,Nadja,False,2017-06-23 01:35:47,2017-06-23 01:35:47
6692089,Verena,False,2015-08-16 16:17:42,2015-08-16 16:17:42
6692311,Tobias,False,2018-04-17 20:59:36,2018-04-17 20:59:36
6692385,David,False,2021-10-22 17:39:43,2021-10-22 17:39:43
6693676,Malin,False,2021-11-08 23:05:35,2021-11-08 23:05:35
6694682,Marcel,False,2019-06-20 21:36:07,2019-06-20 21:36:07
6698582,Daniel,False,2017-09-22 16:38:03,2017-09-22 16:38:03
6703283,Sophie,False,2021-11-14 08:48:30,2021-11-14 08:48:30
6709799,Markus,False,2016-12-18 01:24:18,2016-12-18 01:24:18
6711220,Ella,True,2020-02-20 15:36:52,2020-02-20 15:36:52
6711612,Elena,False,2016-08-01 16:12:04,2016-08-01 16:12:04
6712574,Andy,True,2020-09-30 21:01:29,2020-09-30 21:01:29
6712655,Daniel,False,2021-10-21 11:05:59,2021-10-21 11:05:59
6719262,Samira,False,2015-12-21 09:20:30,2015-12-21 09:20:30
6719488,Krzysztof,False,2016-06-12 19:58:01,2016-06-12 19:58:01
6721827,Laura,False,2015-11-14 12:49:22,2015-11-14 12:49:22
6732062,Enrico,False,2014-10-12 20:18:16,2014-10-12 20:18:16
6734209,Thomas,False,2021-09-18 00:17:55,2021-09-18 00:17:55
6734609,Simone,False,2015-08-03 09:55:51,2015-08-03 09:55:51
6738041,Tobi,False,2021-11-12 23:46:19,2021-11-12 23:46:19
6742172,Ines,False,2017-05-15 05:01:36,2017-05-15 05:01:36
6747871,Michael,False,2017-07-19 17:26:11,2017-07-19 17:26:11
6748543,Manuel,True,2019-11-29 19:56:33,2019-11-29 19:56:33
6748983,Thomas,False,2014-05-28 00:31:25,2014-05-28 00:31:25
6757487,Malou,False,2018-04-15 03:02:36,2018-04-15 03:02:36
6758980,Martina,True,2017-08-22 03:58:33,2017-08-22 03:58:33
6762020,Klaus,True,2016-04-16 21:26:30,2016-04-16 21:26:30
6775145,Wilson,False,2019-07-30 14:30:42,2019-07-30 14:30:42
6776410,Johanna,False,2021-11-06 07:02:58,2021-11-06 07:02:58
6782131,Christian,True,2013-06-25 21:29:26,2013-06-25 21:29:26
6783079,Patricia,False,2013-07-02 08:12:15,2013-07-02 08:12:15
6783646,Vincent Drost,False,2014-04-29 10:51:33,2014-04-29 10:51:33
6799339,Andre,False,2014-10-08 21:02:35,2014-10-08 21:02:35
6802585,Judith,False,2016-02-08 16:49:59,2016-02-08 16:49:59
6804050,Lara,False,2018-06-27 21:07:17,2018-06-27 21:07:17
6805780,Nathalie,False,2018-09-15 08:42:59,2018-09-15 08:42:59
6811053,Blair,False,2016-07-04 16:06:51,2016-07-04 16:06:51
6812311,Valeria,False,2016-07-29 22:38:19,2016-07-29 22:38:19
6815251,Yael,False,2018-09-15 23:52:04,2018-09-15 23:52:04
6817854,Bibu,True,2013-06-08 17:24:32,2013-06-08 17:24:32
6823092,Thomas,True,2013-07-31 06:53:01,2013-07-31 06:53:01
6829764,Adam,False,2021-11-04 19:42:29,2021-11-04 19:42:29
6831093,Johnny,False,2014-09-30 09:34:38,2014-09-30 09:34:38
6834138,Inga,False,2021-10-22 12:41:10,2021-10-22 12:41:10
6836604,Flora,False,2017-02-20 23:44:13,2017-02-20 23:44:13
6838022,Valentina,False,2021-10-22 14:04:45,2021-10-22 14:04:45
6839048,Stine,False,2018-02-21 19:54:44,2018-02-21 19:54:44
6839883,Nik,False,2015-11-02 22:50:29,2015-11-02 22:50:29
6841077,Julia,False,2019-08-01 04:53:23,2019-08-01 04:53:23
6841431,Frank & Elin,False,2014-03-01 12:18:24,2014-03-01 12:18:24
6841935,Kai-Rochus,False,2015-08-04 22:35:07,2015-08-04 22:35:07
6842515,Catrin,False,2017-09-06 03:24:14,2017-09-06 03:24:14
6844683,Jan,False,2021-11-10 09:46:43,2021-11-10 09:46:43
6852879,Christopher,False,2021-11-02 11:59:02,2021-11-02 11:59:02
6853157,Andrea,False,2013-06-28 04:01:56,2013-06-28 04:01:56
6854633,Mareen,False,2019-08-28 21:09:55,2019-08-28 21:09:55
6860402,Inga,False,2016-01-04 23:11:57,2016-01-04 23:11:57
6870892,V.,True,2013-08-14 21:47:53,2013-08-14 21:47:53
6871880,Jeanne,False,2021-11-02 04:55:04,2021-11-02 04:55:04
6875017,Caspar,False,2017-01-01 12:46:33,2017-01-01 12:46:33
6880089,Carmen,True,2016-03-22 20:59:07,2016-03-22 20:59:07
6882486,Maria Und Dani,False,2013-06-12 17:10:40,2013-06-12 17:10:40
6888987,Avi,False,2018-10-28 17:54:17,2018-10-28 17:54:17
6889245,Jodi,False,2016-06-18 13:59:43,2016-06-18 13:59:43
6889725,Simikka,False,2018-11-01 00:33:42,2018-11-01 00:33:42
6901954,Siegmar,False,2021-02-23 11:32:41,2021-02-23 11:32:41
6902038,Uli,False,2015-05-25 12:52:03,2015-05-25 12:52:03
6913255,Chloe,False,2020-07-15 21:17:00,2020-07-15 21:17:00
6913952,Jennifer,True,2017-03-31 09:45:31,2017-03-31 09:45:31
6914386,Nastja,False,2021-10-28 03:45:28,2021-10-28 03:45:28
6915042,Barbara,False,2021-10-29 20:57:14,2021-10-29 20:57:14
6918365,Jana,False,2021-10-31 05:57:30,2021-10-31 05:57:30
6923376,Heike,False,2013-08-31 02:10:14,2013-08-31 02:10:14
6923662,Stephan,False,2021-11-18 08:36:33,2021-11-18 08:36:33
6940392,Marie,True,2015-03-27 21:10:04,2015-03-27 21:10:04
6944165,Lisa,False,2015-06-29 13:57:20,2015-06-29 13:57:20
6944715,Tom,True,2015-07-22 09:01:48,2015-07-22 09:01:48
6951911,Rita,False,2019-07-28 14:23:30,2019-07-28 14:23:30
6952208,Anne,False,2013-09-17 04:12:29,2013-09-17 04:12:29
6955851,Dietrich,False,2017-08-01 04:37:11,2017-08-01 04:37:11
6956984,Conner,False,2016-03-30 17:55:11,2016-03-30 17:55:11
6958069,Jörg,False,2021-10-29 17:07:59,2021-10-29 17:07:59
6962136,Christophe,True,2017-03-09 00:45:55,2017-03-09 00:45:55
6964953,Kolja,True,2019-05-11 13:53:09,2019-05-11 13:53:09
6966463,Araí,True,2019-05-20 16:46:50,2019-05-20 16:46:50
6978996,Gabriel,False,2016-07-29 15:21:01,2016-07-29 15:21:01
6983472,Dominique,False,2018-07-30 13:00:13,2018-07-30 13:00:13
6983517,Coco,True,2014-10-09 11:23:51,2014-10-09 11:23:51
6985688,Meike,False,2015-10-12 10:57:06,2015-10-12 10:57:06
6986690,Mani,False,2013-06-14 00:26:59,2013-06-14 00:26:59
6987001,Thomas,False,2021-09-10 21:40:00,2021-09-10 21:40:00
6993550,Rytis,False,2019-01-09 12:01:26,2019-01-09 12:01:26
6995696,Luc,False,2020-02-28 14:48:24,2020-02-28 14:48:24
6997446,Anneta,False,2016-02-27 22:12:27,2016-02-27 22:12:27
6998839,Andreas,False,2017-12-27 22:03:28,2017-12-27 22:03:28
6999167,Emma,True,2016-08-04 14:07:12,2016-08-04 14:07:12
7002417,Martina,False,2021-11-06 12:25:36,2021-11-06 12:25:36
7007500,Ben,False,2015-08-16 15:29:32,2015-08-16 15:29:32
7008325,Mimi,False,2013-08-01 17:17:40,2013-08-01 17:17:40
7013190,Sara,False,2013-06-26 14:05:16,2013-06-26 14:05:16
7013537,Elie,False,2018-05-14 12:37:18,2018-05-14 12:37:18
7013887,Matteo,False,2021-10-27 06:38:54,2021-10-27 06:38:54
7016883,Christoph,False,2018-02-25 17:52:19,2018-02-25 17:52:19
7016908,Clara,False,2021-11-04 23:22:47,2021-11-04 23:22:47
7020858,Judith,False,2015-11-30 00:13:19,2015-11-30 00:13:19
7021592,Nadja,False,2021-10-29 00:24:08,2021-10-29 00:24:08
7023585,Christian,True,2019-04-05 10:29:01,2019-04-05 10:29:01
7023703,Svenja Lisa,False,2017-04-02 02:01:09,2017-04-02 02:01:09
7024580,Raquel,False,2021-10-28 00:41:14,2021-10-28 00:41:14
7025570,Quentin,False,2021-10-27 03:10:36,2021-10-27 03:10:36
7025819,Frederik,False,2017-07-28 00:45:02,2017-07-28 00:45:02
7030716,Reyko,False,2019-07-11 03:02:25,2019-07-11 03:02:25
7031936,Hotel,False,2020-02-24 16:36:07,2020-02-24 16:36:07
7035736,Philip,False,2013-11-27 03:39:38,2013-11-27 03:39:38
7040329,Maria,False,2015-07-10 09:56:31,2015-07-10 09:56:31
7040480,Ursula,True,2019-10-16 13:03:50,2019-10-16 13:03:50
7045173,Heike,False,2020-07-03 22:47:11,2020-07-03 22:47:11
7046251,Kevin,False,2018-05-28 04:40:45,2018-05-28 04:40:45
7047051,Peter,False,2015-09-05 21:24:13,2015-09-05 21:24:13
7047741,Jacqueline,False,2016-07-26 00:34:51,2016-07-26 00:34:51
7049251,Mareen,False,2020-07-26 17:59:19,2020-07-26 17:59:19
7049784,Grit,False,2013-08-12 05:24:17,2013-08-12 05:24:17
7053397,Marco,False,2016-09-14 10:28:34,2016-09-14 10:28:34
7054387,Stefan,False,2016-05-05 12:10:10,2016-05-05 12:10:10
7061458,Robert,False,2021-11-12 22:24:46,2021-11-12 22:24:46
7070629,Katrin,True,2013-07-30 07:27:07,2013-07-30 07:27:07
7080701,Katrin,False,2021-09-01 22:51:15,2021-09-01 22:51:15
7082632,Ricardo,False,2019-05-26 06:14:23,2019-05-26 06:14:23
7083302,Moritz Johannes,True,2018-05-02 06:27:58,2018-05-02 06:27:58
7085590,Elisa,True,2019-10-17 16:06:40,2019-10-17 16:06:40
7085812,Lucio,True,2017-01-11 03:33:03,2017-01-11 03:33:03
7090817,Luisa,False,2014-05-10 20:31:42,2014-05-10 20:31:42
7101186,Katja,True,2013-06-23 12:28:42,2013-06-23 12:28:42
7101976,Sandra,False,2021-08-27 12:26:04,2021-08-27 12:26:04
7102412,Elena,False,2015-08-11 00:12:46,2015-08-11 00:12:46
7104635,Laura,True,2020-01-07 10:30:20,2020-01-07 10:30:20
7106671,Heike,False,2013-08-09 07:56:23,2013-08-09 07:56:23
7107063,Claire,False,2021-09-05 02:05:39,2021-09-05 02:05:39
7110642,Fabian,False,2016-07-17 08:16:36,2016-07-17 08:16:36
7113017,Rom,False,2014-02-21 01:12:42,2014-02-21 01:12:42
7113054,Hannah,False,2017-06-16 22:29:39,2017-06-16 22:29:39
7114027,Evelyn,False,2016-05-29 11:23:43,2016-05-29 11:23:43
7123370,Dori,False,2013-07-25 20:54:36,2013-07-25 20:54:36
7133966,Vandana,False,2021-11-18 15:40:54,2021-11-18 15:40:54
7134203,Sophia,False,2021-11-09 18:54:12,2021-11-09 18:54:12
7134487,Felicia,False,2016-11-24 22:34:56,2016-11-24 22:34:56
7135007,India,False,2016-01-19 17:14:28,2016-01-19 17:14:28
7136160,Jiji,False,2021-11-06 10:29:55,2021-11-06 10:29:55
7141108,Kurt,False,2021-10-31 16:28:27,2021-10-31 16:28:27
7144113,Sabrina,False,2014-05-09 00:11:16,2014-05-09 00:11:16
7148967,Matthew,False,2014-07-15 05:07:20,2014-07-15 05:07:20
7150142,Cordula,False,2021-06-23 02:26:50,2021-06-23 02:26:50
7150491,Karl Uwe,False,2013-04-25 10:33:05,2013-04-25 10:33:05
7155789,Marlon,False,2018-08-22 22:43:36,2018-08-22 22:43:36
7156182,Bob,False,2021-11-03 13:32:26,2021-11-03 13:32:26
7161235,Melinda,False,2017-04-23 08:39:00,2017-04-23 08:39:00
7161494,Sebastian,False,2021-06-20 14:47:19,2021-06-20 14:47:19
7161882,Tobias,False,2015-10-28 11:48:59,2015-10-28 11:48:59
7163857,Alex,False,2017-04-18 23:39:00,2017-04-18 23:39:00
7172137,Annelen,False,2017-08-30 07:54:30,2017-08-30 07:54:30
7177149,Ailin,False,2019-12-17 02:23:30,2019-12-17 02:23:30
7179481,Gaetano,False,2017-02-13 18:11:15,2017-02-13 18:11:15
7180371,Gunilla,True,2013-08-13 21:16:36,2013-08-13 21:16:36
7190946,Jens,False,2016-01-01 23:37:02,2016-01-01 23:37:02
7194747,Sebastien,True,2013-08-04 15:05:49,2013-08-04 15:05:49
7198786,Oliver,False,2018-01-07 00:35:39,2018-01-07 00:35:39
7203652,Jasmin Isabelle,False,2016-09-22 17:50:55,2016-09-22 17:50:55
7209360,Martina,True,2013-06-28 06:36:02,2013-06-28 06:36:02
7210477,Katriina,False,2021-11-12 12:08:00,2021-11-12 12:08:00
7214537,Sarah,False,2019-02-05 06:40:07,2019-02-05 06:40:07
7227202,Ozan,False,2018-04-19 02:31:31,2018-04-19 02:31:31
7232336,Rinze,False,2017-07-16 22:43:40,2017-07-16 22:43:40
7234685,Tido & Annika,True,2020-02-16 19:35:42,2020-02-16 19:35:42
7248391,Christian,False,2019-10-24 05:37:47,2019-10-24 05:37:47
7254664,Sunny,False,2014-09-06 05:10:26,2014-09-06 05:10:26
7255902,Tim,False,2021-10-23 03:06:04,2021-10-23 03:06:04
7259521,Rose,False,2017-01-30 15:20:17,2017-01-30 15:20:17
7259553,Anja,False,2016-05-16 11:24:10,2016-05-16 11:24:10
7261024,Samira,False,2018-12-23 11:05:45,2018-12-23 11:05:45
7278838,Raimund,False,2014-11-07 21:33:47,2014-11-07 21:33:47
7283426,Anne,False,2021-11-08 15:10:11,2021-11-08 15:10:11
7285808,Sefana,False,2021-11-17 04:59:54,2021-11-17 04:59:54
7296581,Travis,True,2019-06-24 00:16:47,2019-06-24 00:16:47
7297221,Armin,False,2017-10-07 21:21:20,2017-10-07 21:21:20
7299364,Nicolas,False,2017-07-14 21:54:22,2017-07-14 21:54:22
7300975,Joscha,False,2017-08-21 04:19:37,2017-08-21 04:19:37
7302854,Daniel,False,2015-08-31 23:03:08,2015-08-31 23:03:08
7306430,Francesco,True,2013-12-27 07:35:22,2013-12-27 07:35:22
7306670,Familie Timm,False,2018-07-11 12:20:53,2018-07-11 12:20:53
7311165,Jan,True,2017-05-31 04:00:14,2017-05-31 04:00:14
7311494,Stefano,False,2020-02-08 19:00:50,2020-02-08 19:00:50
7313508,Tommy,False,2016-09-28 01:06:50,2016-09-28 01:06:50
7318498,Kaja,False,2018-02-19 01:59:43,2018-02-19 01:59:43
7320833,Wiebke,False,2019-09-28 19:34:49,2019-09-28 19:34:49
7321244,Santiago,False,2017-05-09 05:40:47,2017-05-09 05:40:47
7330871,Pietro,False,2021-10-26 14:59:47,2021-10-26 14:59:47
7345803,Roberta,False,2014-07-19 18:39:38,2014-07-19 18:39:38
7347235,Anna,False,2015-08-17 16:19:58,2015-08-17 16:19:58
7350493,Helmut,False,2015-04-07 13:28:35,2015-04-07 13:28:35
7358286,Anna,False,2016-07-29 14:15:26,2016-07-29 14:15:26
7358781,Tessa,False,2021-11-12 16:07:17,2021-11-12 16:07:17
7368302,Moses,False,2018-07-07 01:42:07,2018-07-07 01:42:07
7369609,Anna-Lena,False,2021-10-27 19:39:29,2021-10-27 19:39:29
7371707,Carole,False,2015-02-26 09:01:08,2015-02-26 09:01:08
7375828,Rolf,False,2013-08-17 17:11:07,2013-08-17 17:11:07
7386888,Achim,False,2018-06-18 23:58:02,2018-06-18 23:58:02
7388070,Neta,False,2018-05-29 21:13:15,2018-05-29 21:13:15
7390327,Alexandre,True,2021-06-25 01:16:19,2021-06-25 01:16:19
7391389,Kolja,False,2016-07-24 15:51:49,2016-07-24 15:51:49
7393590,Claudia,False,2021-10-26 22:12:08,2021-10-26 22:12:08
7393812,Marie,False,2019-03-06 15:33:47,2019-03-06 15:33:47
7394457,Pauliona,False,2016-03-16 08:15:16,2016-03-16 08:15:16
7398557,Judith,False,2018-08-07 01:14:42,2018-08-07 01:14:42
7404071,Marta,False,2016-05-19 08:46:36,2016-05-19 08:46:36
7404237,Jana,False,2020-09-22 18:55:34,2020-09-22 18:55:34
7421058,Michal,False,2019-09-06 13:57:10,2019-09-06 13:57:10
7422508,Elsa,False,2016-07-13 05:55:11,2016-07-13 05:55:11
7424890,Stefan,False,2021-10-31 18:16:38,2021-10-31 18:16:38
7427469,Raoul,False,2021-11-04 15:25:51,2021-11-04 15:25:51
7431620,Je Min,False,2019-07-06 16:48:32,2019-07-06 16:48:32
7431793,Marius,False,2021-11-06 22:14:24,2021-11-06 22:14:24
7435233,Luca,False,2017-08-27 03:26:49,2017-08-27 03:26:49
7435301,Nadine,False,2016-11-17 02:08:00,2016-11-17 02:08:00
7441123,Lucie,False,2015-05-02 02:34:05,2015-05-02 02:34:05
7443864,Simon,True,2018-09-18 04:43:57,2018-09-18 04:43:57
7445858,Christophe,False,2013-07-26 18:39:49,2013-07-26 18:39:49
7446057,Mélissa,False,2021-10-25 04:30:41,2021-10-25 04:30:41
7447225,Judith,False,2017-03-25 17:10:21,2017-03-25 17:10:21
7447773,Katha,False,2021-10-23 11:59:22,2021-10-23 11:59:22
7452832,Leanne,True,2019-12-30 07:01:55,2019-12-30 07:01:55
7454471,Kathrin,False,2021-05-30 02:46:43,2021-05-30 02:46:43
7458512,Katja,False,2021-11-02 23:35:38,2021-11-02 23:35:38
7464895,Benno,False,2013-07-06 08:04:03,2013-07-06 08:04:03
7474571,Lukas,False,2019-06-14 17:23:46,2019-06-14 17:23:46
7475147,Zachi,False,2020-08-28 21:37:38,2020-08-28 21:37:38
7479020,Oksana,False,2016-04-25 12:12:48,2016-04-25 12:12:48
7489142,Wolfgang,False,2021-10-22 08:41:36,2021-10-22 08:41:36
7492959,Alisa,False,2015-09-03 18:18:21,2015-09-03 18:18:21
7493737,René,False,2015-04-24 07:00:00,2015-04-24 07:00:00
7495644,Bastian,False,2021-11-02 10:48:27,2021-11-02 10:48:27
7496038,Sebastian,False,2021-05-07 10:15:29,2021-05-07 10:15:29
7498147,Johannes,False,2015-09-03 13:02:33,2015-09-03 13:02:33
7502783,Jessica,False,2017-06-16 20:02:32,2017-06-16 20:02:32
7517055,Laura,False,2017-04-26 00:08:52,2017-04-26 00:08:52
7517858,Jenny,False,2015-05-27 11:47:47,2015-05-27 11:47:47
7526751,Stanislav,False,2015-05-10 21:54:59,2015-05-10 21:54:59
7530729,Jutta,False,2013-07-24 20:39:48,2013-07-24 20:39:48
7538606,Lena,False,2016-08-23 08:21:45,2016-08-23 08:21:45
7538799,Lina,False,2017-09-06 02:47:47,2017-09-06 02:47:47
7541984,Philipp,False,2016-12-19 20:36:57,2016-12-19 20:36:57
7544745,Sergi,False,2016-09-20 17:33:05,2016-09-20 17:33:05
7545909,Poca,True,2013-07-27 05:08:29,2013-07-27 05:08:29
7552025,Farid,True,2015-12-20 23:57:41,2015-12-20 23:57:41
7567642,Rajendra,False,2021-07-05 17:28:43,2021-07-05 17:28:43
7568471,Luise,False,2014-05-18 05:10:52,2014-05-18 05:10:52
7568662,Mel,False,2014-09-06 14:04:37,2014-09-06 14:04:37
7575304,Mona,False,2021-11-15 17:35:42,2021-11-15 17:35:42
7585649,Beatrice,False,2013-07-24 04:12:41,2013-07-24 04:12:41
7587185,Sophie,False,2015-05-18 11:58:54,2015-05-18 11:58:54
7588445,Roman,False,2017-07-08 15:51:06,2017-07-08 15:51:06
7591391,Felix,False,2017-03-06 12:50:10,2017-03-06 12:50:10
7595030,Alice,False,2018-07-16 11:39:01,2018-07-16 11:39:01
7612325,Chantal,False,2014-07-25 15:29:57,2014-07-25 15:29:57
7624016,Maria Paz,False,2019-12-29 15:23:47,2019-12-29 15:23:47
7630037,Jörg,False,2021-10-29 22:30:29,2021-10-29 22:30:29
7631450,Marlena,False,2015-11-06 00:40:14,2015-11-06 00:40:14
7641518,Marcus,False,2018-12-10 23:03:37,2018-12-10 23:03:37
7643592,Julia,False,2017-07-05 14:04:02,2017-07-05 14:04:02
7645075,Sonja,False,2016-08-01 07:29:37,2016-08-01 07:29:37
7645150,Kelly,False,2020-07-06 15:32:37,2020-07-06 15:32:37
7654105,Ciro,False,2013-10-18 15:39:44,2013-10-18 15:39:44
7660196,Ella,False,2014-04-16 09:32:23,2014-04-16 09:32:23
7662733,Adi,True,2020-01-08 13:28:19,2020-01-08 13:28:19
7664653,Pia,False,2017-12-19 21:51:28,2017-12-19 21:51:28
7665526,Ulrike,False,2017-08-03 05:20:54,2017-08-03 05:20:54
7666276,Irina,False,2018-08-19 02:42:55,2018-08-19 02:42:55
7672003,Stefan,False,2021-10-25 18:06:23,2021-10-25 18:06:23
7672350,Ferdi,False,2018-07-19 08:24:07,2018-07-19 08:24:07
7679613,Corinna,False,2018-03-16 15:59:27,2018-03-16 15:59:27
7682212,Rene,False,2015-09-07 22:23:53,2015-09-07 22:23:53
7688174,Tamara,False,2021-11-19 21:15:17,2021-11-19 21:15:17
7689046,Francesca,False,2020-02-08 02:20:45,2020-02-08 02:20:45
7689466,Ingrid,False,2019-01-12 12:04:26,2019-01-12 12:04:26
7690651,Yvonne,False,2014-07-20 11:15:54,2014-07-20 11:15:54
7692781,Tatjana,False,2018-06-21 17:24:44,2018-06-21 17:24:44
7694683,Marcus & Katja,False,2013-07-23 16:06:35,2013-07-23 16:06:35
7695048,Saskia,False,2021-11-11 03:04:22,2021-11-11 03:04:22
7711221,Antje,False,2015-06-25 19:12:01,2015-06-25 19:12:01
7713529,Josephine,False,2014-12-07 01:51:32,2014-12-07 01:51:32
7714675,Wanda,False,2015-09-09 11:14:13,2015-09-09 11:14:13
7715690,Hoai,False,2021-11-14 23:59:19,2021-11-14 23:59:19
7717021,Ina,False,2017-08-01 11:49:51,2017-08-01 11:49:51
7718636,Betti,False,2013-08-02 15:51:21,2013-08-02 15:51:21
7722245,Marika,False,2021-11-08 21:51:27,2021-11-08 21:51:27
7726527,Jamina,False,2016-07-23 22:51:16,2016-07-23 22:51:16
7733950,Stephan,False,2016-08-20 18:34:40,2016-08-20 18:34:40
7739362,Jim,False,2015-07-07 20:58:31,2015-07-07 20:58:31
7743615,Andre,False,2015-04-04 08:44:21,2015-04-04 08:44:21
7756781,Hidde,False,2017-09-02 05:26:31,2017-09-02 05:26:31
7763213,Raphael,True,2019-03-19 19:46:09,2019-03-19 19:46:09
7769957,Frederic,False,2017-04-28 11:18:46,2017-04-28 11:18:46
7772115,Atar,False,2021-11-08 23:43:49,2021-11-08 23:43:49
7772829,Mark,True,2019-08-18 16:53:15,2019-08-18 16:53:15
7774382,Julia,False,2014-09-14 13:32:31,2014-09-14 13:32:31
7775858,Jonas,False,2021-11-18 23:48:06,2021-11-18 23:48:06
7780643,Susanne,False,2016-02-13 21:41:05,2016-02-13 21:41:05
7782518,Valerie,False,2017-06-30 09:13:30,2017-06-30 09:13:30
7790860,Uta,True,2017-09-04 03:33:32,2017-09-04 03:33:32
7793193,David,True,2016-01-27 18:15:35,2016-01-27 18:15:35
7799000,Sarah,False,2016-05-09 18:25:46,2016-05-09 18:25:46
7799349,Meggie,False,2016-11-26 21:14:37,2016-11-26 21:14:37
7804284,Enka,False,2013-09-09 22:32:49,2013-09-09 22:32:49
7805492,Dagmar,False,2018-10-29 03:29:07,2018-10-29 03:29:07
7806387,Rémi,False,2018-10-20 12:17:13,2018-10-20 12:17:13
7806997,Alexander,False,2018-07-21 17:55:43,2018-07-21 17:55:43
7814818,Sarah,False,2014-08-01 04:24:42,2014-08-01 04:24:42
7816001,Enrico,False,2021-11-02 13:14:37,2021-11-02 13:14:37
7818881,Tabea & Max,True,2021-03-19 11:31:57,2021-03-19 11:31:57
7818896,Jonas,True,2019-10-16 00:40:55,2019-10-16 00:40:55
7819153,Roxane,False,2021-11-01 11:30:09,2021-11-01 11:30:09
7820776,Ahmed Samir,False,2017-11-28 11:44:00,2017-11-28 11:44:00
7821233,Natalia,False,2016-06-01 02:21:08,2016-06-01 02:21:08
7822054,Karin,False,2016-07-02 04:52:14,2016-07-02 04:52:14
7824258,Stephan,False,2019-05-09 14:19:30,2019-05-09 14:19:30
7825880,Xiaofu,False,2021-10-28 15:55:33,2021-10-28 15:55:33
7836564,Rususdan,False,2020-09-10 00:03:54,2020-09-10 00:03:54
7840664,Stefanie,False,2020-01-23 19:47:28,2020-01-23 19:47:28
7843911,Jean-Francois,True,2014-09-22 14:52:30,2014-09-22 14:52:30
7846233,Dustin,False,2021-11-19 16:39:42,2021-11-19 16:39:42
7851769,Mavin,False,2018-05-24 12:15:46,2018-05-24 12:15:46
7862344,Laura,False,2021-10-25 09:03:50,2021-10-25 09:03:50
7870973,Dominique,False,2014-10-05 07:37:35,2014-10-05 07:37:35
7874854,Anna,False,2015-08-25 14:34:18,2015-08-25 14:34:18
7886166,Christian,True,2019-01-29 06:23:46,2019-01-29 06:23:46
7889655,Riccardo,False,2021-08-22 20:51:09,2021-08-22 20:51:09
7905210,Stephan,True,2014-01-25 02:00:11,2014-01-25 02:00:11
7908075,Miriam,True,2017-05-27 05:25:24,2017-05-27 05:25:24
7908994,Beatriz,False,2021-11-05 07:08:18,2021-11-05 07:08:18
7910455,Elena,False,2021-10-21 17:36:44,2021-10-21 17:36:44
7912934,Clarissa,False,2021-11-06 01:06:55,2021-11-06 01:06:55
7919827,Laura,False,2021-07-12 11:32:19,2021-07-12 11:32:19
7921212,Denise,False,2017-12-13 16:59:29,2017-12-13 16:59:29
7925731,Sue,True,2018-10-24 21:09:06,2018-10-24 21:09:06
7931616,Annagloria,False,2021-10-29 15:56:43,2021-10-29 15:56:43
7937228,Helania,False,2018-02-25 10:34:40,2018-02-25 10:34:40
7946999,Andrea,True,2015-03-03 03:45:51,2015-03-03 03:45:51
7953979,Lisa,False,2015-03-14 14:32:05,2015-03-14 14:32:05
7954755,Bathsheba,False,2020-04-09 11:16:50,2020-04-09 11:16:50
7954994,Daniele,False,2019-03-25 13:38:46,2019-03-25 13:38:46
7962082,Anna,False,2017-04-25 04:36:18,2017-04-25 04:36:18
7976555,Noemie,False,2021-11-13 23:32:48,2021-11-13 23:32:48
7976973,Jacqueline,False,2015-03-24 02:12:55,2015-03-24 02:12:55
7977414,Io,False,2021-10-22 21:55:23,2021-10-22 21:55:23
7979825,Dietmar,False,2021-10-26 16:42:47,2021-10-26 16:42:47
7982625,Claudio,False,2016-09-23 12:08:24,2016-09-23 12:08:24
7988400,Mimi,False,2017-05-30 03:22:46,2017-05-30 03:22:46
7993591,Luis,False,2015-12-06 19:53:48,2015-12-06 19:53:48
7995143,Katja,False,2015-09-07 11:10:07,2015-09-07 11:10:07
7997118,Elena,False,2016-11-07 11:09:35,2016-11-07 11:09:35
8000009,Ringo,False,2018-02-07 16:02:41,2018-02-07 16:02:41
8001305,Janis,False,2013-08-06 19:17:54,2013-08-06 19:17:54
8007604,Deniz,False,2018-09-05 18:27:23,2018-09-05 18:27:23
8024037,Kerstin,False,2014-12-20 05:23:28,2014-12-20 05:23:28
8027749,Susan,False,2015-12-27 17:46:20,2015-12-27 17:46:20
8034469,Johanna,False,2019-08-20 16:24:11,2019-08-20 16:24:11
8037004,Denise,True,2021-05-19 11:53:25,2021-05-19 11:53:25
8039463,Andres,False,2016-09-09 00:43:13,2016-09-09 00:43:13
8040197,Marlene,False,2014-08-11 11:54:44,2014-08-11 11:54:44
8041653,Amelie,False,2018-06-16 07:18:04,2018-06-16 07:18:04
8045600,Arnaud,False,2016-05-14 11:53:02,2016-05-14 11:53:02
8045818,Vera,False,2015-10-17 16:14:07,2015-10-17 16:14:07
8048514,Billie & Nina,False,2016-12-24 19:46:58,2016-12-24 19:46:58
8048976,Sonia,False,2013-12-24 07:03:21,2013-12-24 07:03:21
8064427,Frederik,False,2013-08-08 18:58:31,2013-08-08 18:58:31
8069588,Georg,False,2015-05-14 08:42:52,2015-05-14 08:42:52
8070209,Sebastien,False,2018-11-11 21:57:17,2018-11-11 21:57:17
8085151,Timo,False,2015-07-31 17:31:13,2015-07-31 17:31:13
8091821,René,False,2017-09-27 15:29:09,2017-09-27 15:29:09
8097501,Madelief,False,2021-10-22 05:56:26,2021-10-22 05:56:26
8098290,Lara,False,2020-07-19 02:25:43,2020-07-19 02:25:43
8099439,Julia,True,2015-12-31 22:48:35,2015-12-31 22:48:35
8100677,Miguel Angel,False,2015-07-01 18:25:48,2015-07-01 18:25:48
8105038,Olga,False,2018-05-30 05:09:08,2018-05-30 05:09:08
8112984,Lea,False,2017-07-28 19:41:38,2017-07-28 19:41:38
8114439,Alicia,False,2020-10-14 05:40:42,2020-10-14 05:40:42
8122393,David,True,2017-04-21 04:05:55,2017-04-21 04:05:55
8127321,Michael,False,2019-04-27 10:46:01,2019-04-27 10:46:01
8129996,Katja,False,2021-11-07 03:33:31,2021-11-07 03:33:31
8140250,Danny,False,2019-12-27 14:52:03,2019-12-27 14:52:03
8146714,Louisa,False,2016-04-06 03:36:06,2016-04-06 03:36:06
8147864,Jacqueline,False,2016-03-10 15:56:45,2016-03-10 15:56:45
8153157,Pawel,False,2017-12-25 23:54:23,2017-12-25 23:54:23
8154292,,,2015-06-02 09:36:00,2015-06-02 09:36:00
8155074,Jessica And Sam,False,2021-11-12 16:04:20,2021-11-12 16:04:20
8155409,Katarina,False,2019-12-23 12:59:11,2019-12-23 12:59:11
8157385,Tanja,False,2017-08-14 09:15:25,2017-08-14 09:15:25
8165043,Benjamin,False,2018-09-30 23:11:50,2018-09-30 23:11:50
8173569,Jens,False,2018-11-29 19:21:40,2018-11-29 19:21:40
8177571,Francesca,False,2021-10-26 07:44:25,2021-10-26 07:44:25
8179399,Isabel,False,2021-11-13 01:30:01,2021-11-13 01:30:01
8180976,David,False,2021-02-23 22:51:34,2021-02-23 22:51:34
8189258,Sebastian,False,2017-04-25 08:33:03,2017-04-25 08:33:03
8196161,Alina,False,2021-11-17 08:04:29,2021-11-17 08:04:29
8196204,Karen,True,2013-09-07 09:05:25,2013-09-07 09:05:25
8196435,El,False,2015-08-15 02:09:41,2015-08-15 02:09:41
8197337,Nicola,False,2017-06-20 03:11:38,2017-06-20 03:11:38
8200321,Elisabeth,False,2021-11-06 02:02:02,2021-11-06 02:02:02
8203099,Sabine,False,2021-05-18 23:53:21,2021-05-18 23:53:21
8205525,Thomas,True,2016-04-30 10:38:37,2016-04-30 10:38:37
8213234,Dirk,True,2020-03-01 04:45:10,2020-03-01 04:45:10
8213728,Nicole,False,2014-10-04 22:40:01,2014-10-04 22:40:01
8214476,Steven,False,2018-02-03 10:24:07,2018-02-03 10:24:07
8214640,Milou,False,2021-10-30 04:20:42,2021-10-30 04:20:42
8229269,Kevin,False,2015-06-03 12:06:58,2015-06-03 12:06:58
8239857,Diana,True,2015-05-06 22:10:02,2015-05-06 22:10:02
8248809,Birgit,False,2017-04-11 14:00:35,2017-04-11 14:00:35
8250486,Singer Hostel Berlin,False,2014-02-08 07:44:05,2014-02-08 07:44:05
8252422,Angela,False,2018-07-22 01:12:11,2018-07-22 01:12:11
8254123,Franca,False,2016-09-20 19:59:49,2016-09-20 19:59:49
8257566,Marie,False,2017-08-15 19:16:54,2017-08-15 19:16:54
8258987,Monika,False,2020-02-23 07:31:51,2020-02-23 07:31:51
8273742,Christian,True,2018-07-03 13:06:59,2018-07-03 13:06:59
8275595,Heidi,False,2021-11-08 19:23:24,2021-11-08 19:23:24
8275693,Ana Laura,False,2016-06-05 00:07:27,2016-06-05 00:07:27
8275825,Sabina,False,2013-09-25 16:28:36,2013-09-25 16:28:36
8278753,Mike,False,2017-12-15 04:31:22,2017-12-15 04:31:22
8280002,Oli,True,2017-10-01 16:44:54,2017-10-01 16:44:54
8280699,Josephine,True,2019-02-18 07:48:25,2019-02-18 07:48:25
8295711,Miriam,False,2017-07-26 16:48:26,2017-07-26 16:48:26
8297571,Pascal,False,2017-06-04 12:14:10,2017-06-04 12:14:10
8301109,Marion,False,2017-07-06 02:13:01,2017-07-06 02:13:01
8311430,Bassem,False,2021-05-14 15:43:44,2021-05-14 15:43:44
8318509,Agi,True,2017-04-02 10:10:00,2017-04-02 10:10:00
8318965,Jannis,False,2016-05-24 03:51:48,2016-05-24 03:51:48
8319473,Friederike,False,2019-06-27 04:07:40,2019-06-27 04:07:40
8320198,Guido,False,2021-10-28 06:20:12,2021-10-28 06:20:12
8322880,Annalena,True,2020-03-07 07:37:25,2020-03-07 07:37:25
8323122,Saskia,False,2016-03-01 14:42:30,2016-03-01 14:42:30
8325755,Dennis,False,2018-11-27 07:10:27,2018-11-27 07:10:27
8329189,Thomas,False,2021-11-16 04:00:24,2021-11-16 04:00:24
8331399,Nana,False,2017-06-15 15:51:54,2017-06-15 15:51:54
8334654,Jürgen,False,2014-01-02 02:19:24,2014-01-02 02:19:24
8338016,Pia,False,2019-01-23 18:49:19,2019-01-23 18:49:19
8343261,Paul,True,2018-03-18 07:08:33,2018-03-18 07:08:33
8344366,Kian,False,2015-12-26 04:41:09,2015-12-26 04:41:09
8350226,Gaja,False,2021-06-26 23:36:38,2021-06-26 23:36:38
8352102,Stefan,False,2017-05-26 16:08:43,2017-05-26 16:08:43
8358940,Maria,True,2019-03-10 05:18:55,2019-03-10 05:18:55
8359919,Oğuz,False,2017-08-24 14:00:28,2017-08-24 14:00:28
8360534,Alexander,False,2015-12-30 02:51:14,2015-12-30 02:51:14
8365926,Blanka,False,2019-06-01 21:59:01,2019-06-01 21:59:01
8375490,Franziska,False,2013-09-06 02:30:36,2013-09-06 02:30:36
8377378,Katharina,True,2018-12-11 01:47:16,2018-12-11 01:47:16
8378113,Gabriela,False,2019-12-25 00:35:12,2019-12-25 00:35:12
8380901,Oliver,False,2019-04-12 23:11:06,2019-04-12 23:11:06
8382744,Theresa,False,2019-10-01 05:55:24,2019-10-01 05:55:24
8385594,Christian,False,2017-09-14 19:35:48,2017-09-14 19:35:48
8389055,Sarah,False,2019-01-01 14:21:59,2019-01-01 14:21:59
8389840,Sorina,False,2015-07-13 18:03:34,2015-07-13 18:03:34
8406209,Mira,True,2013-09-05 14:17:16,2013-09-05 14:17:16
8407952,Nicole,False,2017-10-10 01:41:26,2017-10-10 01:41:26
8415211,Marcus,False,2018-06-21 17:03:52,2018-06-21 17:03:52
8428677,Faran,False,2017-06-16 10:52:55,2017-06-16 10:52:55
8434385,Erica,False,2021-11-02 20:24:49,2021-11-02 20:24:49
8442490,Maria,False,2020-02-05 14:24:59,2020-02-05 14:24:59
8447355,Emma,False,2021-11-12 03:56:35,2021-11-12 03:56:35
8448770,Lucas,False,2019-05-06 11:31:43,2019-05-06 11:31:43
8451915,Tina,False,2017-07-31 09:34:03,2017-07-31 09:34:03
8460213,Aliosha,False,2015-05-05 05:09:38,2015-05-05 05:09:38
8460534,Frieda,False,2013-09-14 20:51:41,2013-09-14 20:51:41
8461913,Yuval,False,2020-01-01 16:21:18,2020-01-01 16:21:18
8465331,Sophia,True,2020-11-17 22:18:01,2020-11-17 22:18:01
8465421,Katharina,False,2021-09-14 21:43:02,2021-09-14 21:43:02
8465542,Alana,False,2021-10-31 16:20:35,2021-10-31 16:20:35
8486798,Theodora,False,2016-02-12 17:50:22,2016-02-12 17:50:22
8488193,Nina,False,2014-06-04 16:50:15,2014-06-04 16:50:15
8488840,Hotel & Stadtbad Oderberger,False,2019-04-18 19:53:53,2019-04-18 19:53:53
8489094,Antje Lielich-Wolf,False,2021-09-21 22:41:54,2021-09-21 22:41:54
8491702,Inna,False,2018-08-02 02:46:01,2018-08-02 02:46:01
8491730,Shahar,True,2021-07-15 09:39:50,2021-07-15 09:39:50
8492684,Maximilian,False,2016-06-26 18:23:45,2016-06-26 18:23:45
8497150,Jini,False,2015-05-12 10:21:46,2015-05-12 10:21:46
8498849,Falk,False,2017-12-21 23:42:51,2017-12-21 23:42:51
8500576,Amirah,False,2021-02-07 16:50:45,2021-02-07 16:50:45
8505282,Nika,False,2017-10-14 21:41:51,2017-10-14 21:41:51
8505520,Axelle,True,2019-12-17 17:08:04,2019-12-17 17:08:04
8514082,Judith,False,2015-05-25 05:45:05,2015-05-25 05:45:05
8514732,Ulla,True,2014-03-02 20:14:53,2014-03-02 20:14:53
8516007,Jo,False,2016-05-04 02:45:55,2016-05-04 02:45:55
8517329,Timo,False,2021-10-31 15:21:27,2021-10-31 15:21:27
8526412,Gert,False,2013-09-27 12:58:14,2013-09-27 12:58:14
8528145,Marius,False,2015-07-31 22:55:21,2015-07-31 22:55:21
8534094,Andrey,False,2021-09-10 08:04:49,2021-09-10 08:04:49
8539150,Hanna,True,2018-08-23 11:31:20,2018-08-23 11:31:20
8542932,Cora,False,2013-12-20 04:22:14,2013-12-20 04:22:14
8546502,Dario,True,2019-09-21 23:40:20,2019-09-21 23:40:20
8549588,Melissa,False,2019-12-06 03:04:39,2019-12-06 03:04:39
8553872,Tim,False,2017-07-25 16:31:51,2017-07-25 16:31:51
8560501,Renata,False,2014-12-20 18:52:34,2014-12-20 18:52:34
8562096,Maurice,False,2017-04-24 11:41:10,2017-04-24 11:41:10
8581519,Victor & Kristina & Emilia & Lev,True,2017-09-13 03:42:08,2017-09-13 03:42:08
8583050,Philipp,True,2019-10-23 21:11:32,2019-10-23 21:11:32
8585343,Mark,False,2019-03-02 04:46:33,2019-03-02 04:46:33
8587430,Adnis,False,2021-10-31 20:21:40,2021-10-31 20:21:40
8593614,Sabine,False,2019-01-16 15:38:09,2019-01-16 15:38:09
8594828,Joel,False,2019-01-01 13:46:26,2019-01-01 13:46:26
8599516,Jamie,False,2020-02-20 02:48:49,2020-02-20 02:48:49
8601560,Alina,False,2021-11-09 04:05:40,2021-11-09 04:05:40
8605064,Francisca,False,2013-09-15 12:33:06,2013-09-15 12:33:06
8606483,Eugenio,False,2021-11-08 23:53:00,2021-11-08 23:53:00
8612607,Nora,False,2021-10-29 14:03:18,2021-10-29 14:03:18
8613508,Julian,True,2020-08-18 17:15:12,2020-08-18 17:15:12
8620339,Kay-Christian,True,2021-08-07 13:49:24,2021-08-07 13:49:24
8620491,Juli,False,2021-11-14 18:48:22,2021-11-14 18:48:22
8628147,Lani,True,2018-05-08 21:24:13,2018-05-08 21:24:13
8635649,Marc,False,2021-08-01 15:01:33,2021-08-01 15:01:33
8639592,Marie,True,2019-09-11 15:16:38,2019-09-11 15:16:38
8641935,Julia,False,2018-06-14 00:45:02,2018-06-14 00:45:02
8643213,Stefan,False,2021-09-05 08:29:52,2021-09-05 08:29:52
8646202,Stella,False,2021-07-07 13:18:25,2021-07-07 13:18:25
8646497,Max,False,2017-07-06 03:29:39,2017-07-06 03:29:39
8651009,Birte,True,2016-12-05 21:04:54,2016-12-05 21:04:54
8654306,Anna,False,2021-10-22 17:03:55,2021-10-22 17:03:55
8665940,Pia,False,2021-11-08 07:59:26,2021-11-08 07:59:26
8667567,Thore,False,2019-06-03 03:28:38,2019-06-03 03:28:38
8667892,Lene,False,2017-12-02 04:25:10,2017-12-02 04:25:10
8677280,Susanna,False,2021-11-03 13:23:04,2021-11-03 13:23:04
8677751,Ana,False,2017-09-01 00:40:45,2017-09-01 00:40:45
8684845,Jenni,False,2014-02-02 03:21:27,2014-02-02 03:21:27
8687701,Jessica,True,2018-07-15 03:14:59,2018-07-15 03:14:59
8706616,Fabian,False,2019-09-22 01:08:35,2019-09-22 01:08:35
8708562,Christina,False,2017-02-28 22:23:28,2017-02-28 22:23:28
8710651,Luise,False,2021-10-29 22:43:49,2021-10-29 22:43:49
8720912,Kerstin,False,2020-08-05 16:09:36,2020-08-05 16:09:36
8720945,Meg,False,2021-09-02 09:19:37,2021-09-02 09:19:37
8722266,Anna,True,2016-04-25 03:31:36,2016-04-25 03:31:36
8723414,Denitsa,False,2017-05-05 17:46:07,2017-05-05 17:46:07
8735453,Michael,False,2014-04-24 22:31:31,2014-04-24 22:31:31
8736196,Isabelle,False,2015-09-09 18:45:01,2015-09-09 18:45:01
8748717,Björn,False,2016-12-30 13:27:52,2016-12-30 13:27:52
8752361,Domino,False,2018-10-05 15:08:44,2018-10-05 15:08:44
8754890,Mina,False,2018-03-04 03:53:11,2018-03-04 03:53:11
8764475,Bryn,False,2021-11-10 21:57:22,2021-11-10 21:57:22
8768401,Jilli,True,2019-05-27 19:27:23,2019-05-27 19:27:23
8769041,Ralf,True,2019-05-19 17:34:20,2019-05-19 17:34:20
8772759,Anna,False,2016-06-18 12:08:16,2016-06-18 12:08:16
8772776,Sophia,False,2021-10-30 19:22:18,2021-10-30 19:22:18
8781148,Nils,False,2015-11-15 08:28:13,2015-11-15 08:28:13
8787480,Yuliya,False,2017-11-26 04:31:40,2017-11-26 04:31:40
8787641,Caroline,False,2014-01-05 01:02:56,2014-01-05 01:02:56
8790557,Max,False,2018-11-18 12:57:53,2018-11-18 12:57:53
8791314,Paul,False,2019-07-29 15:25:41,2019-07-29 15:25:41
8791967,Anna,False,2016-09-12 15:15:17,2016-09-12 15:15:17
8792354,Hailey,False,2021-08-14 06:16:29,2021-08-14 06:16:29
8792609,Christian,False,2016-04-02 23:56:16,2016-04-02 23:56:16
8792782,Julia,True,2015-04-02 14:49:04,2015-04-02 14:49:04
8793159,Matthias,False,2015-07-30 13:15:16,2015-07-30 13:15:16
8795631,Davide,False,2021-10-22 17:13:28,2021-10-22 17:13:28
8815437,Mariama,False,2019-08-18 22:39:04,2019-08-18 22:39:04
8826144,Vanessa,False,2021-06-04 19:42:04,2021-06-04 19:42:04
8826574,Sonia,True,2014-04-08 02:05:23,2014-04-08 02:05:23
8827923,Sebastian,False,2017-12-07 06:57:14,2017-12-07 06:57:14
8847528,Roxy,False,2016-03-20 22:32:36,2016-03-20 22:32:36
8851593,Nina,False,2016-11-23 03:26:41,2016-11-23 03:26:41
8851884,Julia,False,2018-11-02 12:06:32,2018-11-02 12:06:32
8863481,Heike,False,2013-12-22 04:37:16,2013-12-22 04:37:16
8864348,Maria,False,2014-03-24 17:19:30,2014-03-24 17:19:30
8865537,Roni,False,2016-12-13 16:01:23,2016-12-13 16:01:23
8868576,Marina,False,2019-02-21 06:15:54,2019-02-21 06:15:54
8873523,Jens,False,2014-02-13 17:01:58,2014-02-13 17:01:58
8878531,Svenja,False,2017-02-17 19:55:38,2017-02-17 19:55:38
8884243,Samy,False,2020-03-13 03:19:12,2020-03-13 03:19:12
8897828,Key,True,2015-08-26 19:30:35,2015-08-26 19:30:35
8898252,Pierre,False,2015-07-10 11:16:27,2015-07-10 11:16:27
8908120,Patrick,False,2021-08-29 11:22:20,2021-08-29 11:22:20
8909052,Harry,False,2015-08-08 03:52:36,2015-08-08 03:52:36
8909678,Kathrin,False,2014-10-01 09:19:05,2014-10-01 09:19:05
8912086,René,False,2016-05-31 06:07:33,2016-05-31 06:07:33
8919148,Krille,False,2017-01-11 12:25:30,2017-01-11 12:25:30
8919586,Joe,False,2019-04-30 15:29:52,2019-04-30 15:29:52
8919804,Raul,False,2019-02-13 13:09:14,2019-02-13 13:09:14
8928112,Guido,True,2018-05-04 13:11:16,2018-05-04 13:11:16
8928846,Nike,True,2015-03-06 14:08:18,2015-03-06 14:08:18
8935593,Nico,False,2021-11-01 07:37:51,2021-11-01 07:37:51
8938784,Elizaveta,False,2015-03-26 07:36:16,2015-03-26 07:36:16
8939933,Gerrit,False,2015-12-25 13:29:37,2015-12-25 13:29:37
8950293,Uwe,False,2021-07-31 10:49:34,2021-07-31 10:49:34
8950990,George,False,2021-11-17 13:30:19,2021-11-17 13:30:19
8954474,Sabine Maria,False,2017-08-25 08:50:29,2017-08-25 08:50:29
8958744,Arzu,True,2016-03-23 20:31:37,2016-03-23 20:31:37
8959153,Gabriela,False,2021-10-21 13:45:19,2021-10-21 13:45:19
8965465,Sophie,False,2018-12-05 23:30:03,2018-12-05 23:30:03
8968867,Franziska,False,2018-11-26 11:20:47,2018-11-26 11:20:47
8969459,Ma Ry,False,2018-09-27 22:23:09,2018-09-27 22:23:09
8971237,Ute,False,2019-08-27 11:08:02,2019-08-27 11:08:02
8983067,Cristina,True,2014-04-08 18:31:28,2014-04-08 18:31:28
8987718,Michael,False,2014-07-03 06:03:37,2014-07-03 06:03:37
8999346,Juan,False,2018-06-26 07:07:59,2018-06-26 07:07:59
9001431,Martin,True,2017-03-09 09:33:21,2017-03-09 09:33:21
9010536,Pablo,False,2017-07-31 12:54:56,2017-07-31 12:54:56
9023176,Josefine,False,2015-11-20 20:54:41,2015-11-20 20:54:41
9026893,Filipe,True,2015-12-23 04:07:45,2015-12-23 04:07:45
9027357,Heidrun,True,2013-10-06 22:39:53,2013-10-06 22:39:53
9028814,Diane,False,2017-09-07 15:26:02,2017-09-07 15:26:02
9032891,Isabell,False,2015-09-18 14:28:59,2015-09-18 14:28:59
9037061,Pascal,False,2019-09-24 19:53:24,2019-09-24 19:53:24
9046621,Francesca,False,2016-05-06 21:45:04,2016-05-06 21:45:04
9048695,Judith,False,2015-08-26 05:41:17,2015-08-26 05:41:17
9055803,Tanja,False,2015-09-14 13:51:47,2015-09-14 13:51:47
9063993,M,True,2019-03-19 18:39:49,2019-03-19 18:39:49
9064073,Johanna,False,2015-12-23 08:53:29,2015-12-23 08:53:29
9067875,Sophie,False,2016-01-16 01:40:27,2016-01-16 01:40:27
9071107,Luca,False,2018-12-21 23:10:23,2018-12-21 23:10:23
9075143,Amanda,False,2017-08-30 16:06:49,2017-08-30 16:06:49
9076671,Maria,False,2018-08-19 10:54:17,2018-08-19 10:54:17
9078683,Beate,False,2018-09-10 15:39:59,2018-09-10 15:39:59
9084739,Susi,False,2019-10-17 13:47:02,2019-10-17 13:47:02
9104789,Gitte,False,2015-07-12 02:57:08,2015-07-12 02:57:08
9105516,Peter,False,2014-07-30 14:26:20,2014-07-30 14:26:20
9105896,Yasemin,False,2017-08-29 14:55:56,2017-08-29 14:55:56
9110422,Anja,False,2021-11-19 11:28:12,2021-11-19 11:28:12
9131465,Keith,False,2017-06-14 19:01:51,2017-06-14 19:01:51
9133713,Doreen,False,2015-05-04 13:31:35,2015-05-04 13:31:35
9139510,Gudrun,False,2018-09-17 16:38:29,2018-09-17 16:38:29
9139634,Pamela,False,2021-11-19 00:43:34,2021-11-19 00:43:34
9141705,Janin,False,2021-11-09 23:50:33,2021-11-09 23:50:33
9146468,Stephan,False,2017-06-22 22:58:29,2017-06-22 22:58:29
9157203,Hulya,False,2019-09-06 00:05:51,2019-09-06 00:05:51
9163019,Peter,False,2018-09-13 00:18:14,2018-09-13 00:18:14
9167887,Julie,False,2019-01-17 05:42:57,2019-01-17 05:42:57
9179919,Lukas,False,2017-06-29 17:17:30,2017-06-29 17:17:30
9181227,Vanessa,False,2019-11-26 10:49:59,2019-11-26 10:49:59
9194512,Joy,True,2017-03-22 15:44:35,2017-03-22 15:44:35
9203861,Anna,True,2018-12-18 15:57:59,2018-12-18 15:57:59
9206287,Sophia,False,2017-08-17 01:57:44,2017-08-17 01:57:44
9208967,Stephan,False,2017-05-16 20:46:48,2017-05-16 20:46:48
9228021,Christian,False,2017-12-08 03:56:22,2017-12-08 03:56:22
9229099,Lore,False,2021-10-30 13:48:11,2021-10-30 13:48:11
9229803,Francesco,False,2017-09-17 11:15:19,2017-09-17 11:15:19
9235826,Monika,True,2017-08-21 14:32:55,2017-08-21 14:32:55
9249475,René,False,2015-09-18 03:51:38,2015-09-18 03:51:38
9255308,Thomas,True,2014-04-20 17:23:46,2014-04-20 17:23:46
9257996,Hobb,False,2016-06-24 08:45:59,2016-06-24 08:45:59
9260879,Elisa,False,2016-04-07 21:48:21,2016-04-07 21:48:21
9266888,Tino,False,2016-03-23 09:10:27,2016-03-23 09:10:27
9273168,Mark,False,2018-07-01 14:27:31,2018-07-01 14:27:31
9275367,Benjamin,True,2014-07-20 20:35:24,2014-07-20 20:35:24
9275627,Katharina,False,2015-05-16 06:23:41,2015-05-16 06:23:41
9283428,Dawid,False,2018-12-03 22:45:47,2018-12-03 22:45:47
9283835,Renata,False,2018-12-23 12:50:21,2018-12-23 12:50:21
9284058,Dominique,True,2017-09-16 20:30:26,2017-09-16 20:30:26
9289568,Christoph,False,2021-11-09 09:52:42,2021-11-09 09:52:42
9292129,Peter,False,2016-07-12 04:23:11,2016-07-12 04:23:11
9309595,Gidon,False,2019-05-13 08:22:24,2019-05-13 08:22:24
9312341,Christin,False,2015-07-23 23:12:49,2015-07-23 23:12:49
9312772,Niklas,False,2017-12-28 04:30:05,2017-12-28 04:30:05
9313532,Nasim,False,2017-08-04 18:56:45,2017-08-04 18:56:45
9319906,Max,False,2021-11-12 01:43:06,2021-11-12 01:43:06
9320485,Christoph,False,2018-08-27 21:36:09,2018-08-27 21:36:09
9323051,Cobi,False,2018-02-17 19:44:24,2018-02-17 19:44:24
9324455,Lukas,False,2018-08-06 18:23:33,2018-08-06 18:23:33
9324672,Michelle,False,2019-10-24 06:39:54,2019-10-24 06:39:54
9327668,Judith,False,2019-04-17 20:52:28,2019-04-17 20:52:28
9352702,Baerbel,True,2014-10-10 11:18:53,2014-10-10 11:18:53
9359074,Lev & Alex,False,2015-04-25 23:23:36,2015-04-25 23:23:36
9361218,Justin,False,2017-07-16 22:35:06,2017-07-16 22:35:06
9362212,Chingy,False,2021-06-05 18:38:10,2021-06-05 18:38:10
9368706,Alina,False,2018-05-13 19:35:31,2018-05-13 19:35:31
9370682,Sebastian,True,2013-12-27 18:14:34,2013-12-27 18:14:34
9377009,Lutz,False,2019-07-27 02:09:11,2019-07-27 02:09:11
9378961,Alejandro & Anais,True,2017-11-17 23:49:22,2017-11-17 23:49:22
9383827,Dagmar,False,2019-12-18 11:48:38,2019-12-18 11:48:38
9384479,Stefan,False,2016-02-04 03:26:43,2016-02-04 03:26:43
9402808,Gintare,False,2017-05-19 09:33:50,2017-05-19 09:33:50
9404220,Isabelle,True,2017-10-21 11:41:38,2017-10-21 11:41:38
9405223,Katrine,False,2016-08-10 04:32:50,2016-08-10 04:32:50
9413234,Kaylin,False,2017-06-28 15:11:49,2017-06-28 15:11:49
9415069,Sophie,False,2015-10-03 09:45:58,2015-10-03 09:45:58
9418733,Christina,False,2021-10-21 19:37:38,2021-10-21 19:37:38
9420184,Hannah,False,2021-08-29 14:38:51,2021-08-29 14:38:51
9422896,James,False,2021-11-13 04:49:42,2021-11-13 04:49:42
9426878,Helena,False,2017-01-11 10:35:37,2017-01-11 10:35:37
9436682,Sebastian,True,2013-10-19 21:42:02,2013-10-19 21:42:02
9440477,Frank,True,2015-02-06 15:37:31,2015-02-06 15:37:31
9443197,Luiz,False,2020-03-02 07:17:53,2020-03-02 07:17:53
9447495,Conny,True,2017-03-12 09:20:09,2017-03-12 09:20:09
9454783,Zac,False,2018-07-14 16:32:59,2018-07-14 16:32:59
9455812,Steve,False,2018-12-15 05:52:10,2018-12-15 05:52:10
9458179,Josie,False,2020-02-04 08:38:13,2020-02-04 08:38:13
9458547,Carolin,False,2015-08-03 02:43:09,2015-08-03 02:43:09
9459332,David,True,2017-12-05 18:48:45,2017-12-05 18:48:45
9471233,Justyna,False,2014-04-14 09:30:58,2014-04-14 09:30:58
9471601,Cristobal,False,2021-09-02 16:18:14,2021-09-02 16:18:14
9478237,Marlene,False,2018-02-15 23:26:48,2018-02-15 23:26:48
9480633,Nikolai,False,2018-07-30 00:53:20,2018-07-30 00:53:20
9481099,Julia,False,2018-12-07 01:33:05,2018-12-07 01:33:05
9481605,Charlotte,False,2017-08-01 08:45:08,2017-08-01 08:45:08
9485132,Dax,False,2018-04-23 22:39:53,2018-04-23 22:39:53
9485239,Angela,False,2019-05-27 06:48:29,2019-05-27 06:48:29
9490010,Alicia,False,2017-10-10 05:52:38,2017-10-10 05:52:38
9495287,Martin,False,2017-04-13 05:23:39,2017-04-13 05:23:39
9502796,Frank,False,2014-02-06 09:47:45,2014-02-06 09:47:45
9506341,Christiane,False,2015-09-23 19:19:25,2015-09-23 19:19:25
9508039,Ann Christin,True,2018-01-13 14:24:06,2018-01-13 14:24:06
9513237,Stacey,False,2015-12-28 16:48:08,2015-12-28 16:48:08
9513318,Katharina,False,2016-12-20 12:50:02,2016-12-20 12:50:02
9537303,Rémy,False,2018-11-28 09:39:43,2018-11-28 09:39:43
9539205,Frederike,True,2018-11-17 20:23:40,2018-11-17 20:23:40
9539262,Madeleine,False,2019-10-01 18:53:59,2019-10-01 18:53:59
9540636,Anne-Sophie,False,2021-07-13 01:41:08,2021-07-13 01:41:08
9548216,Frieda,False,2017-08-01 05:17:55,2017-08-01 05:17:55
9553698,Mirjam,False,2015-02-28 03:45:05,2015-02-28 03:45:05
9557481,Zuzanna,False,2015-08-26 01:21:56,2015-08-26 01:21:56
9557708,Daniel,False,2015-03-03 19:55:51,2015-03-03 19:55:51
9559031,Richard,True,2020-09-13 20:35:23,2020-09-13 20:35:23
9560030,Marieke,False,2014-04-02 14:45:15,2014-04-02 14:45:15
9569831,Maria,False,2016-07-19 16:29:04,2016-07-19 16:29:04
9570066,Tom,False,2013-12-01 15:54:30,2013-12-01 15:54:30
9576132,Anouk,True,2021-10-28 09:42:58,2021-10-28 09:42:58
9576430,Luis,False,2021-10-13 16:39:49,2021-10-13 16:39:49
9578143,Marina,False,2015-03-27 18:32:23,2015-03-27 18:32:23
9588203,Pascal,False,2020-07-28 22:33:24,2020-07-28 22:33:24
9608356,Cristina,False,2016-03-14 20:18:29,2016-03-14 20:18:29
9611782,Peter + Andreas,True,2013-12-03 01:20:54,2013-12-03 01:20:54
9619063,Anna-Laura,False,2018-10-26 11:15:24,2018-10-26 11:15:24
9625903,Anne,False,2021-11-07 02:19:13,2021-11-07 02:19:13
9630847,Valeska Martina,True,2020-12-27 23:14:05,2020-12-27 23:14:05
9637412,Aj,False,2021-11-09 16:25:22,2021-11-09 16:25:22
9641799,Miguel,False,2021-10-28 15:12:58,2021-10-28 15:12:58
9643000,Serge,False,2015-01-20 23:09:03,2015-01-20 23:09:03
9643233,Milan,False,2021-10-21 22:38:01,2021-10-21 22:38:01
9647094,Charlotte,False,2018-09-14 18:00:56,2018-09-14 18:00:56
9647789,Tilo,False,2018-09-20 02:11:47,2018-09-20 02:11:47
9660394,Gemma,False,2014-01-28 20:20:05,2014-01-28 20:20:05
9672607,Erika,False,2018-11-23 11:33:40,2018-11-23 11:33:40
9676959,Anne,False,2014-04-27 18:06:20,2014-04-27 18:06:20
9679034,Gonzalo,False,2021-11-08 22:44:01,2021-11-08 22:44:01
9681477,Franzi,True,2015-04-23 03:49:41,2015-04-23 03:49:41
9687382,Laura,False,2019-03-10 09:40:33,2019-03-10 09:40:33
9694209,Adrian,False,2013-12-25 04:53:20,2013-12-25 04:53:20
9697147,Cristina,False,2021-11-05 17:26:09,2021-11-05 17:26:09
9699051,David,False,2021-11-18 09:55:04,2021-11-18 09:55:04
9703014,Josh,False,2019-12-23 20:08:57,2019-12-23 20:08:57
9703745,Hannes,False,2021-10-23 02:18:06,2021-10-23 02:18:06
9704111,Catherine,False,2021-11-18 11:09:29,2021-11-18 11:09:29
9704251,Holger,True,2016-03-26 18:15:22,2016-03-26 18:15:22
9715630,Annette,False,2021-11-18 21:06:48,2021-11-18 21:06:48
9716773,Mari,False,2018-03-31 21:44:46,2018-03-31 21:44:46
9716910,Helena,False,2019-05-15 20:29:30,2019-05-15 20:29:30
9716983,Spencer,True,2017-05-15 01:54:56,2017-05-15 01:54:56
9717672,Olga,True,2014-03-23 16:31:59,2014-03-23 16:31:59
9720547,Claus,True,2014-04-26 07:41:56,2014-04-26 07:41:56
9721527,Siddhant,False,2018-05-13 07:01:44,2018-05-13 07:01:44
9725358,Santiago,True,2014-12-23 08:25:02,2014-12-23 08:25:02
9733781,Theo,False,2017-02-24 02:29:54,2017-02-24 02:29:54
9734552,Sara,True,2014-03-30 20:25:39,2014-03-30 20:25:39
9741799,Aleksandra,False,2016-08-21 23:50:51,2016-08-21 23:50:51
9743704,Simona,False,2013-12-30 13:40:36,2013-12-30 13:40:36
9748365,Massimo&Lucia,False,2015-03-05 05:19:50,2015-03-05 05:19:50
9751730,Antje,True,2014-01-08 11:36:34,2014-01-08 11:36:34
9764199,Cinderella,False,2020-08-30 11:28:09,2020-08-30 11:28:09
9764594,Alya,False,2021-10-31 20:03:29,2021-10-31 20:03:29
9772617,Gerda,True,2014-03-21 21:19:41,2014-03-21 21:19:41
9773623,Michael,False,2016-10-01 05:32:10,2016-10-01 05:32:10
9787426,Elias,False,2017-09-08 20:25:32,2017-09-08 20:25:32
9787640,Barbara & Hubertus,False,2014-06-30 15:43:20,2014-06-30 15:43:20
9788030,Randy,False,2021-10-28 10:02:17,2021-10-28 10:02:17
9790571,Jane,False,2017-06-30 00:16:02,2017-06-30 00:16:02
9791910,Florian,False,2018-06-30 14:16:13,2018-06-30 14:16:13
9800961,Audrey,True,2014-07-23 02:50:38,2014-07-23 02:50:38
9801976,Roberto,False,2019-07-17 10:37:27,2019-07-17 10:37:27
9803219,Nico,True,2018-08-17 12:14:45,2018-08-17 12:14:45
9814331,Sara,True,2018-06-03 13:34:01,2018-06-03 13:34:01
9814970,Sarah,False,2016-07-12 18:06:50,2016-07-12 18:06:50
9820449,Jolien,True,2017-10-02 09:21:10,2017-10-02 09:21:10
9825857,Moe,True,2014-03-07 01:10:39,2014-03-07 01:10:39
9830396,Christine,False,2015-05-02 23:42:34,2015-05-02 23:42:34
9831093,Don,False,2015-09-22 12:18:32,2015-09-22 12:18:32
9835208,Kristina,False,2020-08-26 07:44:48,2020-08-26 07:44:48
9837554,Martina,False,2018-02-17 10:48:29,2018-02-17 10:48:29
9843584,Philipp,True,2019-03-27 20:11:19,2019-03-27 20:11:19
9846895,Edi,True,2018-12-25 20:04:00,2018-12-25 20:04:00
9861565,Alec,True,2015-02-13 10:51:07,2015-02-13 10:51:07
9867523,Guiselt,False,2016-12-30 09:02:34,2016-12-30 09:02:34
9869005,Sarah,False,2020-07-11 01:00:33,2020-07-11 01:00:33
9869525,Stefanie,False,2014-07-31 11:32:16,2014-07-31 11:32:16
9870087,Veronika,False,2016-02-15 18:18:22,2016-02-15 18:18:22
9870205,Marcus,False,2021-10-25 04:32:51,2021-10-25 04:32:51
9870487,Sophia,False,2016-02-29 06:15:58,2016-02-29 06:15:58
9884688,Tomek,False,2015-07-07 12:51:17,2015-07-07 12:51:17
9884877,Wolf,False,2017-12-26 22:44:15,2017-12-26 22:44:15
9884938,Teresa,False,2014-07-20 15:00:42,2014-07-20 15:00:42
9885123,Markus&Marion,False,2014-04-28 05:04:20,2014-04-28 05:04:20
9888032,Lucy,False,2015-03-22 06:35:26,2015-03-22 06:35:26
9888768,Diana,False,2015-08-15 05:49:52,2015-08-15 05:49:52
9893007,Karoline,False,2016-08-31 15:17:38,2016-08-31 15:17:38
9894199,Benji,False,2015-07-20 04:18:15,2015-07-20 04:18:15
9898911,Achill,False,2017-08-26 12:06:42,2017-08-26 12:06:42
9901243,Jasmin,False,2019-08-04 17:29:53,2019-08-04 17:29:53
9903825,Abel,False,2016-03-18 01:27:40,2016-03-18 01:27:40
9908058,Camila,False,2017-06-22 18:54:31,2017-06-22 18:54:31
9920232,Jan,False,2019-10-23 21:13:51,2019-10-23 21:13:51
9922858,Paz,False,2016-09-23 07:40:50,2016-09-23 07:40:50
9924481,Salome,False,2015-01-02 14:52:30,2015-01-02 14:52:30
9928638,Sergio,False,2016-01-02 01:00:47,2016-01-02 01:00:47
9935230,Julianne,False,2016-03-31 12:57:08,2016-03-31 12:57:08
9936570,Guillermo,False,2021-10-23 02:50:21,2021-10-23 02:50:21
9936892,Matthias,True,2014-09-12 13:40:12,2014-09-12 13:40:12
9942948,Danielle,False,2019-06-15 14:52:59,2019-06-15 14:52:59
9958337,Marie,False,2018-03-23 12:59:31,2018-03-23 12:59:31
9963541,Balázs,False,2018-05-19 05:02:45,2018-05-19 05:02:45
9964742,Max,False,2019-09-16 07:34:24,2019-09-16 07:34:24
9964887,Ella,False,2021-11-16 08:42:20,2021-11-16 08:42:20
9972882,Diane,False,2017-09-06 09:10:07,2017-09-06 09:10:07
9980082,Palina,False,2015-10-10 16:45:27,2015-10-10 16:45:27
9983247,Sarah,False,2017-04-25 03:59:53,2017-04-25 03:59:53
9983495,Friederike Leonie,False,2016-07-01 17:40:19,2016-07-01 17:40:19
9988160,Anke,False,2016-02-28 04:19:33,2016-02-28 04:19:33
9991161,David,True,2017-06-05 03:16:01,2017-06-05 03:16:01
9994296,Felix,False,2014-12-20 17:47:24,2014-12-20 17:47:24
9997627,Lasse,False,2016-03-28 07:38:29,2016-03-28 07:38:29
10004699,Jan,False,2017-09-26 06:18:49,2017-09-26 06:18:49
10006891,Yohei,False,2013-11-14 04:03:05,2013-11-14 04:03:05
10009328,Melchior,True,2019-04-16 07:32:27,2019-04-16 07:32:27
10009936,Giovanni,False,2021-11-14 06:45:25,2021-11-14 06:45:25
10010397,Gustavo,False,2017-07-24 16:53:13,2017-07-24 16:53:13
10011705,Pete,False,2017-07-30 11:45:09,2017-07-30 11:45:09
10014852,Brant,False,2013-12-24 13:39:18,2013-12-24 13:39:18
10015191,Haiyue,False,2015-10-30 18:05:34,2015-10-30 18:05:34
10039278,Petra,False,2014-05-10 18:20:33,2014-05-10 18:20:33
10045414,Patrick,False,2015-09-03 05:50:08,2015-09-03 05:50:08
10049534,Heinrich,False,2021-10-28 09:22:23,2021-10-28 09:22:23
10051374,Purcy,False,2017-06-05 01:09:05,2017-06-05 01:09:05
10058540,Michael,False,2017-09-08 15:48:20,2017-09-08 15:48:20
10062727,Renée,False,2020-02-13 16:07:54,2020-02-13 16:07:54
10065962,Robert,False,2021-10-21 18:12:48,2021-10-21 18:12:48
10066147,Silwen,False,2013-12-16 10:17:31,2013-12-16 10:17:31
10078454,Anna,False,2015-09-08 18:26:59,2015-09-08 18:26:59
10080789,Sofia,False,2016-04-08 18:07:19,2016-04-08 18:07:19
10081132,Rebeca,False,2018-09-30 02:03:12,2018-09-30 02:03:12
10084673,Valerie,False,2018-08-19 19:32:36,2018-08-19 19:32:36
10098280,Ronja,False,2015-06-15 05:00:20,2015-06-15 05:00:20
10102095,Natasha,False,2014-04-17 00:00:27,2014-04-17 00:00:27
10107348,Lisa,False,2018-10-05 20:07:25,2018-10-05 20:07:25
10107532,Veit,False,2013-12-31 20:22:16,2013-12-31 20:22:16
10108425,Pia,True,2015-08-16 09:55:11,2015-08-16 09:55:11
10112027,Peter,False,2017-07-21 05:30:21,2017-07-21 05:30:21
10112731,Sebastian,False,2013-12-31 00:49:11,2013-12-31 00:49:11
10120437,Hung,False,2018-04-19 02:00:39,2018-04-19 02:00:39
10121005,David,False,2021-11-10 06:36:55,2021-11-10 06:36:55
10133631,Lisa,False,2014-08-09 21:46:56,2014-08-09 21:46:56
10141438,Florian,False,2013-12-27 18:52:23,2013-12-27 18:52:23
10143476,Gioia,False,2021-11-01 06:42:00,2021-11-01 06:42:00
10146191,Hans,True,2019-06-20 00:04:56,2019-06-20 00:04:56
10151688,Lisa,False,2015-11-30 04:25:03,2015-11-30 04:25:03
10155960,Marie,False,2019-10-26 01:41:40,2019-10-26 01:41:40
10168002,Milan,False,2017-10-11 12:21:36,2017-10-11 12:21:36
10169408,Carina,False,2021-11-13 14:54:56,2021-11-13 14:54:56
10172224,Silvia,False,2017-12-20 18:22:52,2017-12-20 18:22:52
10174301,Maxim,True,2014-05-21 04:49:20,2014-05-21 04:49:20
10187625,Vincent,False,2014-07-07 12:46:30,2014-07-07 12:46:30
10191421,Simone,False,2015-09-18 12:21:27,2015-09-18 12:21:27
10192401,Manuela Marie,False,2020-09-27 05:12:24,2020-09-27 05:12:24
10198755,Ita,False,2015-04-03 18:15:35,2015-04-03 18:15:35
10199681,Veronica,False,2021-10-24 09:14:24,2021-10-24 09:14:24
10203492,Naomi,False,2021-11-04 04:24:46,2021-11-04 04:24:46
10208985,Frank,True,2015-03-03 03:34:45,2015-03-03 03:34:45
10236958,Marie,False,2014-04-17 19:50:54,2014-04-17 19:50:54
10237935,Michael,False,2016-12-31 11:34:37,2016-12-31 11:34:37
10243739,Rosie,False,2021-11-12 22:46:08,2021-11-12 22:46:08
10246791,Jeanne,False,2021-10-25 00:14:37,2021-10-25 00:14:37
10247907,Moe,False,2021-09-12 18:28:44,2021-09-12 18:28:44
10249041,Deepanker,False,2021-11-08 21:58:27,2021-11-08 21:58:27
10251129,Zoe,False,2021-07-11 09:06:25,2021-07-11 09:06:25
10255108,Nici,False,2019-07-13 22:57:14,2019-07-13 22:57:14
10257128,Giuseppe,False,2017-12-22 09:41:20,2017-12-22 09:41:20
10261849,Armi,False,2015-04-23 23:10:36,2015-04-23 23:10:36
10269953,Merle,False,2015-11-01 05:33:29,2015-11-01 05:33:29
10284253,Inci,False,2021-09-17 10:45:36,2021-09-17 10:45:36
10287456,Jens,True,2014-04-08 00:00:12,2014-04-08 00:00:12
10300238,Florian,False,2019-01-19 09:54:25,2019-01-19 09:54:25
10301120,Luisa,False,2017-09-29 18:58:25,2017-09-29 18:58:25
10301662,Eva-Maria,False,2014-08-18 10:15:29,2014-08-18 10:15:29
10302924,Melanie,False,2015-07-25 20:03:58,2015-07-25 20:03:58
10307606,Gilles,False,2013-12-16 15:00:34,2013-12-16 15:00:34
10311539,Tina,False,2019-09-05 18:56:48,2019-09-05 18:56:48
10311942,Sascha,False,2018-02-25 06:23:46,2018-02-25 06:23:46
10313050,Martin,True,2013-12-23 15:54:20,2013-12-23 15:54:20
10316037,William,False,2018-06-05 14:16:51,2018-06-05 14:16:51
10316303,Sarah,False,2019-01-20 23:40:57,2019-01-20 23:40:57
10318665,Doreen,False,2016-08-28 13:29:43,2016-08-28 13:29:43
10326013,Alma,False,2018-06-19 15:04:55,2018-06-19 15:04:55
10330060,Jorge,False,2021-11-04 01:37:38,2021-11-04 01:37:38
10330524,Julia,False,2018-01-18 23:27:20,2018-01-18 23:27:20
10331479,Theresa,False,2021-11-10 15:49:32,2021-11-10 15:49:32
10340955,민주,False,2016-04-06 17:01:38,2016-04-06 17:01:38
10347564,Troy,False,2014-05-29 06:42:34,2014-05-29 06:42:34
10359560,Johanna,False,2021-11-05 04:40:52,2021-11-05 04:40:52
10364889,Insa,False,2017-06-22 16:49:22,2017-06-22 16:49:22
10367336,Kamil,False,2021-11-15 18:16:08,2021-11-15 18:16:08
10367579,Alex,False,2020-02-09 23:50:10,2020-02-09 23:50:10
10367984,Matthieu,False,2015-12-30 05:57:40,2015-12-30 05:57:40
10370396,Nina,True,2018-07-14 04:28:42,2018-07-14 04:28:42
10376390,Oliver,False,2016-02-14 22:28:46,2016-02-14 22:28:46
10376459,Amal,False,2021-11-09 14:56:47,2021-11-09 14:56:47
10377295,Kim Thy,False,2021-10-13 10:54:00,2021-10-13 10:54:00
10377656,Katarina,False,2017-08-18 08:22:59,2017-08-18 08:22:59
10378342,Carolina,False,2018-09-13 20:18:14,2018-09-13 20:18:14
10380577,Ksenia,False,2015-01-01 04:01:32,2015-01-01 04:01:32
10381815,Ariel,False,2015-04-08 00:13:55,2015-04-08 00:13:55
10391804,Laura,False,2018-06-23 11:25:35,2018-06-23 11:25:35
10392371,I.,False,2021-10-28 21:36:45,2021-10-28 21:36:45
10400858,Frederik,False,2015-12-28 10:11:05,2015-12-28 10:11:05
10401112,Maria,False,2016-12-11 07:23:23,2016-12-11 07:23:23
10402682,Dominik,False,2021-11-05 05:34:35,2021-11-05 05:34:35
10402919,Uwe,True,2014-03-05 19:08:38,2014-03-05 19:08:38
10404109,Jacopo,False,2019-06-03 20:31:43,2019-06-03 20:31:43
10416411,Michel,False,2017-06-12 00:19:43,2017-06-12 00:19:43
10423523,Tobias,False,2014-08-21 09:43:28,2014-08-21 09:43:28
10427437,Laura,False,2015-12-19 07:23:08,2015-12-19 07:23:08
10427490,Nikolaus,False,2021-06-29 10:42:36,2021-06-29 10:42:36
10441693,Chris,False,2018-07-21 12:29:00,2018-07-21 12:29:00
10444830,Nadia,False,2016-08-17 22:35:18,2016-08-17 22:35:18
10449338,Beth,False,2015-11-19 13:03:45,2015-11-19 13:03:45
10454123,Eva,False,2014-05-14 21:27:31,2014-05-14 21:27:31
10466136,Michael,False,2016-11-17 04:43:57,2016-11-17 04:43:57
10466662,Luisa,False,2016-03-04 15:53:36,2016-03-04 15:53:36
10480898,Marieke,False,2019-10-02 06:44:44,2019-10-02 06:44:44
10481058,Federico,False,2015-02-27 05:03:09,2015-02-27 05:03:09
10481406,The Vintage Corner In Kreuzkölln,False,2014-06-09 04:09:06,2014-06-09 04:09:06
10488723,Chandan Kumar,False,2021-11-03 02:03:03,2021-11-03 02:03:03
10489231,Janna,True,2013-12-17 20:52:25,2013-12-17 20:52:25
10489381,La,False,2019-08-02 03:05:37,2019-08-02 03:05:37
10491490,Laura,False,2020-02-19 06:58:28,2020-02-19 06:58:28
10494820,Inga,False,2013-12-07 00:51:43,2013-12-07 00:51:43
10500249,Stefanie,False,2021-06-03 03:56:48,2021-06-03 03:56:48
10504281,Elisabeth,False,2021-08-21 20:25:05,2021-08-21 20:25:05
10505160,Enrique,True,2017-07-31 21:24:29,2017-07-31 21:24:29
10505537,Dan,True,2016-03-30 19:05:26,2016-03-30 19:05:26
10506886,Inga,True,2013-12-22 04:21:33,2013-12-22 04:21:33
10508528,Simon,False,2016-04-02 17:16:37,2016-04-02 17:16:37
10511262,Natalia,False,2021-10-23 07:42:50,2021-10-23 07:42:50
10521317,Anastasia,False,2019-09-27 20:04:39,2019-09-27 20:04:39
10525203,Floreal,False,2014-07-08 23:15:59,2014-07-08 23:15:59
10531014,Max,False,2015-11-20 00:53:17,2015-11-20 00:53:17
10537681,Heike,True,2013-12-31 16:51:22,2013-12-31 16:51:22
10542019,Cathrin,True,2014-02-23 11:29:50,2014-02-23 11:29:50
10546045,Alexander,False,2021-10-28 11:48:58,2021-10-28 11:48:58
10548938,Ansgar,False,2016-05-03 00:03:11,2016-05-03 00:03:11
10549554,Claudia,False,2021-10-30 08:57:07,2021-10-30 08:57:07
10559214,Aris & Ari,False,2016-08-20 04:59:52,2016-08-20 04:59:52
10559337,Maria,False,2021-11-15 08:54:22,2021-11-15 08:54:22
10561338,Matthias,False,2017-01-08 03:27:29,2017-01-08 03:27:29
10565944,Max,False,2018-07-30 09:59:53,2018-07-30 09:59:53
10567068,Cindy,False,2019-10-09 18:43:40,2019-10-09 18:43:40
10567978,Nina,False,2021-07-26 10:33:36,2021-07-26 10:33:36
10570450,Cathérine,False,2021-11-12 15:06:36,2021-11-12 15:06:36
10579507,Claudius,False,2017-08-01 12:52:29,2017-08-01 12:52:29
10586780,Tobias,False,2015-11-28 09:02:59,2015-11-28 09:02:59
10588246,Jacob,False,2018-07-09 20:11:02,2018-07-09 20:11:02
10589997,Ana,False,2019-07-26 02:57:47,2019-07-26 02:57:47
10599958,Johannes,False,2014-08-21 02:56:12,2014-08-21 02:56:12
10604367,Helmuth,False,2020-07-19 23:29:07,2020-07-19 23:29:07
10605402,Franziska,False,2021-07-26 00:33:27,2021-07-26 00:33:27
10613744,Philipp,False,2018-02-01 15:57:12,2018-02-01 15:57:12
10614190,Barbara,True,2015-05-12 05:57:36,2015-05-12 05:57:36
10617873,Andrew,False,2014-12-26 02:50:59,2014-12-26 02:50:59
10620372,Miriam,False,2020-03-08 12:10:28,2020-03-08 12:10:28
10629733,David,False,2015-04-21 02:26:47,2015-04-21 02:26:47
10629836,Kamal,False,2021-10-31 22:14:31,2021-10-31 22:14:31
10638858,Kaio,False,2015-11-01 19:43:56,2015-11-01 19:43:56
10642440,Nicolas,False,2018-08-24 07:43:28,2018-08-24 07:43:28
10659611,Jan,False,2021-10-29 23:30:56,2021-10-29 23:30:56
10659693,Irene,False,2021-10-21 18:05:57,2021-10-21 18:05:57
10661152,Paul,False,2020-08-07 04:59:55,2020-08-07 04:59:55
10663590,Alice,False,2018-08-15 16:07:30,2018-08-15 16:07:30
10667620,Martina,False,2014-04-11 07:31:36,2014-04-11 07:31:36
10668563,"Petra, Melanie & Ariane",True,2016-05-28 21:41:37,2016-05-28 21:41:37
10668966,Matthias,False,2016-07-24 15:31:24,2016-07-24 15:31:24
10669110,Fabio,True,2014-01-01 04:35:22,2014-01-01 04:35:22
10672554,Nino,False,2021-07-03 10:25:38,2021-07-03 10:25:38
10681555,Alexander,False,2014-04-20 17:41:20,2014-04-20 17:41:20
10683916,Giulia,False,2018-03-31 04:40:01,2018-03-31 04:40:01
10690131,Oliver,True,2017-01-01 14:55:51,2017-01-01 14:55:51
10692949,Suites & More,True,2013-12-18 19:26:04,2013-12-18 19:26:04
10696403,Frank,True,2014-01-01 10:48:05,2014-01-01 10:48:05
10697413,Tanin,False,2021-11-17 16:27:41,2021-11-17 16:27:41
10698763,Helene,False,2014-04-16 04:35:29,2014-04-16 04:35:29
10709982,Nelli,False,2021-11-01 13:56:56,2021-11-01 13:56:56
10714794,Rico,False,2021-11-13 17:41:59,2021-11-13 17:41:59
10719036,Nanae,False,2020-09-28 05:32:57,2020-09-28 05:32:57
10728531,Marian,False,2019-07-21 03:09:53,2019-07-21 03:09:53
10743331,Simone,False,2014-07-23 18:39:44,2014-07-23 18:39:44
10745614,Alexandar,False,2018-06-03 13:45:27,2018-06-03 13:45:27
10750960,Cabanas,True,2020-08-15 12:35:07,2020-08-15 12:35:07
10764937,Yangdi,False,2016-12-26 19:12:13,2016-12-26 19:12:13
10765531,Caro,False,2021-11-14 05:17:35,2021-11-14 05:17:35
10771082,Sabrina,False,2021-10-31 04:42:53,2021-10-31 04:42:53
10773581,Julius,False,2021-10-29 23:36:24,2021-10-29 23:36:24
10775125,Amundra,False,2021-11-13 14:20:00,2021-11-13 14:20:00
10775963,Mario,False,2019-07-15 22:18:20,2019-07-15 22:18:20
10780623,Stefan,False,2016-09-14 00:14:05,2016-09-14 00:14:05
10783994,Ventsy,False,2017-09-07 04:34:15,2017-09-07 04:34:15
10789276,Timo,False,2014-12-30 18:24:50,2014-12-30 18:24:50
10790770,Robert,True,2015-02-11 10:50:13,2015-02-11 10:50:13
10792311,Iri,False,2021-10-30 02:25:48,2021-10-30 02:25:48
10799347,Stani,False,2021-11-04 00:01:12,2021-11-04 00:01:12
10802317,Elena,False,2017-01-03 11:39:51,2017-01-03 11:39:51
10803993,Hendrik A.,False,2021-11-09 04:38:54,2021-11-09 04:38:54
10808802,Lorenzo,False,2014-08-16 22:58:25,2014-08-16 22:58:25
10810717,Natacha,False,2015-03-22 14:32:33,2015-03-22 14:32:33
10817284,Евгения,False,2021-07-03 20:49:41,2021-07-03 20:49:41
10819194,Roxana,False,2021-08-04 20:24:56,2021-08-04 20:24:56
10830211,Ron,False,2017-08-02 23:13:33,2017-08-02 23:13:33
10834707,Tobias,False,2019-02-22 02:50:41,2019-02-22 02:50:41
10835978,Ana,False,2021-11-05 04:22:45,2021-11-05 04:22:45
10840349,Marcel,False,2014-01-23 07:27:46,2014-01-23 07:27:46
10848452,Sally,False,2015-04-30 02:00:38,2015-04-30 02:00:38
10851701,Lars,False,2013-12-22 22:10:45,2013-12-22 22:10:45
10862200,Ronja,False,2017-10-24 06:53:58,2017-10-24 06:53:58
10864101,Giuseppe,False,2020-02-02 09:34:41,2020-02-02 09:34:41
10867269,Resat,False,2021-11-18 12:04:53,2021-11-18 12:04:53
10869066,Fathi,False,2014-08-06 23:06:42,2014-08-06 23:06:42
10870523,Madlen,False,2020-08-01 19:12:26,2020-08-01 19:12:26
10874379,Jikal,False,2018-02-23 10:42:11,2018-02-23 10:42:11
10882438,Sascha,False,2015-12-03 13:09:34,2015-12-03 13:09:34
10882737,Amin,False,2021-11-02 18:00:32,2021-11-02 18:00:32
10884942,Isabell,False,2014-03-20 17:32:17,2014-03-20 17:32:17
10896150,Astrid,False,2021-05-14 22:54:16,2021-05-14 22:54:16
10906055,Felix,False,2021-08-11 17:01:58,2021-08-11 17:01:58
10907348,Deshun,False,2018-03-01 00:10:23,2018-03-01 00:10:23
10909573,Dee & Lee,True,2017-01-02 19:45:33,2017-01-02 19:45:33
10912496,Swithin,False,2020-03-15 00:13:47,2020-03-15 00:13:47
10914556,Yaroslav,False,2016-12-25 14:17:52,2016-12-25 14:17:52
10926343,Andrei,False,2014-12-28 07:13:25,2014-12-28 07:13:25
10957673,Brian,False,2018-12-23 16:23:54,2018-12-23 16:23:54
10958182,Titus,False,2021-11-03 16:03:05,2021-11-03 16:03:05
10962834,Katharina,False,2015-04-18 00:16:43,2015-04-18 00:16:43
10964483,Matthias,False,2021-10-25 18:46:47,2021-10-25 18:46:47
10966876,Christian,False,2021-11-05 15:27:51,2021-11-05 15:27:51
10982427,Sarah,False,2015-12-22 21:48:56,2015-12-22 21:48:56
10986253,Oliver,True,2014-05-27 00:12:37,2014-05-27 00:12:37
10989998,Paul,False,2015-05-01 21:21:06,2015-05-01 21:21:06
10998475,Jérôme,False,2015-12-31 22:39:07,2015-12-31 22:39:07
10999908,Elli,False,2020-07-08 21:53:17,2020-07-08 21:53:17
11008974,Claudia,False,2014-07-09 10:18:19,2014-07-09 10:18:19
11009595,Torsten,False,2021-11-02 14:53:14,2021-11-02 14:53:14
11010672,Julian,False,2018-03-25 05:18:15,2018-03-25 05:18:15
11014884,Yiwei,False,2019-10-18 00:36:27,2019-10-18 00:36:27
11020264,Eva,True,2017-07-11 02:45:18,2017-07-11 02:45:18
11036645,Corinna,False,2015-12-23 18:51:54,2015-12-23 18:51:54
11045853,Liana,False,2021-11-12 02:21:11,2021-11-12 02:21:11
11057537,Clara,False,2018-08-28 07:07:34,2018-08-28 07:07:34
11058197,Ann,True,2014-04-07 16:05:07,2014-04-07 16:05:07
11059620,Desiree,False,2017-05-07 02:38:35,2017-05-07 02:38:35
11066413,Leonie,False,2018-04-18 13:12:45,2018-04-18 13:12:45
11074351,Janine,False,2019-10-16 07:05:12,2019-10-16 07:05:12
11085438,Sarah-Elisabeth,False,2021-10-31 16:37:07,2021-10-31 16:37:07
11092437,Maximilian,False,2018-05-05 13:57:43,2018-05-05 13:57:43
11097216,Hagen,False,2016-03-24 12:04:52,2016-03-24 12:04:52
11115767,Julia,False,2015-10-09 19:39:28,2015-10-09 19:39:28
11126428,Farah,False,2021-11-19 15:43:56,2021-11-19 15:43:56
11143577,Hannah,False,2021-10-31 03:00:39,2021-10-31 03:00:39
11145304,Gabor,False,2021-11-02 18:30:41,2021-11-02 18:30:41
11147684,Antonia,False,2019-01-24 11:30:20,2019-01-24 11:30:20
11163136,Manou & Jo,True,2014-09-20 01:47:12,2014-09-20 01:47:12
11176587,Frank,True,2014-04-20 23:36:27,2014-04-20 23:36:27
11180297,Prochor,False,2016-02-11 22:18:46,2016-02-11 22:18:46
11199373,Lukas,True,2019-08-26 18:22:14,2019-08-26 18:22:14
11209321,Jan,False,2018-10-10 01:52:51,2018-10-10 01:52:51
11227533,Francesco,True,2020-01-31 07:21:11,2020-01-31 07:21:11
11231678,Veronika,False,2018-02-27 06:57:14,2018-02-27 06:57:14
11236928,Saskia,False,2021-07-01 02:53:28,2021-07-01 02:53:28
11253167,Ralph,True,2020-08-14 14:50:15,2020-08-14 14:50:15
11253172,Corinna,False,2018-01-30 16:23:16,2018-01-30 16:23:16
11254315,Theresa,True,2019-08-15 23:55:19,2019-08-15 23:55:19
11260783,Katja,False,2014-08-01 14:38:33,2014-08-01 14:38:33
11264329,Janina,False,2021-10-25 23:50:41,2021-10-25 23:50:41
11267972,Tim,False,2019-09-19 00:00:40,2019-09-19 00:00:40
11273966,Francisco,False,2019-07-05 05:43:50,2019-07-05 05:43:50
11283053,Hyungjoong,False,2020-02-12 00:28:16,2020-02-12 00:28:16
11284717,Kathrin,True,2019-12-17 14:55:40,2019-12-17 14:55:40
11286710,Edu,False,2018-12-15 22:31:27,2018-12-15 22:31:27
11287216,John,False,2021-11-04 13:40:02,2021-11-04 13:40:02
11290044,Max,False,2019-05-10 10:11:09,2019-05-10 10:11:09
11297475,Nicola,False,2015-10-14 12:15:21,2015-10-14 12:15:21
11300324,Jumana,False,2014-08-01 00:42:28,2014-08-01 00:42:28
11315646,Lena,True,2015-04-16 18:08:21,2015-04-16 18:08:21
11323773,Ivan,False,2017-06-18 21:39:03,2017-06-18 21:39:03
11324018,Johannes,False,2021-10-30 12:08:21,2021-10-30 12:08:21
11324576,Andy,False,2018-09-20 08:36:07,2018-09-20 08:36:07
11326823,George,False,2014-03-14 07:49:23,2014-03-14 07:49:23
11331584,Alexandra,False,2017-08-14 15:50:41,2017-08-14 15:50:41
11333583,Julius,False,2018-04-21 19:50:12,2018-04-21 19:50:12
11351492,Hanna,False,2017-08-02 10:20:13,2017-08-02 10:20:13
11359492,Andrea,False,2019-08-22 09:19:10,2019-08-22 09:19:10
11359772,Benjamin,False,2016-08-09 11:50:15,2016-08-09 11:50:15
11367258,Magdalena,False,2021-11-03 15:59:33,2021-11-03 15:59:33
11371631,Beatriz,False,2021-11-10 04:34:33,2021-11-10 04:34:33
11382633,Franz,False,2015-08-08 12:57:27,2015-08-08 12:57:27
11384681,Sonja,False,2017-08-18 19:06:23,2017-08-18 19:06:23
11386078,Victor,False,2016-08-10 05:57:19,2016-08-10 05:57:19
11398824,Yasmine,False,2021-11-12 01:52:37,2021-11-12 01:52:37
11415703,Lingyun,True,2015-12-12 11:47:42,2015-12-12 11:47:42
11418916,Nile,False,2021-11-19 23:19:27,2021-11-19 23:19:27
11424377,Susie,False,2019-02-27 03:03:35,2019-02-27 03:03:35
11441940,Katharina,False,2016-03-28 16:45:45,2016-03-28 16:45:45
11448565,Hera,False,2015-09-08 15:36:26,2015-09-08 15:36:26
11459975,Oliver & Anja,False,2021-11-19 18:33:41,2021-11-19 18:33:41
11463860,Melia,False,2021-09-13 00:35:23,2021-09-13 00:35:23
11471194,Matt,True,2014-07-30 04:19:21,2014-07-30 04:19:21
11471743,Nikolas,True,2017-01-30 18:13:03,2017-01-30 18:13:03
11476464,Luana,False,2021-08-05 16:29:21,2021-08-05 16:29:21
11476507,Uwe,False,2021-10-23 04:48:48,2021-10-23 04:48:48
11482966,Vivienne,True,2017-07-15 01:19:27,2017-07-15 01:19:27
11484990,Christina,False,2015-08-10 01:33:45,2015-08-10 01:33:45
11498013,Johanna,False,2019-03-04 15:12:50,2019-03-04 15:12:50
11503633,Artem,False,2021-11-10 06:03:15,2021-11-10 06:03:15
11505526,Serhat,True,2017-07-10 20:51:31,2017-07-10 20:51:31
11512922,Michael,True,2016-05-18 02:40:58,2016-05-18 02:40:58
11516475,Maria,False,2015-06-01 13:20:06,2015-06-01 13:20:06
11516981,Aitana,False,2018-05-02 20:46:13,2018-05-02 20:46:13
11541923,Anna,False,2015-09-14 05:39:53,2015-09-14 05:39:53
11570228,Marie-Annick,False,2021-11-11 21:59:35,2021-11-11 21:59:35
11574165,Dörte,False,2014-02-07 10:19:31,2014-02-07 10:19:31
11591962,Marcelo,False,2014-08-22 07:47:13,2014-08-22 07:47:13
11595327,D.,False,2017-11-14 22:15:02,2017-11-14 22:15:02
11595997,Ebba,False,2019-11-24 08:06:26,2019-11-24 08:06:26
11597128,Verena,False,2014-03-13 12:19:01,2014-03-13 12:19:01
11597807,Lina,False,2016-07-22 08:41:43,2016-07-22 08:41:43
11605830,Cecilia,False,2019-05-03 22:26:58,2019-05-03 22:26:58
11616640,Rosa,False,2014-07-31 14:02:07,2014-07-31 14:02:07
11618629,Bettina,False,2019-07-22 07:00:37,2019-07-22 07:00:37
11622691,Daniel,False,2017-07-12 01:01:40,2017-07-12 01:01:40
11623898,Alexander,False,2019-12-22 10:04:09,2019-12-22 10:04:09
11645832,Lise,False,2015-10-07 02:48:08,2015-10-07 02:48:08
11646893,Christian,False,2018-01-27 00:59:30,2018-01-27 00:59:30
11649536,Monica,False,2014-08-20 00:55:58,2014-08-20 00:55:58
11653003,Haroun,False,2015-08-19 21:41:17,2015-08-19 21:41:17
11659043,Michelle,False,2021-11-01 10:22:06,2021-11-01 10:22:06
11662035,Maxim,False,2021-11-16 13:47:49,2021-11-16 13:47:49
11666861,Jovana,False,2015-12-27 00:53:44,2015-12-27 00:53:44
11674720,Johannes,False,2021-11-02 23:08:09,2021-11-02 23:08:09
11678628,Mio,True,2017-04-12 04:33:02,2017-04-12 04:33:02
11683687,Danny,False,2017-07-24 18:30:53,2017-07-24 18:30:53
11701433,Katharina,True,2014-04-25 07:23:10,2014-04-25 07:23:10
11702805,Ghislain,False,2018-07-23 06:44:43,2018-07-23 06:44:43
11716605,Adelina,False,2021-11-16 10:10:55,2021-11-16 10:10:55
11717323,Christina,False,2015-08-07 17:35:46,2015-08-07 17:35:46
11721386,Thais,False,2021-11-05 03:16:01,2021-11-05 03:16:01
11723994,Christian,False,2015-07-22 11:32:50,2015-07-22 11:32:50
11725933,Lawrence,False,2015-05-27 12:47:18,2015-05-27 12:47:18
11726509,Philip,False,2021-11-17 21:52:26,2021-11-17 21:52:26
11736601,Najda,True,2018-04-28 01:20:51,2018-04-28 01:20:51
11747840,Natascha,True,2018-07-04 15:54:18,2018-07-04 15:54:18
11751149,Timur,False,2019-10-08 08:00:52,2019-10-08 08:00:52
11751441,Corinna,False,2018-07-11 21:53:58,2018-07-11 21:53:58
11763608,Marie,False,2014-12-30 04:26:24,2014-12-30 04:26:24
11763735,Runa,True,2015-10-25 14:46:44,2015-10-25 14:46:44
11774953,Sarah,True,2020-05-02 21:36:48,2020-05-02 21:36:48
11779956,Maaïe,False,2018-08-10 06:51:35,2018-08-10 06:51:35
11780431,Debbie,False,2015-08-13 23:21:49,2015-08-13 23:21:49
11788627,Gunnar,False,2017-12-21 01:45:36,2017-12-21 01:45:36
11789937,Valérie,True,2018-03-15 18:10:43,2018-03-15 18:10:43
11793338,Jonas,False,2020-09-06 09:24:47,2020-09-06 09:24:47
11804788,Olaf,True,2017-07-30 20:06:16,2017-07-30 20:06:16
11805050,Lea,False,2021-11-15 18:52:37,2021-11-15 18:52:37
11806912,DomYori,False,2016-08-01 23:09:28,2016-08-01 23:09:28
11831729,Sascha,False,2020-08-23 08:21:04,2020-08-23 08:21:04
11834974,S,False,2015-08-20 21:52:42,2015-08-20 21:52:42
11836614,Luise,False,2014-04-29 06:30:05,2014-04-29 06:30:05
11841571,Mike,False,2021-10-26 04:45:14,2021-10-26 04:45:14
11841801,Carolin Maya Inka,False,2014-03-03 03:33:10,2014-03-03 03:33:10
11844012,Mira,False,2015-10-06 00:35:47,2015-10-06 00:35:47
11847136,Mischa,False,2017-10-07 03:24:43,2017-10-07 03:24:43
11859322,Mandy,False,2018-02-08 00:25:30,2018-02-08 00:25:30
11859915,Maria,False,2021-10-25 14:21:08,2021-10-25 14:21:08
11861680,Uli,False,2021-11-04 21:30:09,2021-11-04 21:30:09
11869005,Ekhart,False,2014-06-02 16:49:10,2014-06-02 16:49:10
11871206,Ersan,False,2019-07-11 08:22:11,2019-07-11 08:22:11
11878522,Tina,False,2017-10-25 03:11:05,2017-10-25 03:11:05
11878984,Melina,False,2019-05-03 18:55:44,2019-05-03 18:55:44
11890432,Flipo,False,2019-05-03 17:08:58,2019-05-03 17:08:58
11896065,,,2014-02-23 03:36:58,2014-02-23 03:36:58
11896083,Christina,False,2021-11-18 07:53:31,2021-11-18 07:53:31
11899380,Silvia,True,2014-02-03 11:34:10,2014-02-03 11:34:10
11901571,Ingo,True,2016-04-22 04:53:47,2016-04-22 04:53:47
11904303,Severin,False,2015-09-17 01:47:44,2015-09-17 01:47:44
11905068,Hannah,False,2021-10-21 00:53:40,2021-10-21 00:53:40
11905185,Dalia,False,2021-11-10 04:46:47,2021-11-10 04:46:47
11922417,Lin,False,2017-05-21 19:24:02,2017-05-21 19:24:02
11928160,Felipe,True,2020-03-02 20:04:30,2020-03-02 20:04:30
11936923,Marvin,False,2018-12-30 05:54:17,2018-12-30 05:54:17
11937513,Veronica,False,2018-03-01 21:39:16,2018-03-01 21:39:16
11945559,Lieselotte,False,2014-06-18 16:22:31,2014-06-18 16:22:31
11958289,Silke,False,2014-10-15 12:53:40,2014-10-15 12:53:40
11960136,Claudia,False,2021-10-28 19:59:12,2021-10-28 19:59:12
11963556,Max,False,2019-09-06 16:37:24,2019-09-06 16:37:24
11970402,Hanna,False,2017-06-29 18:34:02,2017-06-29 18:34:02
11973365,Katrin,True,2014-06-07 11:17:06,2014-06-07 11:17:06
11989903,Melanie,False,2015-08-03 01:12:09,2015-08-03 01:12:09
11999631,Gabriel,False,2021-08-01 14:02:41,2021-08-01 14:02:41
12018635,Bettina,False,2019-01-03 12:24:13,2019-01-03 12:24:13
12020341,Laura,False,2019-07-17 22:32:06,2019-07-17 22:32:06
12024962,Virginia,True,2017-12-26 22:41:09,2017-12-26 22:41:09
12028457,Nik,False,2018-03-05 11:54:03,2018-03-05 11:54:03
12046288,Anita,False,2021-11-15 12:14:35,2021-11-15 12:14:35
12049292,Philipp,False,2019-07-29 08:41:09,2019-07-29 08:41:09
12068149,Julia,True,2018-07-07 20:43:18,2018-07-07 20:43:18
12077750,Marco,True,2021-04-21 21:43:05,2021-04-21 21:43:05
12087094,Daniel,False,2021-01-01 12:44:31,2021-01-01 12:44:31
12090369,Eva,False,2019-11-15 10:19:30,2019-11-15 10:19:30
12107758,Hannah,False,2014-08-18 01:02:53,2014-08-18 01:02:53
12111609,Sascha,False,2014-02-20 04:06:58,2014-02-20 04:06:58
12115180,Vincent,False,2019-10-28 00:36:55,2019-10-28 00:36:55
12117484,Jonathan,False,2018-09-26 20:05:26,2018-09-26 20:05:26
12119215,Nic,False,2015-03-17 04:52:19,2015-03-17 04:52:19
12123867,Lisa,False,2017-11-25 22:47:26,2017-11-25 22:47:26
12124404,Kathrin,False,2018-05-15 09:56:39,2018-05-15 09:56:39
12125669,Nindya,False,2019-12-17 18:16:21,2019-12-17 18:16:21
12138198,Lion,False,2021-11-09 01:31:41,2021-11-09 01:31:41
12138510,Sascha,False,2021-11-13 05:53:12,2021-11-13 05:53:12
12138874,Alvaro,False,2014-09-17 06:17:06,2014-09-17 06:17:06
12139054,Bill,False,2019-03-04 10:32:37,2019-03-04 10:32:37
12139265,Tom,False,2016-01-30 17:56:47,2016-01-30 17:56:47
12143828,Elena,False,2018-05-19 03:18:32,2018-05-19 03:18:32
12148705,Philipp,False,2018-12-30 04:18:25,2018-12-30 04:18:25
12149952,Donja,True,2015-06-02 18:04:59,2015-06-02 18:04:59
12154423,Xiaoqin,True,2016-01-13 03:31:30,2016-01-13 03:31:30
12157127,Maarten S.W.,True,2018-12-13 14:27:52,2018-12-13 14:27:52
12159598,Patrick,False,2021-11-11 15:11:27,2021-11-11 15:11:27
12163724,Sebastian,False,2014-09-04 01:28:15,2014-09-04 01:28:15
12175798,David,False,2020-09-16 04:25:55,2020-09-16 04:25:55
12182375,Tania,False,2018-10-24 04:51:03,2018-10-24 04:51:03
12185530,Hanna,False,2019-04-25 01:34:40,2019-04-25 01:34:40
12186354,Clara,False,2019-04-07 20:14:32,2019-04-07 20:14:32
12193032,Ami,False,2018-08-26 18:16:42,2018-08-26 18:16:42
12200221,Bärbel,False,2016-04-29 18:57:50,2016-04-29 18:57:50
12218490,Reema,False,2021-11-05 03:49:29,2021-11-05 03:49:29
12234103,Verda,True,2014-03-21 02:32:04,2014-03-21 02:32:04
12237056,Laura,False,2018-07-10 21:24:05,2018-07-10 21:24:05
12251125,Adrian + Uli + Leeloo,False,2014-05-25 09:26:37,2014-05-25 09:26:37
12260309,Antu,False,2016-04-14 07:12:58,2016-04-14 07:12:58
12280321,Judith,False,2020-07-14 21:43:56,2020-07-14 21:43:56
12283996,Anton,False,2021-04-11 01:39:01,2021-04-11 01:39:01
12285777,Anette,False,2014-07-28 15:43:46,2014-07-28 15:43:46
12288303,Lucio,True,2018-09-21 18:17:02,2018-09-21 18:17:02
12288380,Kathrin,False,2021-11-03 11:52:25,2021-11-03 11:52:25
12293343,Maximilian,True,2020-07-01 14:08:06,2020-07-01 14:08:06
12296983,Sabine,True,2016-04-29 12:31:47,2016-04-29 12:31:47
12297070,Paula,False,2017-09-26 04:16:18,2017-09-26 04:16:18
12298014,Gilad,False,2014-12-30 01:16:11,2014-12-30 01:16:11
12301968,Hans,False,2014-03-13 11:04:28,2014-03-13 11:04:28
12314400,Aviad,False,2021-10-27 03:02:24,2021-10-27 03:02:24
12314928,Olivia,False,2021-08-11 20:51:11,2021-08-11 20:51:11
12320125,Till,False,2020-10-16 18:32:30,2020-10-16 18:32:30
12327546,Michéle,False,2015-12-19 18:57:04,2015-12-19 18:57:04
12330081,Sascha,False,2021-11-08 11:45:46,2021-11-08 11:45:46
12330113,Andreas,False,2020-08-17 12:51:48,2020-08-17 12:51:48
12333976,Eric Mai,False,2020-03-01 21:56:52,2020-03-01 21:56:52
12338724,Adriano,False,2018-12-12 14:45:20,2018-12-12 14:45:20
12343791,Sascha,False,2015-12-26 13:46:09,2015-12-26 13:46:09
12351621,Nanuk,False,2016-07-22 20:19:54,2016-07-22 20:19:54
12353593,Vanessa,False,2021-11-02 07:57:56,2021-11-02 07:57:56
12359221,Angelina & Susann,False,2014-03-10 22:51:35,2014-03-10 22:51:35
12360153,Mahmoud,True,2018-07-22 11:27:53,2018-07-22 11:27:53
12362846,Rosbeh,False,2021-11-15 18:51:57,2021-11-15 18:51:57
12364672,Gabor,False,2021-11-14 05:33:01,2021-11-14 05:33:01
12367270,S.,True,2014-05-10 23:35:09,2014-05-10 23:35:09
12376926,Clara,False,2017-08-10 11:51:02,2017-08-10 11:51:02
12377060,Raffaela,False,2018-11-27 05:14:18,2018-11-27 05:14:18
12377808,Bianca,True,2014-04-25 15:59:12,2014-04-25 15:59:12
12380842,Moritz,False,2016-11-08 06:40:08,2016-11-08 06:40:08
12382511,Ben,False,2014-03-15 03:11:38,2014-03-15 03:11:38
12385532,Chiara,True,2014-07-01 22:21:26,2014-07-01 22:21:26
12387913,Bertrand,False,2021-11-17 12:08:46,2021-11-17 12:08:46
12398236,Kai,False,2015-07-17 18:15:22,2015-07-17 18:15:22
12400526,Daniel,False,2019-01-07 04:56:37,2019-01-07 04:56:37
12407787,Maria,False,2021-11-11 07:56:19,2021-11-11 07:56:19
12408256,Laura,False,2014-11-16 16:42:09,2014-11-16 16:42:09
12410590,Ksenia,False,2016-05-09 08:51:00,2016-05-09 08:51:00
12411747,Felix,False,2021-11-09 14:54:29,2021-11-09 14:54:29
12414589,Anna,False,2018-08-03 22:29:28,2018-08-03 22:29:28
12414813,Philipp,False,2017-04-09 02:37:08,2017-04-09 02:37:08
12420568,Sarah,False,2015-09-08 06:04:40,2015-09-08 06:04:40
12422709,Hildegard,True,2016-10-14 23:16:30,2016-10-14 23:16:30
12428505,Bruno,False,2015-11-02 09:22:55,2015-11-02 09:22:55
12438581,Jasper,False,2015-09-23 23:10:02,2015-09-23 23:10:02
12440436,Carolin,False,2014-08-09 23:40:31,2014-08-09 23:40:31
12446917,Ele,False,2020-02-18 08:27:51,2020-02-18 08:27:51
12453242,Edouard,False,2018-11-27 04:17:13,2018-11-27 04:17:13
12463024,Marius,False,2018-04-08 18:08:21,2018-04-08 18:08:21
12469994,Alessia,False,2021-11-17 18:57:22,2021-11-17 18:57:22
12503130,Florian,True,2018-02-10 16:33:00,2018-02-10 16:33:00
12506313,Angelika,False,2018-02-22 03:28:58,2018-02-22 03:28:58
12507750,Lena,False,2015-08-27 17:02:22,2015-08-27 17:02:22
12510463,Jacob,False,2021-11-13 20:57:38,2021-11-13 20:57:38
12527436,Bjørn,False,2018-07-12 02:13:53,2018-07-12 02:13:53
12533087,Liz,False,2014-12-24 15:46:46,2014-12-24 15:46:46
12533433,Marlene,False,2018-09-20 20:32:50,2018-09-20 20:32:50
12533725,Arne,False,2019-06-09 15:17:04,2019-06-09 15:17:04
12551914,Huyen Trang,False,2021-07-09 19:23:49,2021-07-09 19:23:49
12559165,Thomas,False,2015-06-16 13:10:59,2015-06-16 13:10:59
12567171,Luca,False,2019-09-25 04:07:03,2019-09-25 04:07:03
12568617,Luisa,False,2017-07-30 12:00:16,2017-07-30 12:00:16
12569223,Felix,False,2014-04-24 14:45:49,2014-04-24 14:45:49
12592134,Laura,False,2019-10-26 21:02:40,2019-10-26 21:02:40
12592662,Madeleine,False,2017-07-29 04:29:44,2017-07-29 04:29:44
12595552,Stella & Josef,False,2015-08-01 04:46:07,2015-08-01 04:46:07
12598814,David,False,2019-05-11 18:38:52,2019-05-11 18:38:52
12602554,Hermann,False,2014-08-17 16:57:26,2014-08-17 16:57:26
12611754,Matthias,False,2018-04-07 07:42:53,2018-04-07 07:42:53
12613738,Roman,False,2020-09-24 21:17:21,2020-09-24 21:17:21
12613867,Aurélie,False,2017-10-12 06:15:54,2017-10-12 06:15:54
12629321,Alexandra,False,2021-10-26 20:10:26,2021-10-26 20:10:26
12639475,Ischrak,False,2016-08-05 14:30:00,2016-08-05 14:30:00
12643175,Marisol,True,2018-06-16 02:19:17,2018-06-16 02:19:17
12645840,Sophie,False,2016-02-02 23:41:21,2016-02-02 23:41:21
12646731,Rita,False,2021-07-23 22:35:03,2021-07-23 22:35:03
12659779,Lisa Valerie,True,2016-08-20 17:05:28,2016-08-20 17:05:28
12662516,Yasemin,False,2015-07-10 21:08:15,2015-07-10 21:08:15
12665693,Thomas,False,2021-09-04 05:08:51,2021-09-04 05:08:51
12666186,Allison,False,2018-11-07 02:09:16,2018-11-07 02:09:16
12671652,Aglaja,True,2014-07-29 07:05:11,2014-07-29 07:05:11
12675735,Esther,False,2015-09-26 13:01:47,2015-09-26 13:01:47
12680591,Hannah Katharina,False,2021-11-10 22:15:18,2021-11-10 22:15:18
12686405,Nicolas,False,2021-11-09 03:17:05,2021-11-09 03:17:05
12687436,Isabel,False,2016-08-05 17:21:50,2016-08-05 17:21:50
12690712,Nina,False,2015-09-16 11:55:48,2015-09-16 11:55:48
12694377,Antonio,True,2014-08-31 21:17:40,2014-08-31 21:17:40
12695420,Stefan,False,2017-08-15 05:02:42,2017-08-15 05:02:42
12716840,Sebastian,True,2014-04-15 05:27:50,2014-04-15 05:27:50
12717917,Johanna,False,2017-03-14 17:21:27,2017-03-14 17:21:27
12738122,Stefan,False,2019-11-29 14:37:08,2019-11-29 14:37:08
12751503,Flora,True,2021-06-16 11:22:26,2021-06-16 11:22:26
12755545,Renate,True,2015-09-13 20:49:59,2015-09-13 20:49:59
12757920,Karim,False,2021-11-19 15:05:26,2021-11-19 15:05:26
12758589,David,False,2018-12-24 16:10:17,2018-12-24 16:10:17
12770743,Signe,False,2016-03-11 07:39:51,2016-03-11 07:39:51
12781649,Dagmar,False,2014-06-10 10:17:47,2014-06-10 10:17:47
12786085,Lydia,False,2021-11-16 22:55:09,2021-11-16 22:55:09
12788459,Marek,False,2020-02-20 14:57:39,2020-02-20 14:57:39
12791162,Charlott,False,2015-11-26 19:17:11,2015-11-26 19:17:11
12800691,Anna,False,2015-03-31 22:05:22,2015-03-31 22:05:22
12804092,Laura,False,2016-09-01 08:19:44,2016-09-01 08:19:44
12805783,Irene,False,2016-05-05 13:31:45,2016-05-05 13:31:45
12817037,Livia,False,2019-11-15 15:39:28,2019-11-15 15:39:28
12817769,Liza,False,2016-12-27 21:35:50,2016-12-27 21:35:50
12818037,Jonathan,False,2015-06-08 11:38:29,2015-06-08 11:38:29
12825084,Thomas,False,2015-02-24 07:39:52,2015-02-24 07:39:52
12831548,Martin,True,2018-11-01 11:10:56,2018-11-01 11:10:56
12832282,Heidi,True,2014-07-08 23:09:11,2014-07-08 23:09:11
12833057,Claudia,False,2017-10-18 09:18:09,2017-10-18 09:18:09
12837129,Stella,False,2017-06-14 21:05:54,2017-06-14 21:05:54
12837915,Rosa,False,2014-10-11 23:35:11,2014-10-11 23:35:11
12850840,John,False,2019-04-02 11:48:03,2019-04-02 11:48:03
12859341,Franziska,False,2017-11-05 09:01:21,2017-11-05 09:01:21
12859574,Ella,False,2017-07-13 16:48:38,2017-07-13 16:48:38
12862406,Maria,False,2020-08-04 22:33:42,2020-08-04 22:33:42
12864492,Enkeleda,False,2020-01-28 19:21:28,2020-01-28 19:21:28
12872761,Juliane,False,2019-04-19 14:55:45,2019-04-19 14:55:45
12895544,Alexandra,False,2021-11-18 17:38:16,2021-11-18 17:38:16
12898189,Indri,True,2019-09-08 04:09:11,2019-09-08 04:09:11
12902084,Neni Sophie,False,2019-06-21 15:55:10,2019-06-21 15:55:10
12902188,Cem,False,2019-08-08 20:58:13,2019-08-08 20:58:13
12906416,Charlotte,False,2021-11-18 20:35:27,2021-11-18 20:35:27
12917471,Torsten,True,2021-11-11 21:42:39,2021-11-11 21:42:39
12924619,Luca,False,2021-11-01 21:50:21,2021-11-01 21:50:21
12927688,Julius,False,2015-08-16 04:18:03,2015-08-16 04:18:03
12928499,Nico,False,2017-08-04 02:22:15,2017-08-04 02:22:15
12950365,Lydia,True,2019-01-08 04:36:15,2019-01-08 04:36:15
12957719,Luap,False,2021-10-27 17:25:44,2021-10-27 17:25:44
12957830,Maria,False,2017-12-20 23:02:12,2017-12-20 23:02:12
12960435,Peter,False,2019-10-08 05:54:36,2019-10-08 05:54:36
12962618,Regina,True,2014-08-16 19:48:16,2014-08-16 19:48:16
12976307,E,False,2014-10-04 20:21:22,2014-10-04 20:21:22
12977519,Amanda-Li,False,2018-06-16 04:24:59,2018-06-16 04:24:59
12979806,Caren,False,2015-12-23 10:56:00,2015-12-23 10:56:00
12980866,Kerem,True,2021-08-24 10:09:38,2021-08-24 10:09:38
12982062,Ekaterina,False,2014-07-30 01:00:35,2014-07-30 01:00:35
12985714,Yan Jun,False,2019-01-10 14:33:55,2019-01-10 14:33:55
12988463,Tina,False,2020-10-17 00:48:57,2020-10-17 00:48:57
12993934,Daniel,False,2021-10-24 06:20:52,2021-10-24 06:20:52
13005761,Nina,False,2017-12-06 01:24:33,2017-12-06 01:24:33
13014437,Hannah,False,2020-08-01 15:18:35,2020-08-01 15:18:35
13021071,Carlos,False,2020-01-31 16:45:27,2020-01-31 16:45:27
13026303,Shalies,False,2018-09-17 19:34:57,2018-09-17 19:34:57
13030969,Melis,False,2021-08-12 18:33:49,2021-08-12 18:33:49
13035901,Jay,False,2014-04-13 00:46:30,2014-04-13 00:46:30
13036089,Piet,False,2018-05-27 12:57:00,2018-05-27 12:57:00
13036940,Julius,False,2014-05-31 21:56:59,2014-05-31 21:56:59
13037327,Marco,False,2021-10-23 18:19:53,2021-10-23 18:19:53
13048676,Joachim,False,2021-10-21 17:58:28,2021-10-21 17:58:28
13052169,Constance,False,2014-08-03 19:52:29,2014-08-03 19:52:29
13052351,Judith,False,2014-03-25 22:33:32,2014-03-25 22:33:32
13054581,Lisa,False,2019-04-02 23:43:54,2019-04-02 23:43:54
13055420,Nicolas,False,2021-11-15 22:30:11,2021-11-15 22:30:11
13072011,Mads,False,2017-06-01 06:06:31,2017-06-01 06:06:31
13084306,Lotte,False,2019-07-24 22:36:51,2019-07-24 22:36:51
13095060,Alexandra,False,2019-06-15 17:19:34,2019-06-15 17:19:34
13100553,Benjamin,False,2019-12-22 11:45:47,2019-12-22 11:45:47
13105766,Jenny,False,2021-10-24 05:20:02,2021-10-24 05:20:02
13117028,Mareke,False,2019-06-21 23:05:53,2019-06-21 23:05:53
13121889,Yana,False,2019-11-18 17:42:40,2019-11-18 17:42:40
13122577,Burkhard,False,2017-02-23 01:55:51,2017-02-23 01:55:51
13122693,Claudia,False,2016-06-17 13:46:56,2016-06-17 13:46:56
13129744,Maike,False,2017-09-13 06:08:27,2017-09-13 06:08:27
13131221,Natalie,False,2021-11-09 18:48:58,2021-11-09 18:48:58
13143591,Natalie,False,2014-04-13 01:57:32,2014-04-13 01:57:32
13151125,Madeleine,False,2017-01-28 07:32:43,2017-01-28 07:32:43
13155778,Jo & Fran,True,2016-11-26 15:52:09,2016-11-26 15:52:09
13167369,ThiKimNhu,False,2019-01-29 12:24:18,2019-01-29 12:24:18
13174855,Barbara,True,2014-06-12 15:28:40,2014-06-12 15:28:40
13175394,Johanna,False,2014-08-28 10:30:20,2014-08-28 10:30:20
13180026,Rui,False,2021-10-31 16:48:09,2021-10-31 16:48:09
13181498,Vivien,False,2014-10-20 05:34:47,2014-10-20 05:34:47
13189423,Mai,False,2017-10-17 06:15:39,2017-10-17 06:15:39
13214583,Angèle,False,2018-09-19 23:38:38,2018-09-19 23:38:38
13217875,Molly,False,2019-01-22 06:01:00,2019-01-22 06:01:00
13220307,Betty,True,2014-09-18 07:48:02,2014-09-18 07:48:02
13222267,Mareen,False,2017-08-07 15:55:30,2017-08-07 15:55:30
13237279,Marion,False,2021-06-06 13:39:13,2021-06-06 13:39:13
13239053,Nils,False,2017-06-14 02:52:11,2017-06-14 02:52:11
13247054,Simon,True,2017-11-16 04:48:11,2017-11-16 04:48:11
13251579,Diana,False,2019-11-25 21:02:03,2019-11-25 21:02:03
13254396,Matthias,False,2017-08-27 20:40:00,2017-08-27 20:40:00
13262164,Mike,False,2021-10-31 22:03:03,2021-10-31 22:03:03
13262495,Lejla,False,2014-04-12 16:30:44,2014-04-12 16:30:44
13270099,Moritz,False,2015-08-08 03:26:36,2015-08-08 03:26:36
13270626,Jill,False,2019-03-06 00:26:14,2019-03-06 00:26:14
13284476,Jan,False,2015-01-28 09:53:02,2015-01-28 09:53:02
13288655,Sandra,False,2017-08-28 22:04:35,2017-08-28 22:04:35
13294160,Max,False,2015-07-29 19:18:53,2015-07-29 19:18:53
13303826,Maor,False,2018-10-13 19:21:48,2018-10-13 19:21:48
13308024,Matthias,True,2019-09-25 10:06:26,2019-09-25 10:06:26
13315290,Flora,True,2015-07-22 07:48:16,2015-07-22 07:48:16
13335830,Paul,False,2019-12-13 19:28:09,2019-12-13 19:28:09
13349246,Annette,True,2016-05-19 22:26:44,2016-05-19 22:26:44
13362338,Nedat,False,2021-10-24 10:01:45,2021-10-24 10:01:45
13368457,Johanna,False,2019-06-11 17:57:02,2019-06-11 17:57:02
13369500,Gabriel,True,2014-04-22 11:43:37,2014-04-22 11:43:37
13371930,Mirko,False,2015-11-23 17:59:43,2015-11-23 17:59:43
13383290,Eva,False,2021-07-18 22:32:13,2021-07-18 22:32:13
13391261,Marten,False,2017-10-20 12:55:42,2017-10-20 12:55:42
13396720,Julia,True,2014-12-23 14:04:17,2014-12-23 14:04:17
13404637,Clara,False,2016-08-16 08:46:46,2016-08-16 08:46:46
13417592,Roxane,False,2015-11-15 23:11:49,2015-11-15 23:11:49
13428787,Magda,False,2021-07-19 16:54:45,2021-07-19 16:54:45
13432989,Inga,False,2016-12-31 02:39:56,2016-12-31 02:39:56
13435326,Hanoch,True,2014-04-18 03:20:00,2014-04-18 03:20:00
13443952,Christiane,False,2017-11-24 08:19:56,2017-11-24 08:19:56
13445553,Bettina,False,2021-11-14 04:53:01,2021-11-14 04:53:01
13446077,Levin,False,2019-02-26 22:59:26,2019-02-26 22:59:26
13452519,Stefanie,False,2015-09-24 04:52:19,2015-09-24 04:52:19
13478659,Dorothée,False,2017-09-06 08:15:04,2017-09-06 08:15:04
13481681,Ekaterina,False,2018-05-22 21:26:47,2018-05-22 21:26:47
13486881,Milda,False,2017-12-20 07:51:52,2017-12-20 07:51:52
13491648,Christian,False,2021-10-28 13:33:59,2021-10-28 13:33:59
13494841,Shawn,False,2017-03-19 22:54:22,2017-03-19 22:54:22
13497257,Marius,False,2015-02-28 19:53:20,2015-02-28 19:53:20
13497890,Nadia,False,2021-11-15 12:33:00,2021-11-15 12:33:00
13498367,Veit,False,2015-06-08 07:00:16,2015-06-08 07:00:16
13509407,Simon,True,2021-10-30 02:24:43,2021-10-30 02:24:43
13518548,Leo,False,2021-10-30 21:07:46,2021-10-30 21:07:46
13520302,Célia,False,2019-09-13 07:01:53,2019-09-13 07:01:53
13523070,Louisa,False,2021-10-27 16:26:40,2021-10-27 16:26:40
13536531,Benedetta,False,2017-05-29 16:08:45,2017-05-29 16:08:45
13540992,Adm,False,2017-08-11 18:01:13,2017-08-11 18:01:13
13541171,Paulina,False,2016-03-16 07:10:12,2016-03-16 07:10:12
13550436,Cecilia,False,2015-09-02 21:33:44,2015-09-02 21:33:44
13552623,Malek,False,2014-06-08 10:54:11,2014-06-08 10:54:11
13553524,Lea,False,2017-03-06 16:06:58,2017-03-06 16:06:58
13555007,Halis,True,2014-05-03 17:27:28,2014-05-03 17:27:28
13555565,Karina,False,2019-12-25 02:40:10,2019-12-25 02:40:10
13561214,Qbe,False,2016-04-29 12:11:49,2016-04-29 12:11:49
13577242,,,2015-09-25 23:00:47,2015-09-25 23:00:47
13587997,Nicola,True,2015-06-09 03:26:50,2015-06-09 03:26:50
13591469,Sarah & Francesco,False,2018-04-27 09:49:42,2018-04-27 09:49:42
13592667,Anja,False,2019-03-25 14:51:46,2019-03-25 14:51:46
13592772,Kadambari,False,2021-10-26 18:03:08,2021-10-26 18:03:08
13599612,Michael,False,2016-10-13 18:17:16,2016-10-13 18:17:16
13599628,Gina,False,2014-05-23 20:05:08,2014-05-23 20:05:08
13603270,Ivo,True,2014-04-27 07:01:32,2014-04-27 07:01:32
13606617,Görkem,False,2021-06-01 18:11:34,2021-06-01 18:11:34
13608036,Dikla,False,2021-10-24 09:43:45,2021-10-24 09:43:45
13615015,Alexander,False,2021-11-06 03:35:53,2021-11-06 03:35:53
13627224,Patrick,False,2017-03-05 17:06:53,2017-03-05 17:06:53
13628202,Oskar,False,2018-06-22 16:05:10,2018-06-22 16:05:10
13628724,Hubert,True,2014-05-05 12:31:44,2014-05-05 12:31:44
13631332,Fabian,True,2016-10-31 08:08:54,2016-10-31 08:08:54
13632665,Sophie,True,2017-02-23 03:11:15,2017-02-23 03:11:15
13645795,Niklas,False,2015-10-11 21:04:01,2015-10-11 21:04:01
13653192,Tiare,False,2015-11-22 22:08:43,2015-11-22 22:08:43
13660126,Pierre,False,2021-10-26 19:56:54,2021-10-26 19:56:54
13673535,Hauke,False,2017-06-06 20:39:37,2017-06-06 20:39:37
13688174,Daniel,True,2014-04-29 01:50:48,2014-04-29 01:50:48
13710517,Usha,False,2021-03-24 19:30:31,2021-03-24 19:30:31
13715600,Rita,False,2014-05-02 07:04:46,2014-05-02 07:04:46
13725483,Kostja,False,2015-08-19 17:33:12,2015-08-19 17:33:12
13738577,Raluca,False,2018-10-01 17:45:01,2018-10-01 17:45:01
13740946,Jonathan,False,2015-07-13 11:06:18,2015-07-13 11:06:18
13741595,Nina,False,2016-11-05 19:45:49,2016-11-05 19:45:49
13743082,Aurelia,False,2019-03-25 13:42:28,2019-03-25 13:42:28
13743529,Chris,False,2014-05-10 18:59:15,2014-05-10 18:59:15
13744805,Alexander,False,2014-07-24 22:42:48,2014-07-24 22:42:48
13762129,Sebastian,False,2021-10-30 01:17:30,2021-10-30 01:17:30
13769624,Kerstin,True,2014-06-17 07:45:50,2014-06-17 07:45:50
13774173,Mareile,False,2021-08-06 14:07:20,2021-08-06 14:07:20
13776840,Erik,False,2016-03-09 19:15:22,2016-03-09 19:15:22
13779063,Tata,False,2018-03-31 14:02:50,2018-03-31 14:02:50
13780087,Julie,False,2014-05-01 21:46:49,2014-05-01 21:46:49
13783177,Elisabeth,False,2014-10-07 02:50:58,2014-10-07 02:50:58
13802829,Ree,False,2016-08-25 16:24:25,2016-08-25 16:24:25
13803673,Marc,False,2016-09-09 06:51:17,2016-09-09 06:51:17
13803886,Maya,False,2019-12-20 11:38:09,2019-12-20 11:38:09
13804431,Maria Und Fausto,False,2017-04-17 01:43:40,2017-04-17 01:43:40
13815609,Jose Luis,False,2015-11-09 14:23:23,2015-11-09 14:23:23
13823064,Jule & John,False,2018-04-04 23:01:04,2018-04-04 23:01:04
13825223,Daniel,False,2017-10-01 06:32:13,2017-10-01 06:32:13
13857773,Elsa,False,2014-05-03 08:58:25,2014-05-03 08:58:25
13868464,Bünyamin,False,2015-09-13 10:10:31,2015-09-13 10:10:31
13879359,JinRan,False,2018-09-06 00:46:31,2018-09-06 00:46:31
13881091,Stanislau,False,2016-08-06 07:28:18,2016-08-06 07:28:18
13881181,Alina,False,2021-10-22 09:11:42,2021-10-22 09:11:42
13888955,Dmitry,False,2019-04-24 14:32:22,2019-04-24 14:32:22
13900425,Katja,False,2015-05-03 21:51:13,2015-05-03 21:51:13
13911315,Anni,True,2014-04-17 21:36:46,2014-04-17 21:36:46
13912387,Jonas,False,2017-07-04 02:54:57,2017-07-04 02:54:57
13913604,Björn,False,2015-04-27 04:10:20,2015-04-27 04:10:20
13914268,Jörg,False,2019-06-27 16:07:59,2019-06-27 16:07:59
13917406,Jean-Michel & Katerine,False,2016-12-16 15:15:06,2016-12-16 15:15:06
13919587,Manol,False,2015-01-02 07:19:18,2015-01-02 07:19:18
13927650,Malte,False,2017-06-05 13:52:41,2017-06-05 13:52:41
13943533,Nikolai,False,2021-11-04 15:42:51,2021-11-04 15:42:51
13949498,Jochim,True,2017-05-13 19:39:49,2017-05-13 19:39:49
13955962,Jana,False,2017-07-22 11:02:55,2017-07-22 11:02:55
13957823,Robert,False,2017-08-20 20:59:13,2017-08-20 20:59:13
13961102,Peik,False,2019-04-08 16:44:07,2019-04-08 16:44:07
13966272,Emanuel,False,2015-07-02 07:35:41,2015-07-02 07:35:41
13987784,Laura,False,2016-01-21 16:14:27,2016-01-21 16:14:27
13991211,Kat,False,2017-11-24 12:00:38,2017-11-24 12:00:38
13993393,Felix,False,2016-07-30 05:53:43,2016-07-30 05:53:43
14004487,Gesa,False,2014-07-31 06:35:06,2014-07-31 06:35:06
14012917,Michael,False,2021-11-18 02:37:48,2021-11-18 02:37:48
14017584,Roberta,False,2015-07-11 09:26:30,2015-07-11 09:26:30
14023479,Anna,False,2021-11-04 10:37:18,2021-11-04 10:37:18
14031385,Valeria,False,2014-05-07 09:38:50,2014-05-07 09:38:50
14035246,Charlotte,False,2015-08-15 17:24:13,2015-08-15 17:24:13
14045746,Renate,True,2014-07-26 23:46:15,2014-07-26 23:46:15
14050577,Clemens,False,2018-08-12 23:46:47,2018-08-12 23:46:47
14051944,Peggy,False,2015-12-21 07:25:03,2015-12-21 07:25:03
14067933,Mathilde,False,2015-12-30 15:09:35,2015-12-30 15:09:35
14073025,Heidrun,False,2018-12-03 05:03:07,2018-12-03 05:03:07
14073882,Igor,False,2018-10-04 04:56:50,2018-10-04 04:56:50
14085383,Mandana,False,2019-07-07 20:06:30,2019-07-07 20:06:30
14089209,Lena,False,2021-08-02 21:45:15,2021-08-02 21:45:15
14092604,Autumn,False,2017-02-20 04:15:34,2017-02-20 04:15:34
14107272,Bob,False,2021-10-24 12:58:52,2021-10-24 12:58:52
14113494,Luisa,False,2015-07-27 05:09:18,2015-07-27 05:09:18
14117635,Sören,False,2016-06-16 05:09:37,2016-06-16 05:09:37
14121803,Magda,False,2020-06-25 11:27:44,2020-06-25 11:27:44
14133079,Dilek,False,2021-03-24 09:21:11,2021-03-24 09:21:11
14135140,Farah,False,2021-05-01 04:25:46,2021-05-01 04:25:46
14145972,Sanna,False,2021-10-23 19:40:06,2021-10-23 19:40:06
14159498,Ivos,True,2018-01-14 02:07:43,2018-01-14 02:07:43
14170326,Cyrill,False,2019-05-18 12:27:14,2019-05-18 12:27:14
14177960,Andrea,True,2017-04-02 23:30:27,2017-04-02 23:30:27
14180440,Irene,False,2017-06-04 06:21:45,2017-06-04 06:21:45
14195199,Mariam,False,2018-08-06 14:21:57,2018-08-06 14:21:57
14196096,Olimpia,False,2015-02-28 18:39:32,2015-02-28 18:39:32
14197566,Andrea,False,2018-07-19 10:14:27,2018-07-19 10:14:27
14197802,Bernd,False,2020-10-04 18:00:05,2020-10-04 18:00:05
14198674,Marianne,False,2014-06-02 13:56:49,2014-06-02 13:56:49
14204577,Chrissie,False,2015-04-04 14:31:35,2015-04-04 14:31:35
14214168,Nicole,False,2017-07-15 16:54:19,2017-07-15 16:54:19
14217553,Simon,True,2018-03-26 21:37:12,2018-03-26 21:37:12
14217896,Anya,False,2019-06-28 09:49:10,2019-06-28 09:49:10
14220804,Jonas,False,2015-07-07 21:12:40,2015-07-07 21:12:40
14222309,William,False,2017-02-03 08:46:58,2017-02-03 08:46:58
14223722,Julien,False,2020-09-21 02:06:26,2020-09-21 02:06:26
14228507,Lisa,False,2014-05-25 14:02:48,2014-05-25 14:02:48
14232996,Ding,True,2015-09-23 03:25:22,2015-09-23 03:25:22
14241430,Laura,False,2017-05-02 17:12:57,2017-05-02 17:12:57
14256924,Isabel,False,2018-07-20 04:17:47,2018-07-20 04:17:47
14260967,Linda,False,2018-10-26 02:19:01,2018-10-26 02:19:01
14261109,Rebecca,True,2016-09-01 14:23:51,2016-09-01 14:23:51
14262973,Riccardo,False,2014-05-27 08:01:19,2014-05-27 08:01:19
14276801,Nadja,True,2020-02-05 08:09:44,2020-02-05 08:09:44
14277314,Sophie,False,2018-05-03 13:50:39,2018-05-03 13:50:39
14280205,Malte,False,2015-06-12 21:29:15,2015-06-12 21:29:15
14313670,Matthias + Semmy,True,2016-08-31 11:33:04,2016-08-31 11:33:04
14321288,Bav,False,2015-07-27 11:20:04,2015-07-27 11:20:04
14326565,Selma,False,2018-05-22 20:00:31,2018-05-22 20:00:31
14329937,Nina,False,2015-03-27 08:09:11,2015-03-27 08:09:11
14334393,Virginia,False,2021-10-26 01:33:41,2021-10-26 01:33:41
14348964,Julian,False,2016-03-13 23:02:18,2016-03-13 23:02:18
14353408,Volker,False,2021-07-10 11:31:16,2021-07-10 11:31:16
14358563,Stefano,True,2015-08-09 07:07:15,2015-08-09 07:07:15
14358836,Rebecca,False,2015-07-12 21:08:36,2015-07-12 21:08:36
14365250,Andrea,True,2014-04-26 21:55:45,2014-04-26 21:55:45
14374734,Marta,False,2020-07-09 13:18:54,2020-07-09 13:18:54
14378119,Norbert,False,2014-06-16 22:57:24,2014-06-16 22:57:24
14378450,Kamen,False,2016-08-12 23:24:46,2016-08-12 23:24:46
14378713,Sara,False,2015-08-31 20:18:25,2015-08-31 20:18:25
14393396,Edoardo G. L.,False,2017-09-03 18:13:22,2017-09-03 18:13:22
14396502,Grace,False,2021-10-26 22:30:31,2021-10-26 22:30:31
14396856,Jannik,False,2019-09-20 19:17:44,2019-09-20 19:17:44
14401197,Nora & Erhardt,False,2017-11-03 14:38:53,2017-11-03 14:38:53
14405869,Julie,False,2021-11-15 11:00:57,2021-11-15 11:00:57
14427855,Javier,False,2014-04-19 22:47:29,2014-04-19 22:47:29
14428265,Lennart,False,2016-05-09 09:16:19,2016-05-09 09:16:19
14439231,Christian,True,2016-07-15 15:26:12,2016-07-15 15:26:12
14446539,Carina,False,2015-09-02 03:22:36,2015-09-02 03:22:36
14474248,Simone,True,2014-10-05 09:25:42,2014-10-05 09:25:42
14477814,Guadalupe,False,2014-12-25 23:22:32,2014-12-25 23:22:32
14477936,Anica,True,2018-12-20 09:35:55,2018-12-20 09:35:55
14495640,Viola,False,2017-04-03 23:57:26,2017-04-03 23:57:26
14496460,Nailya,False,2014-11-27 12:58:01,2014-11-27 12:58:01
14502285,Kim,False,2015-07-09 00:28:28,2015-07-09 00:28:28
14506646,Ingo,True,2019-10-26 08:42:30,2019-10-26 08:42:30
14507115,Lukas,False,2016-10-10 00:41:54,2016-10-10 00:41:54
14514996,Skander,False,2019-11-30 00:46:37,2019-11-30 00:46:37
14515311,Natalia,False,2017-11-27 09:17:04,2017-11-27 09:17:04
14536019,Naagma,False,2017-12-30 01:06:18,2017-12-30 01:06:18
14539033,Fabian,False,2019-09-15 02:54:00,2019-09-15 02:54:00
14544826,Clara,False,2018-08-29 23:25:28,2018-08-29 23:25:28
14545791,Gabriele,False,2014-06-04 08:13:35,2014-06-04 08:13:35
14569714,René,True,2017-05-26 02:02:56,2017-05-26 02:02:56
14576607,Maria,False,2017-03-11 03:42:43,2017-03-11 03:42:43
14585353,Ary,False,2016-01-04 21:57:37,2016-01-04 21:57:37
14602909,Paul,False,2020-08-04 13:59:50,2020-08-04 13:59:50
14611346,Meike,False,2021-10-23 09:40:07,2021-10-23 09:40:07
14620490,Gabriel,False,2018-03-24 12:24:33,2018-03-24 12:24:33
14623546,Jean Luc,False,2014-04-27 16:16:55,2014-04-27 16:16:55
14624334,Avner,False,2021-03-23 07:01:48,2021-03-23 07:01:48
14628862,Fabian,False,2019-06-10 17:18:15,2019-06-10 17:18:15
14637588,Noemi,False,2021-10-22 14:18:08,2021-10-22 14:18:08
14664708,Nico,False,2019-06-22 03:36:23,2019-06-22 03:36:23
14679360,Rahel,False,2021-11-04 07:07:03,2021-11-04 07:07:03
14680085,Dare,False,2021-11-04 13:14:38,2021-11-04 13:14:38
14687907,Reggie,False,2021-11-05 14:30:33,2021-11-05 14:30:33
14693512,Barbara,False,2017-08-25 10:10:53,2017-08-25 10:10:53
14701980,Johann,True,2016-11-17 05:46:56,2016-11-17 05:46:56
14706103,Petra/ Diter,True,2018-11-27 23:33:59,2018-11-27 23:33:59
14706206,Angelika,False,2017-05-23 14:18:17,2017-05-23 14:18:17
14706678,Carenina,False,2015-04-26 14:10:37,2015-04-26 14:10:37
14708213,Tullia,False,2020-07-20 04:52:05,2020-07-20 04:52:05
14709761,Sim,False,2017-07-02 13:55:30,2017-07-02 13:55:30
14731455,Mohamed,False,2019-09-03 09:44:34,2019-09-03 09:44:34
14733613,Sway,False,2015-12-16 17:07:05,2015-12-16 17:07:05
14737994,Justine,True,2016-09-08 00:21:30,2016-09-08 00:21:30
14745055,Ben,False,2021-07-20 15:15:35,2021-07-20 15:15:35
14746021,Christopher,False,2014-11-28 03:17:04,2014-11-28 03:17:04
14746635,Joshua,False,2019-06-13 23:52:36,2019-06-13 23:52:36
14747106,Conny,False,2021-10-26 15:21:53,2021-10-26 15:21:53
14752173,Daniel,False,2019-02-04 15:27:39,2019-02-04 15:27:39
14763416,Anna,False,2020-08-19 17:14:39,2020-08-19 17:14:39
14778045,Katsiaryna,False,2016-07-18 17:38:29,2016-07-18 17:38:29
14778925,Olivia,False,2021-11-04 04:56:20,2021-11-04 04:56:20
14784492,Claudi,False,2016-09-05 02:15:57,2016-09-05 02:15:57
14798453,Paula,False,2018-02-23 10:48:31,2018-02-23 10:48:31
14799124,Annet,False,2018-06-21 22:05:20,2018-06-21 22:05:20
14819479,Elli,False,2020-07-15 21:21:55,2020-07-15 21:21:55
14850533,Lisa,False,2021-09-18 05:45:13,2021-09-18 05:45:13
14851218,Tugce,False,2017-08-03 10:54:58,2017-08-03 10:54:58
14862080,Lin,False,2014-12-13 01:20:21,2014-12-13 01:20:21
14864107,Arne,False,2021-11-06 03:50:20,2021-11-06 03:50:20
14875750,David,False,2017-02-28 03:18:26,2017-02-28 03:18:26
14880099,Ana Maria Irina,False,2015-12-19 12:18:03,2015-12-19 12:18:03
14882027,Madhuri,False,2021-11-18 03:31:29,2021-11-18 03:31:29
14883027,Marie,False,2021-10-21 22:24:45,2021-10-21 22:24:45
14883680,Sylvain,False,2021-09-05 06:35:37,2021-09-05 06:35:37
14892838,Sabine,False,2015-07-02 20:57:17,2015-07-02 20:57:17
14917695,Peter,False,2021-11-16 14:27:15,2021-11-16 14:27:15
14918295,P. Ola,False,2014-09-11 23:54:15,2014-09-11 23:54:15
14932229,Julia,True,2020-10-11 23:25:51,2020-10-11 23:25:51
14959174,Moritz,False,2019-11-13 11:41:58,2019-11-13 11:41:58
14971005,Martin,False,2014-06-03 10:20:10,2014-06-03 10:20:10
14992299,Verena,False,2021-11-03 00:18:21,2021-11-03 00:18:21
14996711,Duc,False,2019-03-28 23:49:37,2019-03-28 23:49:37
15005811,Annabelle,False,2021-11-16 21:07:24,2021-11-16 21:07:24
15008839,Kalle,True,2018-12-18 05:55:08,2018-12-18 05:55:08
15032404,Knuth,False,2014-08-06 21:59:13,2014-08-06 21:59:13
15034140,Vladi,False,2014-05-03 15:50:34,2014-05-03 15:50:34
15034437,Ly Dieu,False,2015-12-20 23:10:44,2015-12-20 23:10:44
15044374,Felina,False,2019-02-10 18:53:51,2019-02-10 18:53:51
15045838,Ingo,False,2014-05-21 01:57:53,2014-05-21 01:57:53
15082057,Sonja,False,2019-03-17 22:00:33,2019-03-17 22:00:33
15083615,Simone,False,2021-10-30 21:06:01,2021-10-30 21:06:01
15089977,Maria Beatriz,True,2017-08-30 03:39:24,2017-08-30 03:39:24
15094798,Jan,False,2014-06-10 17:47:31,2014-06-10 17:47:31
15101083,Rachel,False,2018-12-29 18:34:44,2018-12-29 18:34:44
15107543,Angela,False,2018-08-03 13:51:59,2018-08-03 13:51:59
15111586,Saskia,False,2016-02-27 16:17:20,2016-02-27 16:17:20
15116552,Eric Nicolas,False,2016-02-07 05:34:25,2016-02-07 05:34:25
15117540,Christoph,False,2018-08-21 04:18:31,2018-08-21 04:18:31
15122488,Susanne,False,2018-08-12 23:24:47,2018-08-12 23:24:47
15131628,Maximiliane,False,2018-10-15 06:08:06,2018-10-15 06:08:06
15132751,Angela,True,2015-07-26 03:46:37,2015-07-26 03:46:37
15138918,Lisa,False,2017-04-04 05:32:38,2017-04-04 05:32:38
15145288,Agnes,True,2018-10-26 09:06:03,2018-10-26 09:06:03
15154421,Maren,False,2019-11-19 18:48:06,2019-11-19 18:48:06
15160550,Armin,False,2018-08-29 00:51:41,2018-08-29 00:51:41
15171488,Sergey,False,2021-11-03 10:36:43,2021-11-03 10:36:43
15175035,Niklas,False,2017-04-27 14:17:02,2017-04-27 14:17:02
15194048,Rosa,False,2021-10-24 05:22:20,2021-10-24 05:22:20
15205379,Manh Tu,False,2021-05-28 06:19:02,2021-05-28 06:19:02
15213063,Johannes,False,2016-08-11 17:35:18,2016-08-11 17:35:18
15217798,Francisco,True,2016-07-24 17:21:10,2016-07-24 17:21:10
15230804,Oliver,False,2016-06-29 05:39:16,2016-06-29 05:39:16
15231996,Anett,False,2014-09-06 03:53:07,2014-09-06 03:53:07
15232980,Robyn,False,2017-04-02 22:08:25,2017-04-02 22:08:25
15249060,Lydia,False,2015-04-09 15:44:07,2015-04-09 15:44:07
15249629,Peter,True,2019-03-29 00:27:10,2019-03-29 00:27:10
15259204,Augusto,False,2020-01-07 00:00:27,2020-01-07 00:00:27
15259457,Nathaniel,False,2021-10-31 13:06:40,2021-10-31 13:06:40
15272715,Igor,False,2021-11-12 01:32:24,2021-11-12 01:32:24
15291071,Hannah,False,2021-02-07 07:45:01,2021-02-07 07:45:01
15300959,Harry,False,2018-12-28 14:07:29,2018-12-28 14:07:29
15301576,Milena,False,2021-11-08 11:31:47,2021-11-08 11:31:47
15310725,Kalina,False,2020-02-06 06:47:41,2020-02-06 06:47:41
15341612,Sylvia Viola,False,2016-02-08 13:54:34,2016-02-08 13:54:34
15346460,Stefan,False,2020-06-09 14:24:49,2020-06-09 14:24:49
15348314,John,False,2014-10-01 02:49:12,2014-10-01 02:49:12
15359026,Christina,False,2015-07-20 14:02:56,2015-07-20 14:02:56
15363219,Lisa,False,2014-05-12 21:32:46,2014-05-12 21:32:46
15364916,Sravan,False,2021-11-08 10:55:32,2021-11-08 10:55:32
15366176,Christian,False,2021-10-23 23:51:59,2021-10-23 23:51:59
15369784,Laura,False,2015-05-18 12:47:28,2015-05-18 12:47:28
15388970,Sabrina,False,2019-05-11 19:51:38,2019-05-11 19:51:38
15404421,Liliya,False,2021-10-23 13:03:38,2021-10-23 13:03:38
15409491,Charlotte,False,2019-07-13 10:48:28,2019-07-13 10:48:28
15415749,Catrin,False,2021-11-04 00:14:03,2021-11-04 00:14:03
15418632,Christine,True,2015-01-02 15:21:54,2015-01-02 15:21:54
15428277,Sebastian,True,2014-05-25 04:06:41,2014-05-25 04:06:41
15433876,Laura,True,2016-09-11 10:51:28,2016-09-11 10:51:28
15436178,Carmen,False,2017-03-12 17:09:57,2017-03-12 17:09:57
15442470,Melanie,False,2019-08-30 23:20:25,2019-08-30 23:20:25
15456585,Kristian,False,2021-11-12 00:42:16,2021-11-12 00:42:16
15462817,Souad,False,2015-09-29 06:07:35,2015-09-29 06:07:35
15469015,Adele,True,2021-02-20 22:33:23,2021-02-20 22:33:23
15473962,Lukas,False,2018-11-14 20:54:20,2018-11-14 20:54:20
15482406,Eva-Lotte,False,2015-02-12 01:00:18,2015-02-12 01:00:18
15490912,Sonia,False,2020-03-02 02:36:47,2020-03-02 02:36:47
15504628,Choucri,False,2019-12-28 23:25:19,2019-12-28 23:25:19
15506870,Berlin,False,2017-05-27 08:17:03,2017-05-27 08:17:03
15507365,Claudia,True,2021-07-28 02:29:44,2021-07-28 02:29:44
15510261,Collins,False,2017-08-26 15:41:40,2017-08-26 15:41:40
15514880,Jesse,False,2021-11-09 21:05:06,2021-11-09 21:05:06
15516062,Julia,False,2016-12-20 07:42:50,2016-12-20 07:42:50
15537950,Katharina,False,2015-05-07 22:53:31,2015-05-07 22:53:31
15547994,Fabian,False,2020-01-18 07:12:26,2020-01-18 07:12:26
15551060,Kunle,False,2015-12-19 18:42:06,2015-12-19 18:42:06
15568241,Nicolas,False,2019-06-18 19:22:38,2019-06-18 19:22:38
15570002,Fabio,False,2021-06-08 12:43:25,2021-06-08 12:43:25
15573787,Lisa,False,2016-12-28 14:03:34,2016-12-28 14:03:34
15579740,Jacinta,False,2019-02-21 05:04:47,2019-02-21 05:04:47
15606243,Vivian,False,2015-09-03 22:46:36,2015-09-03 22:46:36
15625588,Luzie,False,2014-05-10 22:51:06,2014-05-10 22:51:06
15627092,Marcel,False,2016-05-05 20:25:01,2016-05-05 20:25:01
15629732,Wiebke,False,2014-08-11 16:22:23,2014-08-11 16:22:23
15638249,Jana,False,2016-04-20 14:45:31,2016-04-20 14:45:31
15660646,Yasmina,False,2019-08-13 08:28:42,2019-08-13 08:28:42
15672514,Igor,False,2018-07-27 01:29:18,2018-07-27 01:29:18
15681033,Robert,False,2021-11-08 01:21:43,2021-11-08 01:21:43
15686693,Sergio,False,2015-11-15 16:44:33,2015-11-15 16:44:33
15702640,Martin,False,2021-10-27 16:54:08,2021-10-27 16:54:08
15705613,Robin,False,2021-06-30 03:48:08,2021-06-30 03:48:08
15708564,Kai,False,2017-07-19 15:45:05,2017-07-19 15:45:05
15724355,Christopher,False,2017-05-17 14:35:04,2017-05-17 14:35:04
15728494,Alexa,False,2019-07-13 09:53:24,2019-07-13 09:53:24
15728531,Berta,True,2014-06-21 18:40:01,2014-06-21 18:40:01
15730959,Jul,False,2016-08-04 03:51:41,2016-08-04 03:51:41
15732053,Manuela,False,2014-08-23 11:42:35,2014-08-23 11:42:35
15749490,Anni,False,2020-01-24 19:37:15,2020-01-24 19:37:15
15753705,Artur,False,2021-11-13 08:11:18,2021-11-13 08:11:18
15756543,Joana,False,2015-09-16 05:51:51,2015-09-16 05:51:51
15778598,Tereśa,False,2017-07-17 22:27:48,2017-07-17 22:27:48
15781514,Philipp,False,2014-08-19 21:27:57,2014-08-19 21:27:57
15791056,Dagmar,True,2020-11-29 01:17:42,2020-11-29 01:17:42
15802059,Paul,True,2015-07-25 02:42:20,2015-07-25 02:42:20
15806698,Andreas,False,2014-05-28 07:52:35,2014-05-28 07:52:35
15821557,Enno,False,2019-07-28 01:51:41,2019-07-28 01:51:41
15826792,Natalia,False,2019-05-10 00:07:49,2019-05-10 00:07:49
15828530,Maria,False,2016-12-20 11:50:42,2016-12-20 11:50:42
15841013,Olga,False,2019-10-25 12:17:58,2019-10-25 12:17:58
15841765,Steffi,False,2019-09-05 04:18:34,2019-09-05 04:18:34
15842311,Paul,False,2021-08-31 18:58:37,2021-08-31 18:58:37
15847695,Saskia,False,2017-05-25 15:01:58,2017-05-25 15:01:58
15850420,David,False,2016-10-10 13:50:18,2016-10-10 13:50:18
15855118,Stinne Maria,False,2021-11-16 08:45:53,2021-11-16 08:45:53
15856959,Eslam,False,2021-11-03 14:24:33,2021-11-03 14:24:33
15857907,Linda,False,2015-06-07 14:05:12,2015-06-07 14:05:12
15867007,Ia,False,2021-07-14 10:53:14,2021-07-14 10:53:14
15868601,Delphine,False,2018-07-05 01:27:48,2018-07-05 01:27:48
15885094,Tobi,False,2014-05-29 13:13:55,2014-05-29 13:13:55
15893066,Thomas,False,2018-05-28 22:08:22,2018-05-28 22:08:22
15895656,Adan,False,2017-04-15 15:22:30,2017-04-15 15:22:30
15896555,Sam,False,2017-07-27 18:41:40,2017-07-27 18:41:40
15901015,Laura,False,2016-05-10 11:02:18,2016-05-10 11:02:18
15914720,Jenny,False,2017-11-29 12:30:54,2017-11-29 12:30:54
15917612,Johannes,False,2017-07-28 22:40:06,2017-07-28 22:40:06
15919349,Yoni,False,2021-11-05 02:03:06,2021-11-05 02:03:06
15920914,Felix,False,2019-06-30 19:33:18,2019-06-30 19:33:18
15927712,Dimitri,False,2017-02-18 15:42:06,2017-02-18 15:42:06
15930149,Dagmar,False,2014-07-09 02:20:49,2014-07-09 02:20:49
15936565,Julia& Sergiej,False,2018-09-24 08:17:26,2018-09-24 08:17:26
15974323,Stefan,False,2017-04-04 13:56:45,2017-04-04 13:56:45
15993621,Margarete,False,2016-07-31 08:50:40,2016-07-31 08:50:40
15994970,Christian,False,2014-06-11 04:04:30,2014-06-11 04:04:30
15997566,Nicola,False,2015-02-03 12:13:31,2015-02-03 12:13:31
15999237,Wolf,False,2014-06-14 15:36:29,2014-06-14 15:36:29
16003008,Bernd,False,2016-11-29 11:58:19,2016-11-29 11:58:19
16008109,Franziska,False,2014-08-10 11:05:55,2014-08-10 11:05:55
16011290,Ulrich,False,2018-10-15 00:02:36,2018-10-15 00:02:36
16016568,Lena,False,2018-09-21 17:23:10,2018-09-21 17:23:10
16029676,Cinzia,False,2017-10-28 03:09:59,2017-10-28 03:09:59
16033428,Ben,False,2015-01-01 07:43:42,2015-01-01 07:43:42
16037362,Sarah,False,2021-10-28 10:46:09,2021-10-28 10:46:09
16055629,Alexandra,False,2017-06-07 21:58:32,2017-06-07 21:58:32
16079116,Chris,False,2014-12-15 14:39:21,2014-12-15 14:39:21
16081671,Ira,False,2017-07-31 14:08:08,2017-07-31 14:08:08
16093749,Kalle,False,2016-12-26 13:13:30,2016-12-26 13:13:30
16096955,Thomas,False,2018-08-20 21:11:32,2018-08-20 21:11:32
16101198,Ivan,False,2015-08-22 06:48:03,2015-08-22 06:48:03
16102517,Yrerkl,False,2014-08-06 09:16:43,2014-08-06 09:16:43
16109448,Janne,False,2019-11-17 13:12:16,2019-11-17 13:12:16
16114747,Jessica,False,2019-02-17 20:45:05,2019-02-17 20:45:05
16117859,Cornelius,False,2016-03-04 15:57:51,2016-03-04 15:57:51
16122709,Jannyn,False,2014-07-24 22:12:09,2014-07-24 22:12:09
16135990,Rahel,False,2015-05-05 03:36:37,2015-05-05 03:36:37
16137795,Peggy,False,2014-10-10 11:57:59,2014-10-10 11:57:59
16144668,Jane,False,2020-02-24 21:04:17,2020-02-24 21:04:17
16154922,Mariana,False,2017-12-08 18:19:56,2017-12-08 18:19:56
16164765,Elisabeth,False,2021-11-02 20:06:43,2021-11-02 20:06:43
16167807,Tommaso,False,2017-07-09 14:19:43,2017-07-09 14:19:43
16171641,Stella Marisa,True,2021-07-20 18:32:39,2021-07-20 18:32:39
16174535,Henriette,False,2020-08-04 07:40:30,2020-08-04 07:40:30
16188012,Matthias,False,2016-09-18 07:28:43,2016-09-18 07:28:43
16189128,Diana,False,2016-07-22 22:36:03,2016-07-22 22:36:03
16202765,Kathrin,False,2018-06-27 02:07:28,2018-06-27 02:07:28
16208374,Caroline,False,2017-06-23 06:55:30,2017-06-23 06:55:30
16208646,Christian,False,2020-05-23 00:41:55,2020-05-23 00:41:55
16213956,Ulla-Maija,False,2021-10-29 21:14:29,2021-10-29 21:14:29
16215073,Nina,True,2018-07-26 09:53:37,2018-07-26 09:53:37
16217383,Maria,False,2016-05-20 06:03:31,2016-05-20 06:03:31
16227824,Markus,False,2014-06-02 23:22:52,2014-06-02 23:22:52
16228053,Marcello,False,2021-11-10 19:07:14,2021-11-10 19:07:14
16246367,Hanni,False,2014-06-25 15:22:54,2014-06-25 15:22:54
16250769,Nicolas,False,2021-11-14 10:36:47,2021-11-14 10:36:47
16269940,Josephine,False,2017-03-30 20:58:36,2017-03-30 20:58:36
16271978,Sahar,False,2019-09-21 10:34:08,2019-09-21 10:34:08
16273210,Isadhora,False,2021-10-22 06:01:28,2021-10-22 06:01:28
16279672,Shadi,False,2014-08-03 04:19:18,2014-08-03 04:19:18
16280732,Mike,False,2019-04-12 10:04:19,2019-04-12 10:04:19
16281822,Basak,False,2018-09-07 10:36:57,2018-09-07 10:36:57
16288216,Alex,False,2021-11-16 02:09:47,2021-11-16 02:09:47
16292914,Ilona,False,2021-11-12 19:07:44,2021-11-12 19:07:44
16295444,Christian,False,2020-07-11 12:16:51,2020-07-11 12:16:51
16301908,Alexander,False,2018-08-14 06:43:06,2018-08-14 06:43:06
16320372,Susanne,True,2016-09-03 23:11:16,2016-09-03 23:11:16
16322956,Lennart,False,2015-10-15 19:52:29,2015-10-15 19:52:29
16327348,Ines,False,2014-07-01 04:37:36,2014-07-01 04:37:36
16329086,Timm,False,2014-07-30 14:48:56,2014-07-30 14:48:56
16330920,Johannes,False,2015-12-18 01:29:04,2015-12-18 01:29:04
16332399,Micha,False,2021-08-09 22:26:36,2021-08-09 22:26:36
16346337,Olivia,False,2019-09-18 09:43:22,2019-09-18 09:43:22
16346561,Leo,False,2021-10-31 23:54:46,2021-10-31 23:54:46
16361412,Janina,False,2018-08-21 18:31:41,2018-08-21 18:31:41
16364190,Julia,False,2016-10-27 00:41:13,2016-10-27 00:41:13
16373595,Lisa,False,2015-11-08 06:09:51,2015-11-08 06:09:51
16373999,Juju,False,2014-05-28 11:31:05,2014-05-28 11:31:05
16374310,Josa,False,2017-09-11 02:40:05,2017-09-11 02:40:05
16380310,Sabeth,False,2017-11-20 19:47:44,2017-11-20 19:47:44
16380329,Sarah,False,2021-10-27 15:28:48,2021-10-27 15:28:48
16380522,Alina,False,2019-07-27 16:28:32,2019-07-27 16:28:32
16383933,Kevin,False,2021-10-30 15:13:24,2021-10-30 15:13:24
16395669,Stephan,False,2015-07-27 06:34:33,2015-07-27 06:34:33
16410152,Fırat,False,2021-11-16 20:56:38,2021-11-16 20:56:38
16412009,Lisa,False,2016-02-10 09:24:22,2016-02-10 09:24:22
16416782,Corinna,False,2017-08-05 09:20:39,2017-08-05 09:20:39
16423299,Sarah,False,2017-08-03 13:06:42,2017-08-03 13:06:42
16427188,Aggi,False,2014-05-26 17:37:00,2014-05-26 17:37:00
16437442,Laura,False,2015-07-28 04:32:57,2015-07-28 04:32:57
16450807,Alex,False,2015-09-28 20:27:02,2015-09-28 20:27:02
16451186,Clarissa,False,2016-08-25 14:02:35,2016-08-25 14:02:35
16452363,Susanne,False,2019-07-01 18:19:01,2019-07-01 18:19:01
16472366,Jannik,False,2017-06-06 09:09:26,2017-06-06 09:09:26
16472922,Sandra,True,2019-07-01 14:30:39,2019-07-01 14:30:39
16481607,Luis,True,2020-08-01 11:56:28,2020-08-01 11:56:28
16489906,Ryan,False,2014-10-03 09:51:36,2014-10-03 09:51:36
16496827,Stas,False,2021-11-02 15:04:39,2021-11-02 15:04:39
16501673,Mareike,False,2016-04-17 12:34:47,2016-04-17 12:34:47
16504676,Karen,False,2018-07-17 19:18:49,2018-07-17 19:18:49
16514578,Michael,True,2019-04-13 02:03:45,2019-04-13 02:03:45
16519220,Riccardo,False,2018-04-12 11:49:47,2018-04-12 11:49:47
16526913,Falko,False,2016-03-14 20:04:34,2016-03-14 20:04:34
16556825,Shelley,False,2018-03-23 22:43:17,2018-03-23 22:43:17
16594174,Anika,False,2021-11-11 21:47:54,2021-11-11 21:47:54
16598510,Ade,False,2021-04-27 18:24:57,2021-04-27 18:24:57
16603309,Sabrina,False,2015-08-11 09:10:15,2015-08-11 09:10:15
16614328,Maria,False,2021-11-13 21:13:34,2021-11-13 21:13:34
16630523,Daniel,True,2021-03-07 21:56:00,2021-03-07 21:56:00
16630735,Hanna,False,2016-08-17 14:30:04,2016-08-17 14:30:04
16650885,Friederike,False,2021-11-02 17:31:21,2021-11-02 17:31:21
16657244,Maya,False,2016-06-16 21:03:50,2016-06-16 21:03:50
16657917,Vanessa,False,2021-11-17 22:47:46,2021-11-17 22:47:46
16661180,Jenny,False,2016-07-29 02:10:47,2016-07-29 02:10:47
16664238,Katja,False,2014-07-16 14:09:19,2014-07-16 14:09:19
16681697,Kenny,False,2019-11-23 05:03:26,2019-11-23 05:03:26
16690825,Tilmann,False,2021-10-29 00:20:34,2021-10-29 00:20:34
16698564,Lena,False,2020-08-08 19:30:07,2020-08-08 19:30:07
16698845,Kristin,False,2016-04-23 08:51:11,2016-04-23 08:51:11
16701479,Alex,False,2018-02-19 08:25:29,2018-02-19 08:25:29
16702596,Sonja,False,2015-01-31 19:48:44,2015-01-31 19:48:44
16712308,Moritz,False,2016-04-13 00:55:05,2016-04-13 00:55:05
16715351,Fema,False,2014-06-17 02:15:35,2014-06-17 02:15:35
16730719,Joana,False,2019-12-26 16:06:05,2019-12-26 16:06:05
16735987,Gisela,True,2014-06-25 17:52:05,2014-06-25 17:52:05
16735998,Paola,False,2014-08-04 16:26:38,2014-08-04 16:26:38
16747978,Roberto,False,2019-04-11 16:05:37,2019-04-11 16:05:37
16753469,Mona,False,2015-09-16 07:44:34,2015-09-16 07:44:34
16769493,Donna,False,2014-07-29 05:48:25,2014-07-29 05:48:25
16771380,Melissa,False,2015-07-19 00:38:58,2015-07-19 00:38:58
16771511,Che,False,2019-08-17 09:01:42,2019-08-17 09:01:42
16772365,Leo,False,2015-06-21 18:09:17,2015-06-21 18:09:17
16775003,Sarah,False,2014-06-23 14:25:12,2014-06-23 14:25:12
16775158,Talya,False,2014-08-11 21:39:26,2014-08-11 21:39:26
16779224,Florian,False,2018-05-07 17:46:59,2018-05-07 17:46:59
16787645,Ruth,False,2015-05-28 22:57:06,2015-05-28 22:57:06
16798259,Oliver,False,2014-06-23 20:30:12,2014-06-23 20:30:12
16803915,Oliver,False,2017-08-29 16:04:23,2017-08-29 16:04:23
16804471,Ricky,False,2018-11-13 14:09:13,2018-11-13 14:09:13
16806217,Mike,False,2021-02-18 19:33:18,2021-02-18 19:33:18
16811832,Christoph,True,2014-08-18 10:19:59,2014-08-18 10:19:59
16817286,Danijela,False,2017-07-28 17:18:05,2017-07-28 17:18:05
16817592,Tina,False,2016-05-13 12:01:03,2016-05-13 12:01:03
16822443,Svenja,False,2018-07-23 18:48:25,2018-07-23 18:48:25
16825237,Maike,False,2021-11-14 02:25:35,2021-11-14 02:25:35
16826761,Pia,False,2021-07-29 01:28:21,2021-07-29 01:28:21
16838097,Jonas,False,2014-07-13 10:51:44,2014-07-13 10:51:44
16847831,Charlotte,False,2015-05-05 21:46:04,2015-05-05 21:46:04
16847935,Marcus,False,2018-09-24 22:37:35,2018-09-24 22:37:35
16851396,Kai,False,2021-11-02 18:18:47,2021-11-02 18:18:47
16876647,David,False,2021-11-16 15:39:57,2021-11-16 15:39:57
16888300,Hannah,False,2014-06-27 12:34:23,2014-06-27 12:34:23
16890203,Harm,True,2014-07-30 05:35:37,2014-07-30 05:35:37
16894316,Paul,False,2017-09-24 13:42:06,2017-09-24 13:42:06
16898740,Pel,False,2015-05-01 09:19:17,2015-05-01 09:19:17
16899416,Edith,True,2020-05-23 15:52:13,2020-05-23 15:52:13
16907520,Bea,False,2017-09-18 02:06:25,2017-09-18 02:06:25
16913288,Philipp,True,2017-07-07 03:25:42,2017-07-07 03:25:42
16914022,Marta,True,2018-08-19 02:11:20,2018-08-19 02:11:20
16920760,Jim,False,2019-09-23 15:34:40,2019-09-23 15:34:40
16934464,Erik,True,2015-03-26 13:04:01,2015-03-26 13:04:01
16944415,Sofia,False,2014-06-21 17:08:53,2014-06-21 17:08:53
16949444,Catherine,False,2018-04-24 13:16:06,2018-04-24 13:16:06
16955099,Jamie,False,2017-07-22 11:22:48,2017-07-22 11:22:48
16980665,Axel,False,2014-07-04 23:51:38,2014-07-04 23:51:38
16985784,Eberhard,True,2015-10-09 03:35:13,2015-10-09 03:35:13
16988241,Michaela,False,2021-11-04 10:12:02,2021-11-04 10:12:02
16989663,Theresa,False,2015-02-20 10:42:09,2015-02-20 10:42:09
16994329,Viktoria,False,2021-10-22 02:29:08,2021-10-22 02:29:08
17004360,Margarita,True,2019-09-02 08:01:45,2019-09-02 08:01:45
17021170,Basak,True,2017-05-22 09:01:50,2017-05-22 09:01:50
17029506,Katrin,True,2017-11-24 10:08:35,2017-11-24 10:08:35
17036855,Catharina,False,2021-11-17 11:16:44,2021-11-17 11:16:44
17045858,Sebastian,False,2017-07-29 15:35:04,2017-07-29 15:35:04
17064402,Katrin,False,2017-07-20 04:04:48,2017-07-20 04:04:48
17070776,,,2014-08-28 21:08:14,2014-08-28 21:08:14
17111571,Myriam,False,2017-07-07 07:32:54,2017-07-07 07:32:54
17133550,Francesca,False,2014-12-22 06:37:41,2014-12-22 06:37:41
17135777,Daniel,False,2018-07-01 03:16:49,2018-07-01 03:16:49
17137120,Natalie,False,2016-08-21 23:34:23,2016-08-21 23:34:23
17139260,Anna Berit,True,2015-11-01 01:00:22,2015-11-01 01:00:22
17141231,Nasia,False,2021-11-09 04:52:53,2021-11-09 04:52:53
17141692,Stefanie,False,2014-07-15 20:49:20,2014-07-15 20:49:20
17142279,Milena,False,2017-11-09 20:21:11,2017-11-09 20:21:11
17146071,Jacob,False,2015-01-19 18:14:19,2015-01-19 18:14:19
17150424,Kamil,False,2018-05-15 10:29:59,2018-05-15 10:29:59
17151105,Jan,False,2021-11-06 22:42:43,2021-11-06 22:42:43
17152791,Eili,True,2019-02-01 07:52:19,2019-02-01 07:52:19
17158093,Kathi,False,2015-07-20 18:03:53,2015-07-20 18:03:53
17158712,Christoph,False,2019-10-15 07:05:43,2019-10-15 07:05:43
17160562,Alissa,False,2016-08-06 10:12:47,2016-08-06 10:12:47
17180424,Luisa,False,2021-07-13 15:40:04,2021-07-13 15:40:04
17180855,Be,False,2021-10-30 12:00:39,2021-10-30 12:00:39
17186581,Lisa,True,2021-10-21 14:18:08,2021-10-21 14:18:08
17188342,Nina,False,2019-07-24 10:45:13,2019-07-24 10:45:13
17189352,Münür,False,2014-09-17 18:34:49,2014-09-17 18:34:49
17191028,Capucine,False,2021-11-06 18:15:40,2021-11-06 18:15:40
17200335,Sigurður Stefán,False,2017-12-22 08:51:32,2017-12-22 08:51:32
17204519,Suzan,False,2021-11-17 09:03:33,2021-11-17 09:03:33
17210803,Susanne,False,2015-10-08 21:13:52,2015-10-08 21:13:52
17212144,Line Grue,False,2018-11-02 15:40:44,2018-11-02 15:40:44
17216268,Lucia,False,2021-08-31 10:12:25,2021-08-31 10:12:25
17235252,Katharina,False,2017-08-14 15:10:06,2017-08-14 15:10:06
17235284,Corinna,False,2021-11-08 21:48:18,2021-11-08 21:48:18
17236499,Nadja,False,2014-09-01 22:04:25,2014-09-01 22:04:25
17238564,Natali & Djalil,False,2014-07-04 20:26:22,2014-07-04 20:26:22
17245594,Sophia,False,2015-09-15 21:00:00,2015-09-15 21:00:00
17246277,Mellie,False,2019-05-12 02:26:41,2019-05-12 02:26:41
17281021,Cornelia,True,2019-06-03 23:21:57,2019-06-03 23:21:57
17287817,Ricardo,False,2021-11-03 12:53:19,2021-11-03 12:53:19
17291604,Kerstin,False,2014-07-23 14:59:43,2014-07-23 14:59:43
17294522,Paul,False,2018-06-03 06:28:36,2018-06-03 06:28:36
17301086,Anna,False,2018-05-10 04:51:50,2018-05-10 04:51:50
17301268,Heinz,False,2015-05-12 02:04:19,2015-05-12 02:04:19
17316628,Tomos,False,2015-06-07 02:35:30,2015-06-07 02:35:30
17326710,Sebastian,False,2014-07-11 00:36:29,2014-07-11 00:36:29
17327162,Juan,False,2015-05-07 10:34:44,2015-05-07 10:34:44
17329516,Ngoc Anh,False,2016-02-14 15:42:04,2016-02-14 15:42:04
17334516,Moritz,False,2021-11-10 05:00:49,2021-11-10 05:00:49
17335726,Margot,True,2017-12-22 03:23:19,2017-12-22 03:23:19
17340959,Quique,False,2021-10-29 23:18:38,2021-10-29 23:18:38
17353533,Ruth,False,2021-07-27 16:22:09,2021-07-27 16:22:09
17355631,Conny,False,2019-04-30 12:05:03,2019-04-30 12:05:03
17377153,Florian,False,2014-08-19 11:32:09,2014-08-19 11:32:09
17390437,Markus,False,2016-09-07 21:36:51,2016-09-07 21:36:51
17392374,Florian,False,2019-02-25 12:46:23,2019-02-25 12:46:23
17416199,Claudio,False,2018-08-10 17:38:31,2018-08-10 17:38:31
17416287,Benjamin,False,2014-07-17 22:15:10,2014-07-17 22:15:10
17421842,Daniel,False,2021-11-03 23:35:50,2021-11-03 23:35:50
17434221,Bernhard,False,2018-09-06 18:04:18,2018-09-06 18:04:18
17443440,Claudia,True,2019-05-07 07:44:03,2019-05-07 07:44:03
17460284,Silvia,False,2017-09-04 09:52:22,2017-09-04 09:52:22
17461583,Nathalie,True,2021-06-04 07:07:49,2021-06-04 07:07:49
17464606,Quang,False,2021-10-24 14:39:53,2021-10-24 14:39:53
17465614,Antonios,True,2017-07-23 22:17:44,2017-07-23 22:17:44
17485306,Sabrina,False,2015-08-11 18:20:00,2015-08-11 18:20:00
17486974,Julia,False,2019-02-10 00:04:58,2019-02-10 00:04:58
17497574,John,False,2017-05-30 02:22:14,2017-05-30 02:22:14
17500296,Christof,True,2015-04-23 08:25:29,2015-04-23 08:25:29
17507038,Kezia,False,2017-12-29 21:31:44,2017-12-29 21:31:44
17510449,Caecilia,False,2019-02-17 12:06:49,2019-02-17 12:06:49
17510848,Nuran,False,2021-10-28 10:44:33,2021-10-28 10:44:33
17512440,Carlotta,False,2017-09-11 01:25:43,2017-09-11 01:25:43
17530959,Andrea,False,2021-07-04 07:00:19,2021-07-04 07:00:19
17538910,Ruta,False,2018-06-13 14:31:30,2018-06-13 14:31:30
17547263,Nils,False,2019-01-18 01:14:45,2019-01-18 01:14:45
17552469,Ulrike,True,2015-07-16 20:14:14,2015-07-16 20:14:14
17584848,Saskia Maria,False,2020-09-17 16:30:11,2020-09-17 16:30:11
17585092,Lebron,False,2015-08-24 11:24:03,2015-08-24 11:24:03
17585649,Philipp,False,2014-07-11 01:21:36,2014-07-11 01:21:36
17591087,Arne,False,2016-03-05 17:53:34,2016-03-05 17:53:34
17592094,Ani,False,2021-11-04 07:53:24,2021-11-04 07:53:24
17598745,Jürgen,True,2016-06-21 13:16:39,2016-06-21 13:16:39
17598824,Edoardo,False,2021-11-12 16:55:42,2021-11-12 16:55:42
17606822,Janis,False,2014-10-14 07:59:47,2014-10-14 07:59:47
17624480,Benjamin,False,2019-12-01 18:47:10,2019-12-01 18:47:10
17631118,Julien,False,2019-03-09 23:17:42,2019-03-09 23:17:42
17637967,Luka,False,2016-08-16 17:10:38,2016-08-16 17:10:38
17646109,Fouad,False,2014-07-23 22:49:47,2014-07-23 22:49:47
17664754,Claudia,True,2016-07-26 00:32:05,2016-07-26 00:32:05
17665033,Olga,False,2020-07-25 04:48:26,2020-07-25 04:48:26
17670857,Sabine,True,2014-07-06 20:26:42,2014-07-06 20:26:42
17672106,Rocio,False,2018-12-25 19:04:22,2018-12-25 19:04:22
17677975,Christof,True,2020-02-04 08:34:47,2020-02-04 08:34:47
17681942,Massimo,True,2019-08-19 23:19:25,2019-08-19 23:19:25
17682045,Samia,False,2018-04-30 19:09:01,2018-04-30 19:09:01
17682107,Jo Ann,False,2016-10-31 01:21:50,2016-10-31 01:21:50
17684520,Saskia,False,2018-11-29 11:15:34,2018-11-29 11:15:34
17685327,Léonard,False,2017-07-27 10:40:36,2017-07-27 10:40:36
17697820,Eve,False,2014-07-29 07:42:44,2014-07-29 07:42:44
17698129,Nikolaus,False,2015-07-23 19:32:38,2015-07-23 19:32:38
17698566,Karolina,False,2017-03-08 18:09:50,2017-03-08 18:09:50
17699482,Laura,True,2017-06-13 06:48:30,2017-06-13 06:48:30
17700112,Leo,False,2014-08-30 00:11:59,2014-08-30 00:11:59
17702404,Jelena,False,2017-05-18 17:16:06,2017-05-18 17:16:06
17709810,Kathrin,True,2015-12-15 14:59:51,2015-12-15 14:59:51
17718454,Alkistis,False,2018-12-30 19:18:52,2018-12-30 19:18:52
17721997,Federica,False,2015-08-08 13:30:29,2015-08-08 13:30:29
17725291,Lotte,False,2015-08-02 22:05:09,2015-08-02 22:05:09
17725981,Steffi,False,2021-11-09 19:34:36,2021-11-09 19:34:36
17734320,Kai,False,2019-09-26 12:42:17,2019-09-26 12:42:17
17749407,Caroline,False,2017-07-30 19:06:21,2017-07-30 19:06:21
17751608,Kathrin,False,2014-08-06 10:04:31,2014-08-06 10:04:31
17753734,Maria,False,2016-08-21 19:07:25,2016-08-21 19:07:25
17765075,Kristina,False,2018-09-12 04:13:49,2018-09-12 04:13:49
17770355,Janika,False,2015-07-28 16:12:33,2015-07-28 16:12:33
17790434,Anni,False,2017-06-23 17:42:26,2017-06-23 17:42:26
17801617,Samir,True,2017-07-19 02:04:56,2017-07-19 02:04:56
17802224,Andy,False,2018-03-31 16:54:51,2018-03-31 16:54:51
17805595,Jan Benjamin,False,2016-03-24 17:35:20,2016-03-24 17:35:20
17807206,Fiona,False,2021-11-17 03:46:36,2021-11-17 03:46:36
17827855,Willi,False,2018-05-13 22:10:52,2018-05-13 22:10:52
17837116,Muriel,False,2016-01-01 16:16:33,2016-01-01 16:16:33
17853709,Dan,False,2014-08-28 12:36:15,2014-08-28 12:36:15
17861662,Maika,False,2021-10-31 04:59:47,2021-10-31 04:59:47
17863336,Christian,False,2014-07-14 08:43:47,2014-07-14 08:43:47
17863971,Charlotte,False,2015-06-22 05:57:10,2015-06-22 05:57:10
17879397,Hakim,False,2016-12-18 19:33:22,2016-12-18 19:33:22
17901854,Alex Remzi,False,2021-08-17 21:48:22,2021-08-17 21:48:22
17901978,Julia,False,2021-11-09 21:05:25,2021-11-09 21:05:25
17902575,Valerie,False,2021-11-02 00:34:13,2021-11-02 00:34:13
17904285,Seren,False,2021-11-12 03:02:04,2021-11-12 03:02:04
17907143,Damien,False,2018-09-27 16:09:06,2018-09-27 16:09:06
17914840,Charles,False,2020-01-10 11:05:54,2020-01-10 11:05:54
17926736,Sofia,False,2017-08-26 07:07:28,2017-08-26 07:07:28
17929316,Georgia,False,2021-10-25 03:42:48,2021-10-25 03:42:48
17948204,Rosa Maria,False,2016-05-03 00:57:28,2016-05-03 00:57:28
17952252,Matze,False,2014-07-16 04:44:53,2014-07-16 04:44:53
17952659,Campbell,False,2015-12-27 23:07:37,2015-12-27 23:07:37
17952846,Eveline,True,2019-01-09 17:56:09,2019-01-09 17:56:09
17962302,Hannah,False,2018-03-28 02:02:19,2018-03-28 02:02:19
17965582,Giulia,False,2019-01-12 06:08:49,2019-01-12 06:08:49
17974926,Melanie,False,2021-09-18 09:00:31,2021-09-18 09:00:31
17979576,Daniel,False,2015-03-26 21:35:43,2015-03-26 21:35:43
17988339,Kjartan,False,2016-06-18 23:02:37,2016-06-18 23:02:37
17990356,Lola,False,2018-06-11 23:54:07,2018-06-11 23:54:07
17993476,Alex,False,2019-07-29 17:17:23,2019-07-29 17:17:23
17995172,Marie,True,2014-09-27 03:17:49,2014-09-27 03:17:49
17997010,Elena,False,2017-02-26 09:05:38,2017-02-26 09:05:38
18003202,Ralph,True,2016-04-13 14:27:13,2016-04-13 14:27:13
18003576,Roberto,False,2021-08-13 12:16:44,2021-08-13 12:16:44
18004895,Michaela,False,2014-07-27 17:10:12,2014-07-27 17:10:12
18028880,Miri,False,2021-11-15 00:10:41,2021-11-15 00:10:41
18029235,Niccolo,False,2015-12-23 23:58:59,2015-12-23 23:58:59
18034246,Markus,False,2014-07-12 13:35:52,2014-07-12 13:35:52
18036493,Julia,False,2016-05-03 07:03:37,2016-05-03 07:03:37
18036944,Tiffanie,False,2019-10-27 09:13:34,2019-10-27 09:13:34
18045830,Cristina,True,2017-06-29 07:22:08,2017-06-29 07:22:08
18046938,Nicoletta,False,2015-11-04 02:21:52,2015-11-04 02:21:52
18073653,Vicky,False,2017-07-23 03:46:36,2017-07-23 03:46:36
18073878,Janine,False,2018-01-22 06:09:39,2018-01-22 06:09:39
18084560,Folke,False,2021-11-18 08:38:27,2021-11-18 08:38:27
18095847,Eva,False,2021-06-08 00:17:11,2021-06-08 00:17:11
18104346,Carra,False,2017-08-30 13:18:41,2017-08-30 13:18:41
18109264,Robin,False,2017-08-21 21:45:28,2017-08-21 21:45:28
18123772,Anni,False,2017-03-09 00:22:04,2017-03-09 00:22:04
18124387,Caroline,False,2015-04-01 22:59:00,2015-04-01 22:59:00
18131886,Olivia,False,2015-10-02 13:22:55,2015-10-02 13:22:55
18132313,Ira Fiona,False,2018-03-28 00:55:05,2018-03-28 00:55:05
18137582,Lydia,False,2021-11-13 10:10:36,2021-11-13 10:10:36
18137976,Ines,False,2021-11-17 04:44:07,2021-11-17 04:44:07
18149350,Anna,False,2018-03-30 06:49:56,2018-03-30 06:49:56
18156575,Sarah,False,2016-06-01 16:41:04,2016-06-01 16:41:04
18158340,Christine,False,2016-05-07 15:20:20,2016-05-07 15:20:20
18177117,Petra Und Otto,False,2014-08-01 04:54:32,2014-08-01 04:54:32
18181974,Birgit,True,2018-11-06 04:31:38,2018-11-06 04:31:38
18183098,Andre Marcel,False,2015-11-15 20:21:44,2015-11-15 20:21:44
18183491,Patrick,False,2019-08-09 00:13:47,2019-08-09 00:13:47
18183506,Hans-Heinrich,False,2021-10-27 07:56:42,2021-10-27 07:56:42
18184224,Florian,False,2020-07-08 14:43:54,2020-07-08 14:43:54
18190544,Paula,False,2018-06-05 14:36:04,2018-06-05 14:36:04
18190953,Sara,False,2021-11-14 03:48:29,2021-11-14 03:48:29
18194568,Anja,False,2021-10-26 22:09:09,2021-10-26 22:09:09
18194821,Vivien,False,2016-02-28 12:18:58,2016-02-28 12:18:58
18194967,Tita,False,2014-08-30 13:13:04,2014-08-30 13:13:04
18198728,Sabine,False,2015-03-30 04:08:58,2015-03-30 04:08:58
18209068,Eva,False,2014-08-01 08:09:21,2014-08-01 08:09:21
18238569,Max,False,2021-11-19 10:23:22,2021-11-19 10:23:22
18239210,Charlotte,False,2017-06-03 09:20:03,2017-06-03 09:20:03
18241865,Rafaela,False,2021-11-18 08:28:47,2021-11-18 08:28:47
18259195,Saskia,False,2021-08-22 15:06:06,2021-08-22 15:06:06
18266350,Jane,False,2016-10-01 14:10:34,2016-10-01 14:10:34
18267013,Sigurd,False,2014-12-29 22:49:11,2014-12-29 22:49:11
18275808,Daniel,False,2016-08-12 12:21:14,2016-08-12 12:21:14
18277032,Michael,False,2014-08-13 13:06:39,2014-08-13 13:06:39
18278034,Daniella,False,2015-11-30 10:04:36,2015-11-30 10:04:36
18303975,Laura,False,2016-08-12 10:09:14,2016-08-12 10:09:14
18314951,Camille,False,2021-11-16 13:15:38,2021-11-16 13:15:38
18317451,Natalie,True,2018-09-02 18:37:59,2018-09-02 18:37:59
18319713,Dominik,False,2017-05-29 10:50:38,2017-05-29 10:50:38
18326018,Denise,False,2014-08-11 00:10:50,2014-08-11 00:10:50
18342260,Franziska,False,2014-12-20 07:54:49,2014-12-20 07:54:49
18343728,Warren,True,2021-07-29 06:23:37,2021-07-29 06:23:37
18350241,Lisa,False,2021-10-30 14:12:49,2021-10-30 14:12:49
18350458,Marcos,False,2019-11-02 00:01:54,2019-11-02 00:01:54
18350677,Gianna,False,2019-06-26 09:32:04,2019-06-26 09:32:04
18371382,Leo,False,2019-11-27 20:20:08,2019-11-27 20:20:08
18374508,Abie,False,2016-04-07 22:58:40,2016-04-07 22:58:40
18377854,TiLi,False,2014-08-02 09:56:28,2014-08-02 09:56:28
18380880,Albane,False,2015-09-06 04:08:44,2015-09-06 04:08:44
18384885,Assaf,False,2021-11-14 15:42:15,2021-11-14 15:42:15
18386009,Mohannad,False,2016-09-07 12:59:39,2016-09-07 12:59:39
18393624,Florian,False,2017-03-13 22:08:41,2017-03-13 22:08:41
18400678,Nina,False,2021-10-26 09:11:52,2021-10-26 09:11:52
18415404,Mai,False,2018-08-30 22:10:50,2018-08-30 22:10:50
18440173,Lisa Maria,False,2020-09-25 05:35:11,2020-09-25 05:35:11
18449166,Norbert,False,2021-11-01 20:46:50,2021-11-01 20:46:50
18450657,Klaudia,False,2018-06-18 05:57:52,2018-06-18 05:57:52
18454600,Daniela,True,2020-08-06 02:20:15,2020-08-06 02:20:15
18456475,Frances,False,2021-10-23 06:05:59,2021-10-23 06:05:59
18457343,Clemens,False,2015-11-17 21:26:45,2015-11-17 21:26:45
18457550,Alexander,False,2018-07-12 20:34:13,2018-07-12 20:34:13
18460895,Katrin,False,2015-08-30 20:56:22,2015-08-30 20:56:22
18461857,Viktoria,False,2016-05-17 15:35:35,2016-05-17 15:35:35
18463959,Uli,True,2014-12-21 08:11:54,2014-12-21 08:11:54
18476347,Till,False,2017-11-12 12:46:11,2017-11-12 12:46:11
18480994,Simon,False,2021-10-30 06:34:35,2021-10-30 06:34:35
18483802,Kiki,False,2021-11-15 14:23:39,2021-11-15 14:23:39
18485423,Aline,False,2020-07-14 04:31:24,2020-07-14 04:31:24
18489024,Jan,True,2015-08-23 02:00:38,2015-08-23 02:00:38
18536941,Marlen,False,2020-08-16 04:08:51,2020-08-16 04:08:51
18539225,Jordane,False,2014-08-03 20:08:57,2014-08-03 20:08:57
18540104,Luna,True,2020-02-22 10:19:39,2020-02-22 10:19:39
18543785,Bruce,False,2015-12-30 14:09:02,2015-12-30 14:09:02
18547398,Stefanie,False,2014-08-05 10:22:41,2014-08-05 10:22:41
18561453,Frank,False,2018-10-20 06:31:14,2018-10-20 06:31:14
18568965,Jacob,False,2018-02-22 00:39:41,2018-02-22 00:39:41
18569702,Damien,False,2019-07-25 09:54:47,2019-07-25 09:54:47
18572824,Inge,True,2015-02-11 11:43:28,2015-02-11 11:43:28
18574801,Raphael,False,2016-05-12 12:08:28,2016-05-12 12:08:28
18575315,Irmtraut,False,2016-08-20 18:14:15,2016-08-20 18:14:15
18579931,Ionel,False,2021-11-06 11:52:20,2021-11-06 11:52:20
18591946,Holger,False,2019-09-29 13:11:20,2019-09-29 13:11:20
18600977,Niklas,False,2016-06-26 06:51:26,2016-06-26 06:51:26
18614712,Judith,False,2021-11-06 11:27:38,2021-11-06 11:27:38
18615910,Antonio,False,2015-07-19 01:00:41,2015-07-19 01:00:41
18618088,Sedef,False,2018-07-17 20:59:49,2018-07-17 20:59:49
18636655,Vlad,False,2018-04-27 20:48:14,2018-04-27 20:48:14
18639447,Juli,False,2016-08-21 21:32:36,2016-08-21 21:32:36
18641126,Tobias,False,2021-11-08 20:44:08,2021-11-08 20:44:08
18647552,Clemens,False,2021-10-31 09:46:36,2021-10-31 09:46:36
18649531,Ron,False,2014-09-23 20:59:28,2014-09-23 20:59:28
18653220,Ido,False,2021-10-23 06:19:04,2021-10-23 06:19:04
18657804,Krist,True,2017-03-06 17:42:45,2017-03-06 17:42:45
18657924,Cansu,False,2021-09-21 19:40:00,2021-09-21 19:40:00
18672701,Tina,False,2015-10-29 09:30:07,2015-10-29 09:30:07
18673662,Philipp,False,2015-08-18 15:37:42,2015-08-18 15:37:42
18677185,Anne,False,2017-06-01 17:16:26,2017-06-01 17:16:26
18678819,Magdalena,True,2017-02-05 03:23:40,2017-02-05 03:23:40
18700789,Lena,False,2014-07-29 13:08:15,2014-07-29 13:08:15
18721832,Quanquan,True,2021-07-26 03:05:30,2021-07-26 03:05:30
18723728,Shabnam,False,2017-08-27 07:12:46,2017-08-27 07:12:46
18740832,Katarzyna,True,2017-07-01 13:30:24,2017-07-01 13:30:24
18748484,Nga,False,2017-04-22 00:08:21,2017-04-22 00:08:21
18749019,Rémi Martin,False,2016-06-17 13:49:23,2016-06-17 13:49:23
18751198,Kaios,False,2021-10-30 15:18:29,2021-10-30 15:18:29
18769867,Davide,False,2018-08-01 06:07:35,2018-08-01 06:07:35
18790851,Katharina,False,2014-07-30 05:32:40,2014-07-30 05:32:40
18797335,Jason,False,2021-11-12 06:19:32,2021-11-12 06:19:32
18806886,Alexander,False,2021-10-27 18:15:18,2021-10-27 18:15:18
18816704,Hanah,False,2018-05-23 18:35:14,2018-05-23 18:35:14
18830428,Resi,False,2015-08-12 10:38:16,2015-08-12 10:38:16
18832548,Raphael,False,2018-12-29 03:50:16,2018-12-29 03:50:16
18855893,Johannes,False,2018-03-28 05:11:28,2018-03-28 05:11:28
18864362,Michelle,False,2014-08-01 04:49:02,2014-08-01 04:49:02
18865584,Heiko-Thandeka,False,2014-12-10 15:25:53,2014-12-10 15:25:53
18865761,Andreas,False,2016-12-16 07:23:13,2016-12-16 07:23:13
18867174,30beiNass,True,2014-08-05 20:02:32,2014-08-05 20:02:32
18868048,Malek,False,2015-12-04 10:53:28,2015-12-04 10:53:28
18882237,Alan,False,2017-07-15 05:24:00,2017-07-15 05:24:00
18902239,Anne-Franziska,False,2019-10-25 08:38:37,2019-10-25 08:38:37
18906856,Sascha,True,2018-12-15 06:42:17,2018-12-15 06:42:17
18912679,Nadin,False,2021-11-01 05:11:31,2021-11-01 05:11:31
18913540,Hans,False,2018-09-05 06:25:36,2018-09-05 06:25:36
18936068,Julia,False,2021-10-27 10:02:49,2021-10-27 10:02:49
18951814,Jenifer,False,2019-01-01 20:56:22,2019-01-01 20:56:22
18952840,Martin,False,2014-07-27 15:45:57,2014-07-27 15:45:57
18959405,Anne,False,2015-12-13 11:27:20,2015-12-13 11:27:20
18969970,Sonja,False,2017-04-06 09:04:28,2017-04-06 09:04:28
18980209,Olivier,False,2014-09-06 23:18:04,2014-09-06 23:18:04
18981851,Yvonne,False,2014-08-31 05:18:58,2014-08-31 05:18:58
18990515,Sarah & Caspar,False,2018-06-26 20:42:36,2018-06-26 20:42:36
18993413,Sophia,False,2015-07-01 12:34:55,2015-07-01 12:34:55
18993780,Lilia,False,2021-06-09 22:19:56,2021-06-09 22:19:56
19013388,James,False,2018-12-26 02:01:03,2018-12-26 02:01:03
19019871,Val,False,2021-11-02 22:24:24,2021-11-02 22:24:24
19028702,Yalda,False,2019-02-13 11:18:01,2019-02-13 11:18:01
19030945,Malin,False,2015-08-05 07:09:17,2015-08-05 07:09:17
19035475,Thilo,True,2014-08-13 20:18:37,2014-08-13 20:18:37
19036272,Gesa,False,2014-07-26 02:00:30,2014-07-26 02:00:30
19036532,Magda,False,2015-06-11 13:15:31,2015-06-11 13:15:31
19037047,Andy,False,2015-10-09 13:14:54,2015-10-09 13:14:54
19044451,Julia,False,2015-05-25 17:18:50,2015-05-25 17:18:50
19045345,Chez,False,2019-11-21 12:49:55,2019-11-21 12:49:55
19053894,Jonas,False,2017-01-24 18:17:39,2017-01-24 18:17:39
19056175,Victoria,False,2014-12-27 04:49:16,2014-12-27 04:49:16
19056851,Chloé,False,2015-08-17 03:39:09,2015-08-17 03:39:09
19058013,Sarah,False,2019-02-11 01:33:22,2019-02-11 01:33:22
19062220,Emily,False,2021-11-02 21:09:45,2021-11-02 21:09:45
19062786,Michelle,False,2015-11-04 14:48:23,2015-11-04 14:48:23
19065139,Lucas,False,2017-10-24 08:46:27,2017-10-24 08:46:27
19080417,Vanessa,False,2021-10-28 07:19:22,2021-10-28 07:19:22
19081146,Steve,False,2018-01-22 10:42:10,2018-01-22 10:42:10
19091012,Marianna,False,2015-12-26 12:50:10,2015-12-26 12:50:10
19099027,Shem,False,2015-12-21 19:16:52,2015-12-21 19:16:52
19102345,Agnieszka,False,2018-08-21 05:26:17,2018-08-21 05:26:17
19106338,Kinga Eva,False,2015-05-25 14:04:12,2015-05-25 14:04:12
19113318,Agathe,False,2016-09-05 20:14:57,2016-09-05 20:14:57
19121940,Maxi Luisa,False,2021-09-24 17:56:06,2021-09-24 17:56:06
19132204,Marcel,False,2014-07-27 14:55:39,2014-07-27 14:55:39
19135815,Alexandre,False,2015-12-26 22:06:53,2015-12-26 22:06:53
19139154,Pedro,False,2019-06-10 22:59:45,2019-06-10 22:59:45
19145993,Fritjof,False,2021-10-30 23:16:21,2021-10-30 23:16:21
19153767,Jana,False,2014-07-24 06:05:21,2014-07-24 06:05:21
19155359,Niklas,False,2019-11-03 04:49:05,2019-11-03 04:49:05
19163864,Kathi,False,2017-04-22 19:12:46,2017-04-22 19:12:46
19166453,André,False,2017-05-30 19:07:13,2017-05-30 19:07:13
19167756,Kathlyn,False,2021-10-28 04:01:22,2021-10-28 04:01:22
19172940,Emily,False,2021-11-04 15:05:10,2021-11-04 15:05:10
19175117,Cayan,False,2014-07-27 21:44:43,2014-07-27 21:44:43
19181084,Laura,False,2021-08-04 06:38:58,2021-08-04 06:38:58
19190074,Lara,False,2016-02-15 12:14:27,2016-02-15 12:14:27
19193581,Guido,False,2021-11-12 14:18:34,2021-11-12 14:18:34
19202571,Cetus,False,2018-02-12 13:22:32,2018-02-12 13:22:32
19208570,Heike,False,2015-05-12 19:55:25,2015-05-12 19:55:25
19213001,Ana,False,2020-10-22 01:23:52,2020-10-22 01:23:52
19217405,Marc,True,2017-04-04 10:09:41,2017-04-04 10:09:41
19220411,Fareed,False,2019-07-15 08:21:40,2019-07-15 08:21:40
19247109,Hannah,False,2019-07-22 19:17:24,2019-07-22 19:17:24
19255545,Isabelle,False,2021-11-08 11:52:51,2021-11-08 11:52:51
19263147,Julieta,False,2015-12-04 02:08:54,2015-12-04 02:08:54
19281206,Soe,False,2021-10-28 12:47:32,2021-10-28 12:47:32
19295022,Gudrun,True,2016-12-15 16:16:35,2016-12-15 16:16:35
19297176,Danny,False,2021-11-19 07:33:13,2021-11-19 07:33:13
19303940,Silja,False,2019-03-17 09:10:05,2019-03-17 09:10:05
19320858,Julia,False,2015-09-22 12:45:33,2015-09-22 12:45:33
19325724,Laura-Lee,False,2021-11-07 04:04:57,2021-11-07 04:04:57
19325947,Angelika,False,2017-12-23 14:26:17,2017-12-23 14:26:17
19336587,Ayu,False,2021-11-19 10:50:12,2021-11-19 10:50:12
19338650,Jerome,False,2018-02-25 21:19:28,2018-02-25 21:19:28
19342974,Meike,False,2015-06-24 09:21:07,2015-06-24 09:21:07
19344446,Katharina,False,2021-11-13 07:58:31,2021-11-13 07:58:31
19346492,Sandro,True,2020-08-29 05:43:19,2020-08-29 05:43:19
19347591,Tarini,False,2014-08-28 13:55:39,2014-08-28 13:55:39
19362010,Jai,False,2021-11-16 15:18:02,2021-11-16 15:18:02
19374682,Léa & Eldad,False,2018-06-22 16:09:48,2018-06-22 16:09:48
19385058,Linn,False,2017-08-11 07:09:07,2017-08-11 07:09:07
19390608,Annemarie,False,2018-06-04 04:46:55,2018-06-04 04:46:55
19390913,Philipp,False,2016-04-02 04:16:12,2016-04-02 04:16:12
19394037,Hannah,False,2014-08-25 01:37:46,2014-08-25 01:37:46
19396963,Burak,False,2019-09-10 10:41:32,2019-09-10 10:41:32
19425657,Demi,False,2014-10-10 05:44:06,2014-10-10 05:44:06
19429292,Maxence,False,2017-12-24 15:37:46,2017-12-24 15:37:46
19431485,Emilia,False,2017-02-11 18:13:04,2017-02-11 18:13:04
19445864,Joachim,False,2014-08-11 23:47:43,2014-08-11 23:47:43
19448002,Daniel,True,2019-06-17 12:45:41,2019-06-17 12:45:41
19469766,Lars,False,2017-06-26 14:15:16,2017-06-26 14:15:16
19482579,Libor,True,2018-06-26 17:09:56,2018-06-26 17:09:56
19488687,Anton,False,2015-10-28 17:19:58,2015-10-28 17:19:58
19493808,Hannah,False,2015-09-04 15:13:16,2015-09-04 15:13:16
19495685,Ludwig,False,2021-09-13 14:28:46,2021-09-13 14:28:46
19498962,Nina,False,2016-01-07 14:57:47,2016-01-07 14:57:47
19502457,Bastian,False,2015-05-13 00:10:24,2015-05-13 00:10:24
19502982,Hanna Und Anna,False,2015-07-15 20:43:49,2015-07-15 20:43:49
19520480,Klemens,False,2017-09-19 12:52:08,2017-09-19 12:52:08
19520560,Ivan,False,2021-11-18 15:10:56,2021-11-18 15:10:56
19521362,Anna,False,2020-10-05 05:32:40,2020-10-05 05:32:40
19527112,Jens,True,2018-07-09 12:55:54,2018-07-09 12:55:54
19548509,Sven,True,2017-10-03 14:58:32,2017-10-03 14:58:32
19550415,Paula,False,2016-05-01 19:52:59,2016-05-01 19:52:59
19550738,Edith,False,2014-08-13 06:59:37,2014-08-13 06:59:37
19553398,Elisabeth,False,2017-03-22 09:20:43,2017-03-22 09:20:43
19553425,Delia,False,2015-12-17 03:28:44,2015-12-17 03:28:44
19553768,Özgür,False,2021-03-23 00:19:32,2021-03-23 00:19:32
19567680,Martin,False,2016-11-29 00:15:09,2016-11-29 00:15:09
19570048,Anna-Mareike,False,2021-11-11 08:22:09,2021-11-11 08:22:09
19583710,Søren,False,2019-09-07 09:33:29,2019-09-07 09:33:29
19587349,Kathi,False,2021-04-26 19:59:32,2021-04-26 19:59:32
19587639,Lila,False,2021-11-18 10:16:10,2021-11-18 10:16:10
19592354,Jacopo,False,2014-09-13 07:43:42,2014-09-13 07:43:42
19610820,Alberto,True,2014-08-07 10:18:34,2014-08-07 10:18:34
19614775,Emre,False,2021-11-19 16:49:41,2021-11-19 16:49:41
19616016,Geraint,False,2021-07-10 05:52:11,2021-07-10 05:52:11
19620778,Eliaser,False,2014-08-17 05:44:26,2014-08-17 05:44:26
19621552,Alec,True,2018-05-08 20:31:34,2018-05-08 20:31:34
19621812,Hermann,False,2018-07-03 22:03:36,2018-07-03 22:03:36
19624805,Marco,False,2021-10-27 08:51:49,2021-10-27 08:51:49
19626142,Michaela,False,2021-11-12 02:42:50,2021-11-12 02:42:50
19627594,Philip,False,2018-03-30 10:09:18,2018-03-30 10:09:18
19632891,Hermann,False,2017-09-12 21:16:50,2017-09-12 21:16:50
19640594,C.,False,2019-10-27 22:08:56,2019-10-27 22:08:56
19645006,Jessica,True,2021-05-27 22:02:22,2021-05-27 22:02:22
19671065,Lara,False,2021-10-23 17:21:15,2021-10-23 17:21:15
19672291,Juan Felipe,False,2016-08-24 11:50:06,2016-08-24 11:50:06
19673598,Hannah,False,2017-12-21 22:17:46,2017-12-21 22:17:46
19692963,Süheyla,True,2018-06-11 05:18:12,2018-06-11 05:18:12
19697534,Katharina,False,2017-12-09 19:05:12,2017-12-09 19:05:12
19720489,Berkcan,False,2021-10-29 04:45:09,2021-10-29 04:45:09
19727182,Jenny,False,2018-03-03 01:32:42,2018-03-03 01:32:42
19737067,Katharina,False,2014-09-17 04:34:09,2014-09-17 04:34:09
19742325,Katarzyna,False,2018-01-14 08:32:19,2018-01-14 08:32:19
19782920,Alina,False,2020-09-25 05:07:41,2020-09-25 05:07:41
19788122,Paula,False,2015-08-05 07:25:24,2015-08-05 07:25:24
19818276,Saba,False,2014-08-15 07:38:09,2014-08-15 07:38:09
19819170,Sophie,False,2017-09-12 00:49:11,2017-09-12 00:49:11
19820618,Katharina,False,2017-09-24 15:45:14,2017-09-24 15:45:14
19830051,Leonhard,False,2016-03-11 13:58:18,2016-03-11 13:58:18
19837126,Annie,True,2016-12-30 07:30:49,2016-12-30 07:30:49
19840872,Luisa,False,2014-11-22 13:06:58,2014-11-22 13:06:58
19844490,Charlotte,False,2021-10-26 11:12:52,2021-10-26 11:12:52
19847104,Ronny,True,2014-10-08 18:02:41,2014-10-08 18:02:41
19847514,Carola,False,2018-06-30 04:21:02,2018-06-30 04:21:02
19850661,Kathi,False,2021-08-13 02:09:59,2021-08-13 02:09:59
19862784,Matteo,False,2018-07-23 11:02:05,2018-07-23 11:02:05
19880718,Tobias,True,2016-11-20 18:44:03,2016-11-20 18:44:03
19881613,Max,False,2021-06-26 18:04:39,2021-06-26 18:04:39
19882712,Christoph,True,2014-08-31 22:29:44,2014-08-31 22:29:44
19884635,Bob,False,2016-03-29 06:05:08,2016-03-29 06:05:08
19886612,Eva,False,2016-02-09 12:57:32,2016-02-09 12:57:32
19887236,Malo,False,2016-07-31 15:35:06,2016-07-31 15:35:06
19888788,Ulysse,False,2015-12-08 08:39:21,2015-12-08 08:39:21
19888930,Bianca,True,2018-05-23 11:31:11,2018-05-23 11:31:11
19889715,Valerie,False,2019-03-19 04:37:41,2019-03-19 04:37:41
19891107,Manuel,False,2016-03-01 16:49:37,2016-03-01 16:49:37
19892144,Anna & Robin,False,2020-07-27 20:46:41,2020-07-27 20:46:41
19892770,Felix,False,2019-07-20 11:00:17,2019-07-20 11:00:17
19894602,Max,False,2020-02-17 10:00:57,2020-02-17 10:00:57
19899160,Alexandra,False,2016-11-22 07:59:26,2016-11-22 07:59:26
19901049,Alisa,False,2021-07-14 19:29:39,2021-07-14 19:29:39
19905017,Mister M,False,2015-11-07 03:45:04,2015-11-07 03:45:04
19916716,Cecilie,False,2016-01-29 19:18:11,2016-01-29 19:18:11
19926045,Katie,False,2016-06-20 19:52:34,2016-06-20 19:52:34
19950137,Katharina,False,2019-09-19 18:51:20,2019-09-19 18:51:20
19950904,Yve,False,2014-08-26 18:08:15,2014-08-26 18:08:15
19955135,Lucas,False,2014-08-12 03:11:57,2014-08-12 03:11:57
19959089,Kathrin,False,2015-03-18 01:22:10,2015-03-18 01:22:10
19964062,Gunnar,True,2016-07-07 12:20:25,2016-07-07 12:20:25
19971885,Manfred,False,2021-10-25 20:42:41,2021-10-25 20:42:41
19972295,Christine,False,2017-09-12 09:49:17,2017-09-12 09:49:17
19972363,Sara,True,2016-10-10 12:51:20,2016-10-10 12:51:20
19975423,Charles,False,2016-02-08 07:23:29,2016-02-08 07:23:29
19975447,Mordechai,False,2021-10-24 05:36:40,2021-10-24 05:36:40
19982320,Malte,False,2020-07-27 21:16:12,2020-07-27 21:16:12
19985290,Elvis,False,2021-11-07 05:26:41,2021-11-07 05:26:41
19997764,Hiroki,False,2016-03-25 11:12:17,2016-03-25 11:12:17
20001201,Martin,False,2020-09-16 16:35:25,2020-09-16 16:35:25
20001289,Dagmar,True,2014-09-07 04:58:11,2014-09-07 04:58:11
20001470,Klaus,False,2021-10-26 06:57:35,2021-10-26 06:57:35
20006585,Sabrina,False,2021-10-23 07:34:55,2021-10-23 07:34:55
20011614,Judith,False,2021-08-06 18:08:10,2021-08-06 18:08:10
20021987,Miray,False,2015-08-26 03:22:45,2015-08-26 03:22:45
20024260,Naomi,False,2021-11-07 16:14:15,2021-11-07 16:14:15
20024969,Benedikt,False,2016-06-10 04:33:49,2016-06-10 04:33:49
20025096,Max,False,2018-02-27 11:59:44,2018-02-27 11:59:44
20025386,Ekkehard,False,2018-06-29 09:00:23,2018-06-29 09:00:23
20025390,Janine,False,2021-11-15 03:15:07,2021-11-15 03:15:07
20028460,Anke + Sebastian,False,2016-05-03 13:10:57,2016-05-03 13:10:57
20029104,Ju,False,2016-09-24 13:11:22,2016-09-24 13:11:22
20039679,Daniel,False,2016-08-27 18:08:40,2016-08-27 18:08:40
20042663,Sam,False,2021-11-06 04:15:03,2021-11-06 04:15:03
20043437,Marianne,False,2017-02-22 13:55:53,2017-02-22 13:55:53
20059200,Florian,False,2021-08-09 04:48:02,2021-08-09 04:48:02
20063465,Alberto,False,2021-09-24 01:09:05,2021-09-24 01:09:05
20065239,Margaryta,False,2021-06-24 07:26:36,2021-06-24 07:26:36
20073156,Jeroen,False,2021-11-18 11:43:07,2021-11-18 11:43:07
20079788,Max,False,2016-06-26 01:08:57,2016-06-26 01:08:57
20104263,Julia,False,2015-04-30 15:44:18,2015-04-30 15:44:18
20109983,Brigitte,False,2020-02-21 13:10:25,2020-02-21 13:10:25
20112209,Viktor,False,2015-05-01 13:31:32,2015-05-01 13:31:32
20115491,Philipp S.,False,2016-11-23 00:18:11,2016-11-23 00:18:11
20145014,Frank,False,2016-05-15 04:58:02,2016-05-15 04:58:02
20145377,Sophie,False,2014-12-29 19:13:42,2014-12-29 19:13:42
20146969,Salima,False,2018-10-26 10:12:30,2018-10-26 10:12:30
20168709,Anne-Marie,False,2020-02-12 04:29:27,2020-02-12 04:29:27
20193180,Tia,False,2014-10-07 13:54:33,2014-10-07 13:54:33
20200956,Daniel,False,2015-09-12 18:22:44,2015-09-12 18:22:44
20205918,Cieke,False,2015-07-01 16:18:24,2015-07-01 16:18:24
20207318,Nils,False,2020-01-03 09:24:41,2020-01-03 09:24:41
20208042,Tanja,False,2019-09-19 23:03:42,2019-09-19 23:03:42
20210038,Milena,False,2019-04-14 15:19:58,2019-04-14 15:19:58
20214530,S,False,2021-10-25 22:14:50,2021-10-25 22:14:50
20243581,Kaja,False,2021-11-01 12:01:19,2021-11-01 12:01:19
20256026,Felix,False,2021-08-06 05:00:29,2021-08-06 05:00:29
20258273,Mathieu,False,2016-12-16 15:29:22,2016-12-16 15:29:22
20265270,Simon,False,2015-08-15 07:47:02,2015-08-15 07:47:02
20297650,Maria,False,2020-01-27 00:05:51,2020-01-27 00:05:51
20303443,Leah,False,2015-07-25 10:18:03,2015-07-25 10:18:03
20307915,Julia,True,2017-05-08 10:22:16,2017-05-08 10:22:16
20312635,Leo,False,2015-08-04 22:39:37,2015-08-04 22:39:37
20326704,Manny,False,2017-12-29 08:52:21,2017-12-29 08:52:21
20326983,Michaela,False,2014-11-01 13:00:55,2014-11-01 13:00:55
20338370,Jana,False,2019-07-22 11:54:05,2019-07-22 11:54:05
20352084,Stefan,False,2014-09-11 18:49:52,2014-09-11 18:49:52
20353636,Sander,False,2021-03-30 07:51:07,2021-03-30 07:51:07
20355955,Polo,False,2015-12-25 21:02:17,2015-12-25 21:02:17
20362806,Aron,False,2019-09-16 06:38:39,2019-09-16 06:38:39
20365095,Francesca,False,2017-10-11 01:16:33,2017-10-11 01:16:33
20365772,Asia,False,2019-04-06 10:46:06,2019-04-06 10:46:06
20369059,Jan,False,2016-08-02 02:16:30,2016-08-02 02:16:30
20372109,Jan,False,2014-09-25 07:57:43,2014-09-25 07:57:43
20384673,Byron,False,2017-06-12 18:42:55,2017-06-12 18:42:55
20388548,Basma,True,2018-07-04 17:21:10,2018-07-04 17:21:10
20391171,Florin,False,2021-11-11 06:17:46,2021-11-11 06:17:46
20391482,Sophie,False,2018-10-12 21:57:09,2018-10-12 21:57:09
20393670,Christian,False,2016-07-24 07:57:02,2016-07-24 07:57:02
20396767,Neele,False,2017-08-25 15:06:36,2017-08-25 15:06:36
20400055,Veronika,True,2019-05-11 12:04:52,2019-05-11 12:04:52
20401091,Anna,False,2015-07-27 22:11:55,2015-07-27 22:11:55
20412441,Anna,False,2021-11-04 17:16:21,2021-11-04 17:16:21
20422988,Egon,False,2018-09-14 14:54:39,2018-09-14 14:54:39
20424648,Christine,False,2014-08-29 00:18:05,2014-08-29 00:18:05
20434299,Yagiz,False,2019-03-25 01:40:04,2019-03-25 01:40:04
20435611,Moritz,False,2014-08-21 06:04:22,2014-08-21 06:04:22
20447653,Sebastian,False,2014-09-19 13:08:45,2014-09-19 13:08:45
20448595,Anna,False,2021-10-22 11:01:01,2021-10-22 11:01:01
20471435,Katharina,False,2016-03-16 08:14:43,2016-03-16 08:14:43
20475915,Sven,False,2017-05-12 02:27:19,2017-05-12 02:27:19
20483267,Christoph,True,2020-05-07 23:00:32,2020-05-07 23:00:32
20485532,Vivian,True,2017-08-04 02:11:27,2017-08-04 02:11:27
20486026,Timothy,False,2014-08-23 15:18:22,2014-08-23 15:18:22
20500981,Chi,True,2017-03-09 04:04:02,2017-03-09 04:04:02
20501333,Enno,False,2021-11-07 05:32:56,2021-11-07 05:32:56
20504718,Lara,False,2016-08-23 23:36:33,2016-08-23 23:36:33
20505643,Eleni,False,2017-07-09 05:23:27,2017-07-09 05:23:27
20509822,Boris,True,2017-07-13 17:03:24,2017-07-13 17:03:24
20510377,Nadine,False,2015-04-04 10:04:16,2015-04-04 10:04:16
20510649,Emma,False,2016-08-06 08:41:39,2016-08-06 08:41:39
20512702,Marvin,False,2016-07-07 16:11:57,2016-07-07 16:11:57
20522637,Zeljka,True,2019-02-06 06:56:31,2019-02-06 06:56:31
20523028,Winnona,False,2021-10-24 00:04:38,2021-10-24 00:04:38
20525055,Maximilian,False,2017-09-07 10:02:39,2017-09-07 10:02:39
20532617,Pelle,False,2021-10-27 20:38:16,2021-10-27 20:38:16
20535180,Betul,False,2021-11-04 00:22:27,2021-11-04 00:22:27
20543889,Robert,False,2021-08-04 07:57:18,2021-08-04 07:57:18
20544212,Joerg,False,2017-07-10 07:11:24,2017-07-10 07:11:24
20545784,Van Khanh,True,2019-12-26 19:50:14,2019-12-26 19:50:14
20546225,Kati,False,2017-06-19 19:07:56,2017-06-19 19:07:56
20549237,Carsten,True,2015-02-28 05:27:03,2015-02-28 05:27:03
20549586,Jonathan,True,2018-02-01 08:52:46,2018-02-01 08:52:46
20558626,Claudia,True,2014-09-20 23:36:32,2014-09-20 23:36:32
20560972,Anna,True,2014-11-21 20:03:39,2014-11-21 20:03:39
20563587,Theresa,False,2021-11-08 01:53:28,2021-11-08 01:53:28
20564719,Marco,False,2014-09-01 12:39:15,2014-09-01 12:39:15
20565728,Laura,False,2015-12-04 04:48:48,2015-12-04 04:48:48
20572681,Hartwig,False,2014-11-19 08:32:19,2014-11-19 08:32:19
20575836,Carolin,False,2018-06-11 08:52:12,2018-06-11 08:52:12
20593011,Anja,True,2016-05-10 07:52:52,2016-05-10 07:52:52
20594022,Anna,False,2015-09-26 06:40:46,2015-09-26 06:40:46
20595247,Elisa,False,2017-08-24 02:44:22,2017-08-24 02:44:22
20599671,Amelie Lisa,False,2017-01-07 07:56:27,2017-01-07 07:56:27
20600329,Martin,False,2016-06-12 02:33:33,2016-06-12 02:33:33
20608248,Jael,False,2021-11-09 21:19:34,2021-11-09 21:19:34
20611737,Anano,False,2021-11-11 16:29:34,2021-11-11 16:29:34
20613057,Jonathan,True,2019-11-10 14:03:47,2019-11-10 14:03:47
20618897,Anne,False,2016-05-28 04:37:07,2016-05-28 04:37:07
20645008,Paco,False,2015-05-24 19:25:54,2015-05-24 19:25:54
20646361,Claudia,False,2021-10-26 04:59:56,2021-10-26 04:59:56
20646803,Adina,False,2014-09-28 16:32:47,2014-09-28 16:32:47
20653948,George,True,2014-08-28 22:35:13,2014-08-28 22:35:13
20676946,Ulla,False,2015-01-01 21:44:19,2015-01-01 21:44:19
20680329,Dani,True,2019-05-16 03:43:29,2019-05-16 03:43:29
20693850,Sabine,False,2016-02-07 06:46:36,2016-02-07 06:46:36
20696644,David,False,2015-06-23 06:22:32,2015-06-23 06:22:32
20697242,Michaela,False,2014-12-23 07:20:51,2014-12-23 07:20:51
20705098,Hanna,True,2019-12-13 15:45:26,2019-12-13 15:45:26
20713134,Katharina,False,2017-07-23 00:05:15,2017-07-23 00:05:15
20715296,María,False,2015-01-08 19:22:52,2015-01-08 19:22:52
20718415,Ricardo,False,2021-11-14 21:34:34,2021-11-14 21:34:34
20720860,Nadine,False,2019-04-05 01:56:26,2019-04-05 01:56:26
20722706,Sam,False,2019-06-14 17:12:39,2019-06-14 17:12:39
20736372,Eleonora,False,2018-10-10 06:37:04,2018-10-10 06:37:04
20741118,Stella,False,2016-12-22 10:11:24,2016-12-22 10:11:24
20754446,Yasan,False,2021-11-02 07:34:59,2021-11-02 07:34:59
20756808,Sigrun,True,2021-11-06 09:03:23,2021-11-06 09:03:23
20759801,Waldemar,False,2021-10-30 18:27:59,2021-10-30 18:27:59
20760196,Caroline,False,2014-09-10 23:13:09,2014-09-10 23:13:09
20766230,Leander,False,2018-03-31 01:30:25,2018-03-31 01:30:25
20773532,Susanne,False,2017-07-31 17:39:35,2017-07-31 17:39:35
20775171,N. Antonin,False,2021-10-24 00:28:19,2021-10-24 00:28:19
20779009,Seli,False,2021-08-18 05:07:09,2021-08-18 05:07:09
20786625,Lavinia,False,2021-07-12 07:48:47,2021-07-12 07:48:47
20793074,Felix,False,2017-01-23 22:45:31,2017-01-23 22:45:31
20795985,Edward Mark,False,2021-11-03 04:03:49,2021-11-03 04:03:49
20797080,Christiane,False,2021-08-02 03:31:31,2021-08-02 03:31:31
20798061,Sophia,False,2019-06-22 12:17:52,2019-06-22 12:17:52
20798560,Heiko,False,2015-08-06 09:29:16,2015-08-06 09:29:16
20800224,Anja,False,2015-06-24 20:08:18,2015-06-24 20:08:18
20807361,Susanne,True,2014-09-13 09:17:45,2014-09-13 09:17:45
20814193,Mimi,True,2017-05-22 15:24:23,2017-05-22 15:24:23
20816022,Jaqueline,False,2018-10-19 19:56:13,2018-10-19 19:56:13
20833881,Mikala,False,2021-10-30 13:22:09,2021-10-30 13:22:09
20837954,Sigurd M. H.,False,2021-10-21 01:04:06,2021-10-21 01:04:06
20839371,Artur,False,2018-06-01 06:56:11,2018-06-01 06:56:11
20840341,Haakon,False,2015-08-02 18:07:23,2015-08-02 18:07:23
20846037,Haike,False,2021-10-29 22:02:39,2021-10-29 22:02:39
20846210,Alexander,False,2021-08-17 12:33:57,2021-08-17 12:33:57
20851488,Chiayu,False,2019-12-30 23:38:53,2019-12-30 23:38:53
20864066,Jon,False,2014-10-17 04:43:43,2014-10-17 04:43:43
20882412,Dlauar,True,2014-09-26 14:58:23,2014-09-26 14:58:23
20884306,Ivan,False,2015-12-06 08:16:47,2015-12-06 08:16:47
20885834,Charly,False,2014-09-20 05:38:16,2014-09-20 05:38:16
20889257,Katja,False,2016-10-26 11:19:54,2016-10-26 11:19:54
20893882,Cate,False,2018-07-19 17:15:40,2018-07-19 17:15:40
20894695,Jongwon,False,2017-03-31 12:16:22,2017-03-31 12:16:22
20905898,Donka,False,2021-11-12 20:41:08,2021-11-12 20:41:08
20906362,Debora,False,2017-08-14 15:22:48,2017-08-14 15:22:48
20922433,Jan,False,2021-05-13 04:01:57,2021-05-13 04:01:57
20927865,Ioana,False,2021-11-09 20:14:16,2021-11-09 20:14:16
20928021,Vivien,False,2021-10-26 19:10:19,2021-10-26 19:10:19
20928113,Mai,False,2018-06-01 22:49:08,2018-06-01 22:49:08
20930530,June,False,2021-10-31 04:33:28,2021-10-31 04:33:28
20934692,Pauline,False,2021-10-25 01:17:15,2021-10-25 01:17:15
20940587,Roberto,True,2014-09-12 16:18:55,2014-09-12 16:18:55
20947654,Kevin,False,2020-10-05 20:11:14,2020-10-05 20:11:14
20960354,Peter,False,2017-08-05 20:45:15,2017-08-05 20:45:15
20963319,Jens,False,2019-09-30 11:44:57,2019-09-30 11:44:57
20964212,Nico,False,2014-10-16 08:46:48,2014-10-16 08:46:48
20965659,Yamen,True,2021-07-30 03:44:54,2021-07-30 03:44:54
20967029,Gabriel,False,2015-10-16 07:44:31,2015-10-16 07:44:31
20971264,Karl,False,2021-10-30 01:29:34,2021-10-30 01:29:34
20972903,Ragna,False,2021-07-16 03:08:50,2021-07-16 03:08:50
20973364,Eugenia,True,2018-10-07 05:04:21,2018-10-07 05:04:21
20973585,Thor,True,2014-09-30 17:09:56,2014-09-30 17:09:56
20978339,Christina,False,2021-11-08 20:46:14,2021-11-08 20:46:14
20984105,Stephan,False,2017-05-04 15:23:20,2017-05-04 15:23:20
20986415,Cordula,False,2016-08-24 17:18:27,2016-08-24 17:18:27
20987177,Sandra,False,2014-09-11 01:04:00,2014-09-11 01:04:00
20997299,Uwe,True,2019-05-12 14:02:40,2019-05-12 14:02:40
20998252,Alex,False,2014-09-10 18:25:36,2014-09-10 18:25:36
21002616,Ali,False,2018-03-27 11:41:47,2018-03-27 11:41:47
21021386,Nick,False,2016-07-22 07:17:11,2016-07-22 07:17:11
21028255,Ruby,False,2018-07-17 07:22:34,2018-07-17 07:22:34
21038534,Kathrin,False,2016-09-21 10:46:22,2016-09-21 10:46:22
21039336,Robin,True,2014-09-13 10:25:03,2014-09-13 10:25:03
21039758,Valentina,False,2021-11-18 18:33:06,2021-11-18 18:33:06
21041395,Mahshid,False,2021-11-07 16:01:27,2021-11-07 16:01:27
21044870,Rainer,False,2017-08-15 19:01:52,2017-08-15 19:01:52
21045207,Gerrit,False,2014-12-12 05:06:57,2014-12-12 05:06:57
21046636,Heinz,False,2015-09-17 16:03:32,2015-09-17 16:03:32
21049606,Mascha,False,2016-12-29 01:58:05,2016-12-29 01:58:05
21051350,Dennis,False,2015-05-20 03:12:17,2015-05-20 03:12:17
21052610,Anna,False,2016-11-15 03:18:52,2016-11-15 03:18:52
21053927,Hendrik,False,2019-03-07 12:36:28,2019-03-07 12:36:28
21068565,Veronika,False,2018-06-14 20:36:55,2018-06-14 20:36:55
21074515,Sonja,True,2016-04-15 11:29:38,2016-04-15 11:29:38
21077189,Lisenka,False,2018-05-31 04:48:44,2018-05-31 04:48:44
21084597,Oliver,False,2019-03-28 17:25:14,2019-03-28 17:25:14
21085445,Laura,False,2019-06-05 13:48:22,2019-06-05 13:48:22
21086574,Felix,False,2014-09-19 16:36:27,2014-09-19 16:36:27
21087298,Britta,False,2017-09-14 19:00:36,2017-09-14 19:00:36
21091787,Hilda,False,2014-09-27 15:16:52,2014-09-27 15:16:52
21096631,Deniz,False,2019-06-01 19:13:16,2019-06-01 19:13:16
21106735,Sebastian,False,2021-11-01 21:37:02,2021-11-01 21:37:02
21112549,Thomas,False,2015-08-17 09:51:44,2015-08-17 09:51:44
21116374,Mona,False,2018-03-02 15:37:11,2018-03-02 15:37:11
21124417,Dirk,False,2017-03-20 11:12:43,2017-03-20 11:12:43
21131438,Katarzyna,False,2019-10-25 23:54:52,2019-10-25 23:54:52
21135430,Nicole,False,2017-07-22 10:58:53,2017-07-22 10:58:53
21136403,Fabian,True,2019-01-15 18:07:02,2019-01-15 18:07:02
21138027,Christina,False,2018-04-18 22:27:32,2018-04-18 22:27:32
21142041,Elena,False,2021-10-27 08:20:09,2021-10-27 08:20:09
21145522,Fabio,True,2015-03-03 14:36:22,2015-03-03 14:36:22
21146102,Marcel,False,2014-09-11 16:45:10,2014-09-11 16:45:10
21146242,Ludovica,False,2019-04-21 06:53:13,2019-04-21 06:53:13
21148290,Akosua,False,2017-12-26 09:10:04,2017-12-26 09:10:04
21148429,Nikita,False,2015-07-21 22:30:51,2015-07-21 22:30:51
21158428,Julie,False,2021-11-17 09:36:21,2021-11-17 09:36:21
21162438,Laetitia,False,2014-09-18 22:30:33,2014-09-18 22:30:33
21163967,Christoph,False,2016-06-08 19:14:25,2016-06-08 19:14:25
21173840,Ela,False,2017-04-17 05:45:33,2017-04-17 05:45:33
21177102,Andrea,False,2021-11-12 10:00:26,2021-11-12 10:00:26
21177801,Rick Und Katja,False,2021-11-14 17:11:14,2021-11-14 17:11:14
21178857,Valentina,False,2019-05-31 13:53:15,2019-05-31 13:53:15
21181534,Oscar,False,2021-10-26 07:31:03,2021-10-26 07:31:03
21184369,Johanna,False,2018-04-22 07:51:56,2018-04-22 07:51:56
21204295,Maria Cristina,False,2021-11-14 03:34:57,2021-11-14 03:34:57
21205316,Winfried,False,2020-06-24 09:32:11,2020-06-24 09:32:11
21206759,Sarah,False,2021-11-12 17:22:45,2021-11-12 17:22:45
21239469,Stefan,False,2021-11-19 10:57:09,2021-11-19 10:57:09
21239559,Tobias,False,2021-11-19 10:50:46,2021-11-19 10:50:46
21240834,Hagen,False,2021-10-30 05:15:22,2021-10-30 05:15:22
21242517,Carolin,False,2015-10-18 15:50:33,2015-10-18 15:50:33
21256997,Anton,False,2015-12-23 13:46:15,2015-12-23 13:46:15
21259582,Johannes,False,2019-11-28 05:46:41,2019-11-28 05:46:41
21267875,Rinat,False,2019-06-15 23:51:21,2019-06-15 23:51:21
21280081,Kirstin,True,2018-05-25 00:56:54,2018-05-25 00:56:54
21281171,Rolando,False,2015-06-05 21:43:36,2015-06-05 21:43:36
21293663,Mo,False,2018-04-25 17:00:40,2018-04-25 17:00:40
21306569,Lena,False,2021-10-25 10:20:16,2021-10-25 10:20:16
21309273,Schayenne,False,2018-08-08 14:04:45,2018-08-08 14:04:45
21309339,Takako,False,2017-04-11 16:53:26,2017-04-11 16:53:26
21317733,Steve,False,2014-09-21 22:42:11,2014-09-21 22:42:11
21319662,Mo,False,2018-11-09 17:49:35,2018-11-09 17:49:35
21334511,Arianne,False,2017-06-24 17:00:25,2017-06-24 17:00:25
21341307,Bekah,False,2015-12-06 12:53:49,2015-12-06 12:53:49
21345177,Aris,False,2017-02-20 21:35:31,2017-02-20 21:35:31
21345414,Mirja,False,2020-03-02 07:24:04,2020-03-02 07:24:04
21346093,Nikolai,False,2017-08-22 13:34:12,2017-08-22 13:34:12
21353180,Nadine,False,2021-11-18 05:17:21,2021-11-18 05:17:21
21354081,Mario,True,2016-03-27 12:56:47,2016-03-27 12:56:47
21355063,Lucile,False,2015-05-12 08:38:03,2015-05-12 08:38:03
21356386,Maria,False,2021-09-06 22:02:28,2021-09-06 22:02:28
21363751,Giulia,False,2019-07-27 19:52:38,2019-07-27 19:52:38
21364542,Dariusch,False,2014-10-02 05:10:03,2014-10-02 05:10:03
21365233,Maija,False,2016-03-22 18:04:59,2016-03-22 18:04:59
21367113,Lior,True,2016-06-27 00:48:47,2016-06-27 00:48:47
21368326,Sarah,False,2018-05-24 18:29:16,2018-05-24 18:29:16
21368339,Tutti,False,2017-02-14 05:04:56,2017-02-14 05:04:56
21369171,Steve,False,2015-04-15 16:38:17,2015-04-15 16:38:17
21370048,Chris,True,2018-04-08 15:04:17,2018-04-08 15:04:17
21374722,Matt,False,2016-03-15 04:16:17,2016-03-15 04:16:17
21388195,Mahmoud,False,2016-06-11 09:14:59,2016-06-11 09:14:59
21390606,A.,False,2021-07-01 13:52:36,2021-07-01 13:52:36
21390864,Valentin,False,2021-10-24 03:23:29,2021-10-24 03:23:29
21391780,Mariagiovanna,False,2021-11-11 09:11:43,2021-11-11 09:11:43
21392743,Jan,False,2016-03-21 18:29:48,2016-03-21 18:29:48
21394478,Anna-Maria,False,2021-11-14 15:38:25,2021-11-14 15:38:25
21412954,Bernat,False,2015-12-19 10:37:44,2015-12-19 10:37:44
21413848,Maik,True,2017-04-03 07:56:59,2017-04-03 07:56:59
21416410,Rui Miguel,False,2021-10-28 13:03:00,2021-10-28 13:03:00
21437927,Valeria,False,2021-10-31 23:55:02,2021-10-31 23:55:02
21441662,Sophie,False,2018-02-12 03:12:01,2018-02-12 03:12:01
21444698,Philip,False,2021-11-11 02:58:33,2021-11-11 02:58:33
21445063,Joana Karina,False,2018-12-22 14:55:31,2018-12-22 14:55:31
21447105,Maren,False,2019-02-27 23:43:31,2019-02-27 23:43:31
21448515,Simon,False,2015-06-14 13:37:05,2015-06-14 13:37:05
21458539,Robbin,False,2021-10-24 02:40:47,2021-10-24 02:40:47
21459774,Doris,False,2018-09-15 21:32:09,2018-09-15 21:32:09
21468877,Liou,False,2021-11-02 02:51:28,2021-11-02 02:51:28
21470915,Oliver Johannes,False,2015-07-06 08:10:12,2015-07-06 08:10:12
21472517,Josh,False,2021-11-02 01:59:56,2021-11-02 01:59:56
21475228,Eva,False,2016-01-02 15:03:36,2016-01-02 15:03:36
21479800,Visar,False,2021-06-20 22:20:18,2021-06-20 22:20:18
21485091,Johanna,False,2016-08-24 19:35:52,2016-08-24 19:35:52
21488682,Tobias,False,2021-11-10 12:24:37,2021-11-10 12:24:37
21495467,Pauline,False,2021-09-07 07:01:26,2021-09-07 07:01:26
21502261,Till,False,2017-05-16 13:05:45,2017-05-16 13:05:45
21502676,Melanie,False,2021-11-19 16:40:45,2021-11-19 16:40:45
21510132,Ralf,False,2019-07-01 09:42:44,2019-07-01 09:42:44
21511310,Marti,False,2017-05-24 01:27:57,2017-05-24 01:27:57
21547435,Dominik,False,2021-11-18 13:58:53,2021-11-18 13:58:53
21548668,Vina,False,2016-10-10 04:14:51,2016-10-10 04:14:51
21555459,Markus,False,2015-09-05 21:31:11,2015-09-05 21:31:11
21559754,Serena,False,2016-07-01 18:57:33,2016-07-01 18:57:33
21565256,Tanja,False,2019-11-03 02:12:54,2019-11-03 02:12:54
21579265,Antonis,True,2021-11-12 10:58:52,2021-11-12 10:58:52
21581793,Myriam,False,2017-09-26 05:26:28,2017-09-26 05:26:28
21585618,Michael,False,2018-01-21 10:26:01,2018-01-21 10:26:01
21591417,Anna,False,2016-12-15 10:53:59,2016-12-15 10:53:59
21599239,Sabine,False,2019-01-30 12:32:22,2019-01-30 12:32:22
21606050,Robert,False,2019-09-22 01:57:22,2019-09-22 01:57:22
21610506,Jule,False,2017-01-22 06:06:53,2017-01-22 06:06:53
21611073,Kerstin,False,2017-10-11 10:13:29,2017-10-11 10:13:29
21626575,Feeling,False,2015-01-12 21:22:15,2015-01-12 21:22:15
21633427,Stefanie,True,2014-09-28 15:46:48,2014-09-28 15:46:48
21636651,Alexander,False,2016-07-24 04:43:50,2016-07-24 04:43:50
21639751,Tina,False,2015-03-31 10:24:11,2015-03-31 10:24:11
21639767,Lucia,False,2017-05-03 07:19:44,2017-05-03 07:19:44
21646557,Sue,False,2016-12-29 08:31:23,2016-12-29 08:31:23
21655427,Fred,False,2014-12-19 04:34:54,2014-12-19 04:34:54
21669155,Coco,False,2021-11-16 16:36:24,2021-11-16 16:36:24
21672192,Ramona,False,2018-09-26 10:07:24,2018-09-26 10:07:24
21691025,Laura Anais,False,2015-05-05 15:04:36,2015-05-05 15:04:36
21692849,Snowangel,False,2014-12-31 07:52:54,2014-12-31 07:52:54
21700021,Alison,False,2018-08-21 22:28:02,2018-08-21 22:28:02
21717048,Lotta,False,2015-06-10 17:37:12,2015-06-10 17:37:12
21719222,Anna,False,2019-05-01 23:18:53,2019-05-01 23:18:53
21721626,Timon,False,2015-09-29 17:48:23,2015-09-29 17:48:23
21726680,Jakob,False,2017-04-28 12:42:31,2017-04-28 12:42:31
21732930,Jasmin,False,2015-08-09 11:54:03,2015-08-09 11:54:03
21738636,Cindy,False,2017-03-03 12:39:19,2017-03-03 12:39:19
21742505,Rita,False,2014-09-25 10:38:03,2014-09-25 10:38:03
21748741,Marcel,False,2014-10-13 20:32:29,2014-10-13 20:32:29
21754338,Jully,False,2016-10-18 22:32:21,2016-10-18 22:32:21
21756461,Christian,False,2016-06-06 08:26:15,2016-06-06 08:26:15
21761911,Iris,False,2021-10-23 19:40:22,2021-10-23 19:40:22
21762764,Susanne,False,2014-11-26 23:21:37,2014-11-26 23:21:37
21764736,Lukas,False,2019-05-12 18:56:33,2019-05-12 18:56:33
21768264,Anne,True,2017-01-01 10:22:11,2017-01-01 10:22:11
21772502,Wiebke,False,2017-02-07 06:13:15,2017-02-07 06:13:15
21779642,Giovana,False,2019-02-16 15:05:21,2019-02-16 15:05:21
21794825,Ellen,False,2017-01-26 19:12:15,2017-01-26 19:12:15
21799639,Moritz,False,2021-10-23 11:59:22,2021-10-23 11:59:22
21803389,Sam,False,2019-11-23 00:41:24,2019-11-23 00:41:24
21805252,Dodik,False,2021-10-24 01:41:25,2021-10-24 01:41:25
21810160,Lucas,False,2019-12-20 22:48:08,2019-12-20 22:48:08
21813904,Marie,False,2018-05-20 11:00:48,2018-05-20 11:00:48
21830598,Jenn,False,2016-05-12 14:19:18,2016-05-12 14:19:18
21838463,Jana,False,2021-11-12 14:40:42,2021-11-12 14:40:42
21857190,Aleksey,False,2021-11-08 09:50:02,2021-11-08 09:50:02
21859509,Matthew,False,2021-08-10 23:25:23,2021-08-10 23:25:23
21867288,Isi,False,2018-08-23 11:15:54,2018-08-23 11:15:54
21871253,Shao-Xi,False,2014-10-08 22:12:55,2014-10-08 22:12:55
21871646,Leonie,False,2017-09-27 03:46:57,2017-09-27 03:46:57
21877262,Victoria,False,2019-04-07 01:04:52,2019-04-07 01:04:52
21904749,Yasmin,False,2016-01-04 09:30:02,2016-01-04 09:30:02
21909957,Akiva,False,2018-07-31 17:04:01,2018-07-31 17:04:01
21916031,Fritz,False,2016-08-13 13:17:44,2016-08-13 13:17:44
21916270,Daniel,False,2015-09-16 02:01:11,2015-09-16 02:01:11
21921518,Monica,False,2021-11-06 00:28:49,2021-11-06 00:28:49
21924839,Anja,False,2021-11-13 23:37:47,2021-11-13 23:37:47
21931808,Anne,False,2021-11-01 17:43:13,2021-11-01 17:43:13
21944292,Marco,False,2015-08-07 16:28:11,2015-08-07 16:28:11
21948325,Joy,False,2021-10-28 21:28:19,2021-10-28 21:28:19
21948766,Ludmilla,False,2014-11-11 21:30:17,2014-11-11 21:30:17
21951216,Beatrice,False,2015-10-08 11:30:07,2015-10-08 11:30:07
21951425,Christopher,False,2015-07-27 05:13:23,2015-07-27 05:13:23
21956446,"Tina ""Trillian""",False,2015-01-02 05:38:28,2015-01-02 05:38:28
21959552,Thomas,False,2014-12-20 05:17:12,2014-12-20 05:17:12
21963392,Davide,False,2017-06-18 19:11:12,2017-06-18 19:11:12
21969196,Daniel,False,2021-07-24 14:59:53,2021-07-24 14:59:53
21972500,Wiebke,False,2021-10-30 07:54:56,2021-10-30 07:54:56
21993498,Zeinab,False,2016-06-29 11:10:08,2016-06-29 11:10:08
21996398,Hannah,False,2015-12-30 14:50:59,2015-12-30 14:50:59
22002533,Phillip,False,2021-11-18 12:41:42,2021-11-18 12:41:42
22011912,Anja,False,2019-01-30 10:29:46,2019-01-30 10:29:46
22015326,Hanna,False,2021-11-01 08:16:15,2021-11-01 08:16:15
22016513,Stefie,False,2015-08-25 04:05:44,2015-08-25 04:05:44
22019738,Anna,False,2014-10-14 08:47:24,2014-10-14 08:47:24
22036650,Videesha,False,2016-07-25 04:55:59,2016-07-25 04:55:59
22047445,Anita,False,2017-12-25 18:20:50,2017-12-25 18:20:50
22052044,Mostafa,False,2021-11-11 03:41:01,2021-11-11 03:41:01
22052996,Natasha,False,2019-09-22 05:49:34,2019-09-22 05:49:34
22082886,Paloma,False,2019-01-26 03:53:54,2019-01-26 03:53:54
22087218,Karo,False,2017-07-13 02:33:59,2017-07-13 02:33:59
22087444,Manuel,False,2015-12-24 20:27:06,2015-12-24 20:27:06
22111700,Anthony,False,2014-10-06 08:57:30,2014-10-06 08:57:30
22115068,Shady,False,2021-11-10 16:21:59,2021-11-10 16:21:59
22121404,Amelie,True,2015-04-10 00:45:10,2015-04-10 00:45:10
22128708,Valentin,False,2017-08-08 14:09:16,2017-08-08 14:09:16
22140493,Julia Mona,False,2016-02-07 08:32:40,2016-02-07 08:32:40
22161784,Enise,False,2019-06-25 01:08:19,2019-06-25 01:08:19
22167812,Thomas  Und Bettina,False,2017-06-15 16:26:45,2017-06-15 16:26:45
22185719,Camilo,False,2018-10-11 07:13:04,2018-10-11 07:13:04
22218712,Salome,False,2020-07-13 09:55:15,2020-07-13 09:55:15
22219389,Ann,False,2017-08-31 08:05:51,2017-08-31 08:05:51
22223304,Eva,False,2015-04-10 07:18:18,2015-04-10 07:18:18
22230091,Johannes,False,2020-05-31 13:11:14,2020-05-31 13:11:14
22231410,Sylvia,True,2014-11-16 11:12:23,2014-11-16 11:12:23
22231999,Jan,True,2014-10-08 18:58:58,2014-10-08 18:58:58
22232550,Sand,False,2021-11-17 13:07:52,2021-11-17 13:07:52
22242615,Valerie,False,2017-07-11 01:29:54,2017-07-11 01:29:54
22249337,Nancy,False,2016-12-24 07:38:49,2016-12-24 07:38:49
22250738,Mario,False,2015-05-15 18:24:32,2015-05-15 18:24:32
22276081,Martin,True,2015-09-05 21:54:48,2015-09-05 21:54:48
22282104,Fred,False,2019-11-18 14:01:30,2019-11-18 14:01:30
22289996,Yannik,False,2016-09-01 07:31:27,2016-09-01 07:31:27
22312996,Andrew,True,2016-02-22 13:37:34,2016-02-22 13:37:34
22314657,Shih-Hao,False,2014-12-29 22:08:28,2014-12-29 22:08:28
22319933,Christian,False,2021-11-15 17:08:55,2021-11-15 17:08:55
22321563,Robert,False,2017-03-30 00:54:38,2017-03-30 00:54:38
22323051,Laura,False,2019-08-05 08:49:46,2019-08-05 08:49:46
22325010,Daniel,False,2016-07-17 07:06:24,2016-07-17 07:06:24
22343187,Eva,False,2018-10-18 15:30:05,2018-10-18 15:30:05
22355971,Dolph,False,2014-10-13 07:55:01,2014-10-13 07:55:01
22358988,Iván,False,2021-10-24 05:29:10,2021-10-24 05:29:10
22366303,Anne,False,2019-04-14 18:20:56,2019-04-14 18:20:56
22379785,Bekir,False,2015-07-18 04:23:10,2015-07-18 04:23:10
22381629,Yuki,False,2017-06-26 15:14:13,2017-06-26 15:14:13
22391603,Lucia,False,2021-10-27 05:07:21,2021-10-27 05:07:21
22393485,Jan,False,2016-06-19 17:34:48,2016-06-19 17:34:48
22399141,Philipp,True,2020-08-06 21:26:14,2020-08-06 21:26:14
22406594,Martin,False,2017-03-06 13:48:54,2017-03-06 13:48:54
22408268,Tilman,False,2016-08-03 01:36:13,2016-08-03 01:36:13
22410713,Christoph,False,2019-08-26 21:04:13,2019-08-26 21:04:13
22415296,Ronny,False,2021-08-22 19:42:08,2021-08-22 19:42:08
22425990,Stella,False,2015-08-08 17:41:53,2015-08-08 17:41:53
22426648,Brieuc,False,2018-07-26 12:26:23,2018-07-26 12:26:23
22427584,Hanna,False,2017-08-04 17:13:02,2017-08-04 17:13:02
22428536,Omer,False,2015-12-08 19:14:25,2015-12-08 19:14:25
22429597,Robin,False,2017-06-22 14:26:47,2017-06-22 14:26:47
22433407,Thomas,False,2021-10-27 11:09:52,2021-10-27 11:09:52
22437698,Sebastian,False,2017-02-19 07:45:24,2017-02-19 07:45:24
22439766,Minerva,False,2018-02-22 03:27:31,2018-02-22 03:27:31
22443908,Sahra,False,2019-07-27 11:00:11,2019-07-27 11:00:11
22453651,Miranda,False,2019-09-28 07:23:05,2019-09-28 07:23:05
22453738,Ingrid,False,2019-05-31 23:10:36,2019-05-31 23:10:36
22475467,Lorenzo,False,2021-10-22 02:49:53,2021-10-22 02:49:53
22481983,Daria,False,2019-09-13 03:12:31,2019-09-13 03:12:31
22511671,Rainer,True,2014-11-15 15:44:52,2014-11-15 15:44:52
22539100,Judith,False,2015-08-04 20:32:15,2015-08-04 20:32:15
22557348,Andre,False,2016-01-08 13:55:22,2016-01-08 13:55:22
22558527,Layla,False,2019-03-17 15:49:16,2019-03-17 15:49:16
22562959,Lydia,False,2018-02-05 15:25:41,2018-02-05 15:25:41
22572745,Christiane,False,2017-05-13 22:46:23,2017-05-13 22:46:23
22573153,Verena,False,2021-11-09 02:23:49,2021-11-09 02:23:49
22578786,Marlitt,False,2014-12-24 12:49:49,2014-12-24 12:49:49
22579359,Philippa,False,2021-11-11 12:38:51,2021-11-11 12:38:51
22582175,Blacky,False,2021-11-18 06:49:02,2021-11-18 06:49:02
22597677,Masa,True,2018-04-20 12:45:11,2018-04-20 12:45:11
22600198,Thorsten,True,2017-06-30 04:07:24,2017-06-30 04:07:24
22601158,Johannes,False,2021-10-22 13:21:49,2021-10-22 13:21:49
22615718,Christian,True,2019-05-09 01:55:41,2019-05-09 01:55:41
22638633,Sören,False,2016-08-29 00:57:56,2016-08-29 00:57:56
22639331,Damir,False,2018-10-16 14:58:59,2018-10-16 14:58:59
22640091,Thain,False,2014-10-30 02:36:41,2014-10-30 02:36:41
22641272,Dor,False,2019-04-06 20:03:36,2019-04-06 20:03:36
22645239,Ruben,False,2017-05-26 12:12:20,2017-05-26 12:12:20
22646060,Fabienne,False,2021-11-09 03:33:34,2021-11-09 03:33:34
22651496,Bilyana,False,2019-06-07 14:47:24,2019-06-07 14:47:24
22658976,Evans Akai,False,2021-11-17 11:13:02,2021-11-17 11:13:02
22673944,Evelyn,False,2017-09-22 09:28:00,2017-09-22 09:28:00
22675898,Rolf-Dieter,False,2015-11-24 15:03:55,2015-11-24 15:03:55
22692037,Anthony,True,2015-04-24 22:53:03,2015-04-24 22:53:03
22693048,Saido,True,2014-10-27 16:32:46,2014-10-27 16:32:46
22695055,Laurent,False,2021-10-30 10:16:10,2021-10-30 10:16:10
22696185,Daniel,False,2019-12-23 19:55:59,2019-12-23 19:55:59
22706480,Alexandre,False,2021-11-13 22:38:07,2021-11-13 22:38:07
22718498,Lena,False,2014-11-24 09:16:22,2014-11-24 09:16:22
22727323,Laura,False,2019-07-09 14:54:23,2019-07-09 14:54:23
22733109,Jil,False,2021-10-27 17:45:53,2021-10-27 17:45:53
22742836,Chris,False,2019-12-26 17:46:22,2019-12-26 17:46:22
22746819,Agnes,True,2014-10-25 09:54:02,2014-10-25 09:54:02
22749471,Antje,False,2015-12-27 03:13:29,2015-12-27 03:13:29
22751450,Julian,False,2015-03-10 05:27:00,2015-03-10 05:27:00
22755563,Emilie,False,2014-11-08 12:21:08,2014-11-08 12:21:08
22756527,Saadet,False,2021-11-13 03:25:21,2021-11-13 03:25:21
22767895,Fabio,False,2021-11-18 10:34:30,2021-11-18 10:34:30
22768367,Martin,False,2014-11-30 19:08:23,2014-11-30 19:08:23
22773705,Omar,False,2019-12-27 12:47:22,2019-12-27 12:47:22
22789487,Jasmin,False,2015-09-20 09:52:25,2015-09-20 09:52:25
22798067,Stefan,False,2015-12-19 09:26:06,2015-12-19 09:26:06
22798878,Thomas,False,2014-12-13 05:04:37,2014-12-13 05:04:37
22800975,Victoria,False,2021-11-12 02:27:47,2021-11-12 02:27:47
22804169,Sven,False,2016-07-18 07:02:39,2016-07-18 07:02:39
22807768,Andreas,False,2017-04-09 16:55:36,2017-04-09 16:55:36
22830891,Yoni,False,2017-07-09 18:33:10,2017-07-09 18:33:10
22836752,Josi,False,2021-11-15 17:43:31,2021-11-15 17:43:31
22837630,Angelina,True,2017-07-04 10:05:13,2017-07-04 10:05:13
22844207,Matthew,False,2021-11-02 22:04:14,2021-11-02 22:04:14
22847371,Raik,False,2020-06-19 16:14:28,2020-06-19 16:14:28
22858046,Наталья,False,2021-11-09 01:04:00,2021-11-09 01:04:00
22875963,Andres,False,2021-11-07 09:04:36,2021-11-07 09:04:36
22877363,S.,True,2015-03-06 11:17:24,2015-03-06 11:17:24
22878899,Katrin,False,2021-11-07 07:18:37,2021-11-07 07:18:37
22881024,Fabian,False,2018-04-17 01:43:04,2018-04-17 01:43:04
22890596,Philipp,False,2015-06-28 00:25:54,2015-06-28 00:25:54
22894989,Nigel,False,2021-11-15 00:57:48,2021-11-15 00:57:48
22910324,Emilio,False,2019-04-09 05:20:00,2019-04-09 05:20:00
22910816,Marcel,False,2019-10-16 11:12:36,2019-10-16 11:12:36
22912748,Thomas,False,2016-02-14 03:50:42,2016-02-14 03:50:42
22917118,Masha,False,2017-12-26 10:16:22,2017-12-26 10:16:22
22919421,Leah And Mati,False,2021-07-28 02:38:27,2021-07-28 02:38:27
22921132,Tatjana,False,2018-08-09 20:54:58,2018-08-09 20:54:58
22921735,Eric,False,2018-09-14 04:52:51,2018-09-14 04:52:51
22922263,Kira,False,2021-01-21 14:15:15,2021-01-21 14:15:15
22922720,Nicolas,False,2021-10-31 12:08:49,2021-10-31 12:08:49
22926616,Salim,False,2015-10-03 07:49:54,2015-10-03 07:49:54
22930494,Barbara Annette,False,2017-07-29 01:17:25,2017-07-29 01:17:25
22932340,Selene,False,2021-10-28 18:17:35,2021-10-28 18:17:35
22933112,Mei,True,2015-02-23 02:21:04,2015-02-23 02:21:04
22940183,Patrick,False,2015-10-10 20:27:22,2015-10-10 20:27:22
22941938,Jennie,False,2019-04-15 07:23:04,2019-04-15 07:23:04
22943332,Denise,False,2015-08-04 07:49:09,2015-08-04 07:49:09
22943569,Laura,False,2015-08-30 02:11:09,2015-08-30 02:11:09
22944848,Katharina,False,2015-07-22 21:25:31,2015-07-22 21:25:31
22945429,Sandra,False,2021-11-05 20:50:56,2021-11-05 20:50:56
22947090,Cecilia,False,2014-12-27 01:28:55,2014-12-27 01:28:55
22954791,Jutta,False,2021-10-26 12:07:07,2021-10-26 12:07:07
22972869,Thomas,True,2017-05-25 05:08:43,2017-05-25 05:08:43
22975945,Anne,False,2015-04-29 15:32:46,2015-04-29 15:32:46
22978707,Samuel,False,2021-11-16 18:50:30,2021-11-16 18:50:30
22981747,Prof. Dr. Thomas,False,2014-12-19 09:04:07,2014-12-19 09:04:07
22981991,Johanna,False,2021-09-26 04:52:20,2021-09-26 04:52:20
22982051,Isis,True,2019-02-04 14:16:49,2019-02-04 14:16:49
22983765,Jadranka,False,2016-08-17 08:29:25,2016-08-17 08:29:25
23002618,Clarissa,False,2017-05-05 05:22:44,2017-05-05 05:22:44
23004433,Kevin + Keti,False,2017-07-11 23:02:48,2017-07-11 23:02:48
23018185,Javier,False,2015-12-21 11:22:35,2015-12-21 11:22:35
23023905,Claudia,False,2021-11-01 01:41:11,2021-11-01 01:41:11
23027366,Rosa Hannah Ziegler,False,2021-11-03 09:36:34,2021-11-03 09:36:34
23038194,Birte,False,2017-10-09 07:49:50,2017-10-09 07:49:50
23041695,Patrik,False,2020-07-17 17:12:16,2020-07-17 17:12:16
23042311,BKLV Management GmbH,False,2014-12-21 18:23:41,2014-12-21 18:23:41
23053909,Christiane,True,2019-01-15 19:42:26,2019-01-15 19:42:26
23057711,Isabelle,False,2017-09-04 14:25:29,2017-09-04 14:25:29
23060978,Lisa And Tilman,True,2017-07-10 14:39:31,2017-07-10 14:39:31
23075067,Joan,False,2018-05-30 11:45:59,2018-05-30 11:45:59
23075162,Mikki,False,2014-12-11 07:16:35,2014-12-11 07:16:35
23078590,Lena,False,2021-11-04 09:55:10,2021-11-04 09:55:10
23083049,Micol,False,2015-02-27 19:08:17,2015-02-27 19:08:17
23094533,Shauna,False,2019-12-24 00:22:54,2019-12-24 00:22:54
23099078,Eva,False,2018-01-01 12:36:26,2018-01-01 12:36:26
23099388,Max,False,2021-11-03 08:29:07,2021-11-03 08:29:07
23099710,Christine,False,2015-05-11 21:33:08,2015-05-11 21:33:08
23100308,Stephanie,False,2017-10-29 18:41:22,2017-10-29 18:41:22
23101703,Kay,False,2021-11-15 06:53:38,2021-11-15 06:53:38
23106882,Verena,False,2021-10-29 09:49:34,2021-10-29 09:49:34
23113861,Florian,False,2016-02-11 13:34:36,2016-02-11 13:34:36
23116642,Lucky,False,2018-08-27 12:50:43,2018-08-27 12:50:43
23136688,Emina & Jacob,True,2019-08-21 00:24:57,2019-08-21 00:24:57
23155049,Brit,True,2015-01-30 09:21:30,2015-01-30 09:21:30
23160623,Silk,True,2014-11-02 16:26:52,2014-11-02 16:26:52
23179173,Sabrina,True,2015-12-13 15:19:40,2015-12-13 15:19:40
23182762,Iskin,False,2017-02-04 11:36:00,2017-02-04 11:36:00
23183230,Ana,False,2021-10-24 14:39:58,2021-10-24 14:39:58
23191334,Helya,False,2015-07-09 22:35:48,2015-07-09 22:35:48
23204011,Stephanie,True,2017-06-19 17:25:44,2017-06-19 17:25:44
23210806,Daniel,False,2019-10-18 10:45:53,2019-10-18 10:45:53
23211273,Julia,True,2018-07-30 13:53:38,2018-07-30 13:53:38
23211817,Rachel,False,2019-02-04 02:19:10,2019-02-04 02:19:10
23215827,Boya,False,2015-10-28 22:15:44,2015-10-28 22:15:44
23222841,Ghyslaine,False,2017-06-12 20:04:13,2017-06-12 20:04:13
23226570,Leah,False,2018-01-17 07:56:15,2018-01-17 07:56:15
23234409,Julia,False,2016-05-11 11:15:02,2016-05-11 11:15:02
23237890,Eleonora,False,2015-07-15 03:44:37,2015-07-15 03:44:37
23245207,Nina,True,2015-03-27 10:38:59,2015-03-27 10:38:59
23254014,Tiago,False,2019-08-28 22:57:36,2019-08-28 22:57:36
23262675,Joshua,False,2014-10-30 18:21:08,2014-10-30 18:21:08
23279713,Ahmed,False,2018-02-09 03:48:57,2018-02-09 03:48:57
23281072,Robert,False,2016-03-03 14:16:12,2016-03-03 14:16:12
23281364,Johannes,False,2021-11-07 14:22:29,2021-11-07 14:22:29
23285304,Daniel,True,2020-02-09 05:04:40,2020-02-09 05:04:40
23307532,Julius,False,2015-05-15 18:44:24,2015-05-15 18:44:24
23323005,Janine,False,2015-08-23 11:45:28,2015-08-23 11:45:28
23324507,Heike,True,2018-09-11 19:07:08,2018-09-11 19:07:08
23337614,Abdelhak,False,2021-10-22 04:48:09,2021-10-22 04:48:09
23338502,Franziska,False,2015-11-11 15:52:01,2015-11-11 15:52:01
23339102,Clemens,False,2017-07-30 11:30:55,2017-07-30 11:30:55
23341681,Gundula,True,2021-01-05 02:19:33,2021-01-05 02:19:33
23363097,Poondi Und Dominik,False,2019-11-24 17:36:39,2019-11-24 17:36:39
23363120,Ingrid,False,2020-05-31 15:08:59,2020-05-31 15:08:59
23363890,Stefanie,False,2014-12-24 11:31:07,2014-12-24 11:31:07
23368778,Jana,False,2021-08-15 08:38:26,2021-08-15 08:38:26
23379693,Annamaria & David,False,2014-10-27 08:21:09,2014-10-27 08:21:09
23383981,Timo,False,2018-05-09 08:18:52,2018-05-09 08:18:52
23385422,Barbora,False,2021-11-07 23:34:22,2021-11-07 23:34:22
23403660,Dirk & Silke,True,2017-02-28 21:37:03,2017-02-28 21:37:03
23409902,Eldad,False,2015-10-01 04:46:02,2015-10-01 04:46:02
23414831,Anne,False,2017-04-13 13:09:25,2017-04-13 13:09:25
23419673,Simon,False,2019-09-01 16:23:19,2019-09-01 16:23:19
23427549,Tanja,False,2015-06-23 09:26:02,2015-06-23 09:26:02
23452970,Eva,False,2014-12-25 06:13:35,2014-12-25 06:13:35
23453399,Sara,False,2021-11-04 03:50:12,2021-11-04 03:50:12
23454753,Shady,False,2019-11-29 10:03:11,2019-11-29 10:03:11
23460269,Tave,False,2015-10-16 18:23:38,2015-10-16 18:23:38
23464761,Max,False,2017-01-27 04:54:05,2017-01-27 04:54:05
23479348,Theresa,False,2019-08-01 02:07:11,2019-08-01 02:07:11
23495932,Carina,False,2015-10-18 11:33:09,2015-10-18 11:33:09
23510007,Ken,False,2021-10-28 17:20:32,2021-10-28 17:20:32
23538739,Virginio,False,2021-11-18 11:22:24,2021-11-18 11:22:24
23564593,Benedikta,False,2015-10-01 10:17:35,2015-10-01 10:17:35
23567289,Mery,False,2014-12-25 12:03:11,2014-12-25 12:03:11
23568233,Andreas,False,2016-04-02 02:03:18,2016-04-02 02:03:18
23569162,Louisa,False,2015-07-18 09:13:25,2015-07-18 09:13:25
23576017,Sonja,False,2014-12-22 03:33:16,2014-12-22 03:33:16
23594826,Jessie,False,2021-11-09 14:56:05,2021-11-09 14:56:05
23602925,Alexandra,True,2019-09-15 01:14:22,2019-09-15 01:14:22
23643175,Till,False,2015-02-01 10:26:27,2015-02-01 10:26:27
23647617,Catherine,False,2015-05-07 13:38:46,2015-05-07 13:38:46
23653243,Ronja,False,2021-11-07 06:50:11,2021-11-07 06:50:11
23665064,Christiane,False,2018-08-12 13:13:08,2018-08-12 13:13:08
23665730,Florian & Dani,False,2016-01-01 16:32:36,2016-01-01 16:32:36
23667602,Sandra,False,2019-04-23 03:27:01,2019-04-23 03:27:01
23669100,Al-Shaimaa,False,2016-09-02 22:13:03,2016-09-02 22:13:03
23683935,Tanya,False,2018-12-01 12:02:57,2018-12-01 12:02:57
23686566,Catia,False,2015-11-17 16:13:08,2015-11-17 16:13:08
23693478,Holger,False,2014-12-25 13:23:36,2014-12-25 13:23:36
23701956,Michael,False,2015-08-11 11:36:19,2015-08-11 11:36:19
23709188,Xenia,False,2015-01-27 04:41:14,2015-01-27 04:41:14
23728686,Meino,True,2015-03-21 05:45:29,2015-03-21 05:45:29
23731555,Marie,False,2014-12-19 08:33:16,2014-12-19 08:33:16
23738283,Jarek,False,2021-11-14 07:43:42,2021-11-14 07:43:42
23772015,Stella,False,2015-07-25 12:06:17,2015-07-25 12:06:17
23772603,Ida,False,2021-09-04 08:02:31,2021-09-04 08:02:31
23775357,Daniella,False,2016-06-13 23:37:22,2016-06-13 23:37:22
23778056,Ma,False,2019-08-05 10:38:29,2019-08-05 10:38:29
23786017,Dimitrij,False,2017-01-28 10:01:47,2017-01-28 10:01:47
23800239,Jorge Andres,False,2021-11-05 03:39:59,2021-11-05 03:39:59
23809588,Magdalena,False,2016-03-07 13:05:55,2016-03-07 13:05:55
23818637,Josefa,False,2014-12-26 10:45:02,2014-12-26 10:45:02
23818663,Lisa,False,2016-06-22 11:13:36,2016-06-22 11:13:36
23827133,Rafaela,False,2014-11-18 06:56:35,2014-11-18 06:56:35
23850969,Barbara,True,2016-10-04 21:08:53,2016-10-04 21:08:53
23851163,Marianna,False,2020-01-16 00:22:36,2020-01-16 00:22:36
23855002,Nico,False,2021-11-06 14:28:51,2021-11-06 14:28:51
23856331,Chris,False,2019-04-07 23:30:35,2019-04-07 23:30:35
23864116,Susanna,False,2017-03-03 19:43:08,2017-03-03 19:43:08
23881186,Lisa,False,2019-07-02 22:48:39,2019-07-02 22:48:39
23884335,Jana,False,2018-05-03 23:45:09,2018-05-03 23:45:09
23893316,Martin,False,2020-02-04 06:18:56,2020-02-04 06:18:56
23904144,Katarina,False,2016-06-10 19:30:10,2016-06-10 19:30:10
23920756,Martyna,False,2017-05-27 20:39:00,2017-05-27 20:39:00
23926930,Henriette And Guy,False,2015-09-23 21:20:46,2015-09-23 21:20:46
23927964,Bon Hi,False,2021-10-26 04:18:49,2021-10-26 04:18:49
23929693,Satin,False,2021-01-01 12:52:46,2021-01-01 12:52:46
23930145,Markus,False,2019-04-29 20:38:12,2019-04-29 20:38:12
23934118,Benjamin,False,2014-12-26 13:36:00,2014-12-26 13:36:00
23937038,Simon,False,2021-11-18 16:07:25,2021-11-18 16:07:25
23946493,Steph,False,2015-08-14 16:56:56,2015-08-14 16:56:56
23961497,Theresa,False,2021-11-10 12:59:13,2021-11-10 12:59:13
23961923,Daniela,True,2014-12-27 23:31:42,2014-12-27 23:31:42
23991389,Andy,False,2016-07-06 23:35:10,2016-07-06 23:35:10
23995661,Kim,False,2020-08-06 17:25:44,2020-08-06 17:25:44
23998260,Andrej & Julia,False,2014-12-24 12:17:13,2014-12-24 12:17:13
24000322,Filip,False,2020-09-09 21:48:23,2020-09-09 21:48:23
24003510,Signe,True,2019-04-03 12:13:00,2019-04-03 12:13:00
24003552,Nikolas,False,2018-07-24 19:05:17,2018-07-24 19:05:17
24008866,Zarix,False,2018-12-27 21:39:28,2018-12-27 21:39:28
24014519,Ivan,False,2016-05-08 10:52:32,2016-05-08 10:52:32
24024785,Korbinian,False,2015-10-20 09:15:57,2015-10-20 09:15:57
24037323,Josef,False,2016-09-11 17:25:22,2016-09-11 17:25:22
24038270,Tom,False,2021-10-31 17:56:55,2021-10-31 17:56:55
24039381,Johanna,False,2019-05-18 02:31:08,2019-05-18 02:31:08
24059884,Juliane,False,2021-11-15 23:05:10,2021-11-15 23:05:10
24068599,Neta,False,2021-10-24 22:51:05,2021-10-24 22:51:05
24080568,Nicholas,False,2017-12-14 11:57:10,2017-12-14 11:57:10
24082778,Julia,False,2017-03-02 21:49:16,2017-03-02 21:49:16
24082857,Martin,True,2019-08-07 01:40:56,2019-08-07 01:40:56
24098475,Sarah,False,2019-12-28 04:39:38,2019-12-28 04:39:38
24104664,Theresa,False,2016-10-12 10:57:40,2016-10-12 10:57:40
24106099,Richie,True,2017-09-04 18:16:15,2017-09-04 18:16:15
24109136,Claudia,False,2021-11-06 10:03:16,2021-11-06 10:03:16
24137635,Christel,False,2018-04-28 20:37:05,2018-04-28 20:37:05
24142160,Seulgi,False,2019-10-11 05:12:42,2019-10-11 05:12:42
24144436,Daniela,False,2015-03-13 09:58:02,2015-03-13 09:58:02
24151714,Emrah,False,2015-11-01 13:45:16,2015-11-01 13:45:16
24152050,Benjamin,False,2017-05-18 22:44:35,2017-05-18 22:44:35
24158873,Linda,False,2019-03-11 16:27:42,2019-03-11 16:27:42
24176658,Michele,False,2021-11-02 08:15:27,2021-11-02 08:15:27
24179192,Rolf,False,2021-08-31 11:15:03,2021-08-31 11:15:03
24179272,Leila,False,2017-08-14 14:25:13,2017-08-14 14:25:13
24181572,Anastasiya,False,2018-06-09 10:53:53,2018-06-09 10:53:53
24185743,Daniel,False,2019-12-17 01:34:32,2019-12-17 01:34:32
24194564,Christian,False,2014-12-22 00:19:37,2014-12-22 00:19:37
24201922,Ozlem,True,2017-01-03 21:01:05,2017-01-03 21:01:05
24218409,Hannah,False,2014-12-30 05:46:35,2014-12-30 05:46:35
24229964,Wolf Ray,False,2015-05-03 04:17:42,2015-05-03 04:17:42
24233425,Claudia,False,2019-10-14 18:11:12,2019-10-14 18:11:12
24247225,Emilia,False,2021-10-30 11:27:30,2021-10-30 11:27:30
24262329,Philipp,False,2021-11-01 22:49:06,2021-11-01 22:49:06
24281157,Lili,False,2019-07-09 07:29:54,2019-07-09 07:29:54
24290476,Johnny,False,2021-10-21 12:35:24,2021-10-21 12:35:24
24295698,Maria,False,2018-10-21 02:16:35,2018-10-21 02:16:35
24299707,Gilgamesch,False,2018-08-10 18:33:26,2018-08-10 18:33:26
24309560,Darrin,False,2021-10-31 02:32:56,2021-10-31 02:32:56
24309980,Maurizio,False,2015-05-09 02:49:48,2015-05-09 02:49:48
24313826,Anke,False,2015-07-24 20:09:04,2015-07-24 20:09:04
24316398,Carrie,False,2015-01-02 10:02:41,2015-01-02 10:02:41
24318847,Kalyanii,False,2018-12-31 18:15:42,2018-12-31 18:15:42
24322569,Alena,False,2017-08-25 01:17:18,2017-08-25 01:17:18
24327842,Maxence,False,2021-09-15 21:26:06,2021-09-15 21:26:06
24327970,Indre,False,2015-12-24 00:32:11,2015-12-24 00:32:11
24330299,Maria,False,2019-05-19 07:59:17,2019-05-19 07:59:17
24337638,Myriam,False,2015-04-29 02:57:54,2015-04-29 02:57:54
24352487,Deborah,False,2019-12-27 12:40:52,2019-12-27 12:40:52
24369145,Marie,False,2021-11-09 21:08:00,2021-11-09 21:08:00
24373865,Wida,False,2021-10-28 04:49:48,2021-10-28 04:49:48
24374565,Tamara,False,2017-04-01 23:15:20,2017-04-01 23:15:20
24374635,Rosalie,False,2021-11-10 10:33:55,2021-11-10 10:33:55
24405032,Maxie,False,2015-08-09 16:28:13,2015-08-09 16:28:13
24413439,Anh Thu,False,2021-09-20 17:10:03,2021-09-20 17:10:03
24416750,Inga,False,2021-10-28 12:17:12,2021-10-28 12:17:12
24433350,Cecilia,False,2015-02-17 17:35:19,2015-02-17 17:35:19
24434072,Sebastian,False,2015-01-03 18:04:00,2015-01-03 18:04:00
24434325,Carmen,False,2018-12-21 11:24:41,2018-12-21 11:24:41
24435245,Nina,False,2020-03-15 19:04:32,2020-03-15 19:04:32
24442278,Stephan,False,2015-01-22 15:24:01,2015-01-22 15:24:01
24442438,Roxy,False,2021-11-12 13:26:04,2021-11-12 13:26:04
24443968,Nils,False,2015-03-31 02:58:41,2015-03-31 02:58:41
24445805,Sabrina,False,2021-11-07 23:23:54,2021-11-07 23:23:54
24456826,Cecilie&Mohanad,False,2015-10-17 11:34:34,2015-10-17 11:34:34
24470743,Michelle,False,2016-06-15 22:46:07,2016-06-15 22:46:07
24479176,Klara,False,2015-08-22 09:29:29,2015-08-22 09:29:29
24489481,Luisa,False,2016-08-03 10:24:34,2016-08-03 10:24:34
24492738,Andrea,False,2019-03-09 09:07:56,2019-03-09 09:07:56
24497738,Simon,False,2021-11-15 23:22:22,2021-11-15 23:22:22
24507087,Marcus,True,2014-12-28 00:34:37,2014-12-28 00:34:37
24511729,Teresa,False,2019-08-24 19:05:03,2019-08-24 19:05:03
24513179,Des,True,2019-04-29 01:34:20,2019-04-29 01:34:20
24536724,Anne,False,2017-03-02 01:10:15,2017-03-02 01:10:15
24536952,Danna,False,2015-05-21 15:17:34,2015-05-21 15:17:34
24573491,Giulia,True,2021-06-08 04:36:52,2021-06-08 04:36:52
24578399,Brigitte,True,2019-12-06 14:16:18,2019-12-06 14:16:18
24603798,Christina,False,2016-06-15 19:22:26,2016-06-15 19:22:26
24607469,Alice,False,2015-01-30 20:18:10,2015-01-30 20:18:10
24613237,Thilo,False,2019-07-31 15:37:51,2019-07-31 15:37:51
24615557,Judith,False,2016-05-09 05:26:25,2016-05-09 05:26:25
24644621,Luca,False,2019-12-20 06:57:44,2019-12-20 06:57:44
24645340,Katherina,False,2015-01-03 09:20:28,2015-01-03 09:20:28
24650038,Carolin,True,2016-08-21 19:29:17,2016-08-21 19:29:17
24651001,Margret,False,2015-06-01 02:51:27,2015-06-01 02:51:27
24654042,Felix,False,2017-06-26 04:29:36,2017-06-26 04:29:36
24659341,Anna,False,2016-11-03 09:43:39,2016-11-03 09:43:39
24661316,Sebastian,False,2015-08-19 19:50:46,2015-08-19 19:50:46
24689787,Alex,False,2016-05-09 05:10:39,2016-05-09 05:10:39
24707832,Tina,False,2017-12-29 04:22:09,2017-12-29 04:22:09
24719844,Philipp,False,2020-07-21 22:24:52,2020-07-21 22:24:52
24721780,Fabian,False,2014-12-17 05:31:24,2014-12-17 05:31:24
24734052,Olga,False,2017-03-29 01:46:21,2017-03-29 01:46:21
24736843,Mª Consuelo,True,2020-01-14 20:49:56,2020-01-14 20:49:56
24742169,Patricia,False,2020-09-13 13:46:55,2020-09-13 13:46:55
24743374,Simon,False,2014-12-23 03:09:52,2014-12-23 03:09:52
24745517,Bodek,False,2021-11-07 20:41:07,2021-11-07 20:41:07
24751460,Jochen,False,2015-06-28 14:23:39,2015-06-28 14:23:39
24757938,Amira,False,2021-11-03 04:26:40,2021-11-03 04:26:40
24759485,Sema,False,2017-05-09 03:31:01,2017-05-09 03:31:01
24763087,Konstantinos,False,2021-11-03 19:08:11,2021-11-03 19:08:11
24763300,Wisdom,True,2019-05-12 21:25:47,2019-05-12 21:25:47
24789763,Gyula,False,2021-10-26 19:05:16,2021-10-26 19:05:16
24789835,Kai,False,2014-12-26 07:04:33,2014-12-26 07:04:33
24790839,Stefan,False,2015-01-01 07:40:35,2015-01-01 07:40:35
24791241,Tameem,False,2018-08-09 07:15:01,2018-08-09 07:15:01
24799620,Adelina,False,2021-11-04 19:02:40,2021-11-04 19:02:40
24820271,Matthias,False,2014-12-31 12:32:10,2014-12-31 12:32:10
24824610,Jan,True,2020-09-20 22:47:43,2020-09-20 22:47:43
24825007,Mirjam,False,2019-08-02 17:20:52,2019-08-02 17:20:52
24828170,Angelika,False,2020-09-05 18:41:30,2020-09-05 18:41:30
24831268,Daniela,False,2016-07-25 16:57:39,2016-07-25 16:57:39
24838053,Vincent,False,2015-10-17 15:18:20,2015-10-17 15:18:20
24844711,Maren,False,2021-09-03 15:09:09,2021-09-03 15:09:09
24847457,Julia,False,2017-04-08 09:42:29,2017-04-08 09:42:29
24849121,Yi,False,2020-08-17 21:05:32,2020-08-17 21:05:32
24850145,Victor,False,2014-12-23 22:23:32,2014-12-23 22:23:32
24860418,Konstanze,False,2018-01-28 07:00:56,2018-01-28 07:00:56
24864601,Manaf,False,2021-11-16 07:53:30,2021-11-16 07:53:30
24869521,Johannes,False,2021-10-26 19:43:15,2021-10-26 19:43:15
24872997,Fotoflashfocusrewind,False,2014-12-25 01:40:35,2014-12-25 01:40:35
24876227,Sebastian,False,2015-07-31 12:25:39,2015-07-31 12:25:39
24885955,Florian,False,2016-05-13 20:36:53,2016-05-13 20:36:53
24886213,Lusin,False,2017-02-28 03:44:42,2017-02-28 03:44:42
24891198,Fine Alexandra,False,2021-10-30 14:58:25,2021-10-30 14:58:25
24897308,Nellie,False,2015-08-23 02:58:18,2015-08-23 02:58:18
24898117,Peter,False,2018-01-28 13:24:30,2018-01-28 13:24:30
24910342,Leandro,False,2015-12-09 04:19:34,2015-12-09 04:19:34
24912062,Simon,False,2019-02-05 13:43:26,2019-02-05 13:43:26
24922415,Sophie,False,2019-03-16 07:46:12,2019-03-16 07:46:12
24926087,Martin,False,2017-07-18 21:08:04,2017-07-18 21:08:04
24928081,Jiao,False,2021-10-29 23:54:36,2021-10-29 23:54:36
24930281,Wula,False,2021-11-15 16:30:31,2021-11-15 16:30:31
24931189,Thomas,False,2021-11-02 20:11:13,2021-11-02 20:11:13
24932654,Alida,False,2019-05-16 18:31:49,2019-05-16 18:31:49
24933899,Yusuf,False,2014-12-22 02:01:41,2014-12-22 02:01:41
24939690,Mina,False,2021-09-14 10:04:43,2021-09-14 10:04:43
24942482,Carsten,False,2015-08-15 10:00:48,2015-08-15 10:00:48
24977992,Dennis,False,2021-10-29 04:45:18,2021-10-29 04:45:18
24994804,Finn,False,2017-12-26 11:52:07,2017-12-26 11:52:07
25000630,Mia,False,2014-12-29 09:46:32,2014-12-29 09:46:32
25005029,Lukas,False,2021-07-17 06:54:39,2021-07-17 06:54:39
25008564,Alexandra,False,2015-03-26 08:33:48,2015-03-26 08:33:48
25021999,Franzi,False,2015-05-24 01:25:59,2015-05-24 01:25:59
25037042,Oliver,False,2016-03-07 16:29:05,2016-03-07 16:29:05
25049986,Jan,False,2014-12-28 07:53:15,2014-12-28 07:53:15
25066826,Panu,False,2019-11-16 20:28:13,2019-11-16 20:28:13
25084813,Rike,False,2016-03-28 16:03:07,2016-03-28 16:03:07
25090768,Simon,False,2015-12-30 17:33:27,2015-12-30 17:33:27
25090881,Ljuba,False,2015-08-21 10:11:50,2015-08-21 10:11:50
25091392,Martin,False,2019-12-25 12:04:35,2019-12-25 12:04:35
25092314,Eva,False,2021-11-13 14:13:09,2021-11-13 14:13:09
25106255,Eugen,False,2017-06-30 13:17:31,2017-06-30 13:17:31
25127275,Tina,False,2016-07-23 23:50:21,2016-07-23 23:50:21
25130250,Markusmüller,False,2021-10-25 16:06:12,2021-10-25 16:06:12
25134834,Ari,False,2014-12-28 15:24:22,2014-12-28 15:24:22
25135853,Omeed,False,2021-10-29 10:10:49,2021-10-29 10:10:49
25170137,Marion,False,2021-11-07 00:40:13,2021-11-07 00:40:13
25178911,Théo,False,2021-11-12 14:51:40,2021-11-12 14:51:40
25188349,Tobias,False,2021-11-16 11:09:11,2021-11-16 11:09:11
25189197,Katrin,False,2017-04-16 20:11:10,2017-04-16 20:11:10
25190201,Robin,True,2019-12-20 22:32:41,2019-12-20 22:32:41
25201612,Hassan,False,2021-11-14 09:49:28,2021-11-14 09:49:28
25214491,Cedric,False,2017-05-27 13:08:23,2017-05-27 13:08:23
25227870,Ringo,False,2016-05-18 18:58:54,2016-05-18 18:58:54
25229702,Lea,False,2021-10-31 21:14:39,2021-10-31 21:14:39
25257208,Marc,False,2021-11-13 08:49:08,2021-11-13 08:49:08
25257633,Gerhard,False,2016-01-17 22:45:44,2016-01-17 22:45:44
25268393,Michael,False,2015-08-24 05:35:10,2015-08-24 05:35:10
25291398,Fabian,False,2018-06-01 10:18:20,2018-06-01 10:18:20
25300361,Lars,False,2015-08-23 00:40:47,2015-08-23 00:40:47
25300675,Clara,False,2021-08-05 11:30:48,2021-08-05 11:30:48
25314536,Michele,True,2018-09-05 12:26:23,2018-09-05 12:26:23
25315291,Christina,False,2021-11-05 03:19:30,2021-11-05 03:19:30
25335713,Viktor,True,2019-12-25 21:33:32,2019-12-25 21:33:32
25340665,Sabrina,False,2017-07-08 16:49:20,2017-07-08 16:49:20
25342320,Katharina,False,2020-08-15 23:56:03,2020-08-15 23:56:03
25351719,Christian,False,2021-10-30 19:59:58,2021-10-30 19:59:58
25392798,Dragan,False,2021-10-28 03:46:18,2021-10-28 03:46:18
25395752,Vatti,False,2021-11-19 03:21:57,2021-11-19 03:21:57
25396210,Johannes + Marion,False,2015-04-10 11:08:01,2015-04-10 11:08:01
25398236,James,False,2015-02-14 09:19:04,2015-02-14 09:19:04
25401957,Josephine,False,2017-05-01 23:33:57,2017-05-01 23:33:57
25413382,Sel,False,2021-11-14 14:26:07,2021-11-14 14:26:07
25429096,Markus,False,2015-08-23 05:55:02,2015-08-23 05:55:02
25449632,Athanasios,False,2021-11-18 00:59:46,2021-11-18 00:59:46
25470108,Nissan,False,2016-02-05 00:14:21,2016-02-05 00:14:21
25499343,Frank,True,2020-11-22 18:26:01,2020-11-22 18:26:01
25504810,Nina,False,2021-11-19 15:04:07,2021-11-19 15:04:07
25529479,Fabian,False,2021-07-22 09:19:48,2021-07-22 09:19:48
25532054,Gesine,False,2016-04-12 23:14:30,2016-04-12 23:14:30
25538842,Jan,False,2015-07-30 21:24:54,2015-07-30 21:24:54
25546320,Maxine,False,2017-12-25 05:01:06,2017-12-25 05:01:06
25561949,Frank,False,2021-11-18 16:37:25,2021-11-18 16:37:25
25579499,Andrea,False,2015-04-16 03:36:42,2015-04-16 03:36:42
25597731,Matthias,False,2015-11-03 10:15:17,2015-11-03 10:15:17
25615529,Furk,False,2021-10-30 12:14:04,2021-10-30 12:14:04
25673750,Paul,False,2021-10-23 05:19:56,2021-10-23 05:19:56
25676238,Eike,True,2015-03-31 07:50:05,2015-03-31 07:50:05
25684726,Christoff,True,2015-07-26 18:07:24,2015-07-26 18:07:24
25692164,Christophe,False,2016-02-09 01:55:08,2016-02-09 01:55:08
25707334,Nathalie,False,2017-10-08 23:29:48,2017-10-08 23:29:48
25709605,Jakobine,False,2019-01-24 21:32:26,2019-01-24 21:32:26
25712157,Erik,False,2021-10-26 05:42:47,2021-10-26 05:42:47
25726298,Amedeo,False,2021-10-25 09:38:45,2021-10-25 09:38:45
25728760,Marko,False,2021-10-21 12:24:26,2021-10-21 12:24:26
25746534,Anette,False,2021-10-29 01:36:57,2021-10-29 01:36:57
25747901,Davide,False,2016-03-16 11:16:27,2016-03-16 11:16:27
25756650,Helena,False,2018-02-25 14:45:18,2018-02-25 14:45:18
25780372,Claus,False,2016-05-13 21:08:19,2016-05-13 21:08:19
25781325,Jana,False,2017-12-22 21:16:24,2017-12-22 21:16:24
25806113,Amelie,False,2019-03-11 00:33:40,2019-03-11 00:33:40
25806170,Mario,True,2017-07-16 20:20:43,2017-07-16 20:20:43
25806558,Paul,False,2016-09-11 06:23:16,2016-09-11 06:23:16
25814554,Ronja,False,2017-06-30 01:01:34,2017-06-30 01:01:34
25818415,Patrick,False,2017-05-20 16:58:00,2017-05-20 16:58:00
25833092,Sunny,False,2021-11-01 07:38:03,2021-11-01 07:38:03
25833343,Severin,False,2017-10-06 17:14:27,2017-10-06 17:14:27
25835088,Elisa,False,2021-11-01 13:31:05,2021-11-01 13:31:05
25836907,Larisa,False,2017-06-02 13:34:30,2017-06-02 13:34:30
25892677,Tom,False,2017-01-12 04:54:18,2017-01-12 04:54:18
25925725,Svende,False,2015-01-27 04:56:01,2015-01-27 04:56:01
25926578,Sabrina,True,2017-06-21 03:46:03,2017-06-21 03:46:03
25929557,Jonas,False,2015-07-22 03:05:11,2015-07-22 03:05:11
25940498,Emre,False,2018-10-25 23:39:46,2018-10-25 23:39:46
25950605,Rossitza,False,2021-10-27 11:03:05,2021-10-27 11:03:05
25956713,Solveig,False,2021-07-23 08:53:12,2021-07-23 08:53:12
25971910,Jordan,False,2021-08-23 03:56:41,2021-08-23 03:56:41
25981777,Ian,False,2015-03-28 21:30:29,2015-03-28 21:30:29
25986482,Marlene,False,2017-08-06 13:07:44,2017-08-06 13:07:44
25988430,Shabnam,False,2017-07-29 09:26:21,2017-07-29 09:26:21
25989649,Henrik,False,2015-01-20 18:54:07,2015-01-20 18:54:07
25990118,Birgit,False,2016-05-17 00:30:15,2016-05-17 00:30:15
25993140,Oliver,False,2016-08-10 11:36:22,2016-08-10 11:36:22
26004914,Eva,False,2017-01-24 02:23:48,2017-01-24 02:23:48
26006565,Bruno,False,2016-07-27 16:36:16,2016-07-27 16:36:16
26037286,Karina,True,2019-10-02 21:28:00,2019-10-02 21:28:00
26038654,Jas,False,2019-06-18 14:23:12,2019-06-18 14:23:12
26042405,Dico,False,2020-11-28 14:38:56,2020-11-28 14:38:56
26055312,Mark Guy Gerrard,False,2016-03-21 15:33:33,2016-03-21 15:33:33
26057783,Peter,False,2015-08-29 08:15:03,2015-08-29 08:15:03
26059823,Damla,False,2019-05-08 16:24:35,2019-05-08 16:24:35
26064874,Ayla,False,2017-10-27 16:24:05,2017-10-27 16:24:05
26096996,Eyck,False,2015-09-28 21:31:44,2015-09-28 21:31:44
26105649,Nicolas,False,2015-01-28 19:57:17,2015-01-28 19:57:17
26116258,John,False,2018-03-16 20:40:15,2018-03-16 20:40:15
26143940,Alice,False,2019-02-23 06:26:43,2019-02-23 06:26:43
26152106,Sebastian,True,2019-12-19 14:16:20,2019-12-19 14:16:20
26152393,Jana,False,2016-11-14 03:49:03,2016-11-14 03:49:03
26153450,Alex,False,2021-08-16 14:51:07,2021-08-16 14:51:07
26155117,Gerd,True,2015-03-15 23:05:25,2015-03-15 23:05:25
26156657,Lou,False,2017-01-23 21:01:55,2017-01-23 21:01:55
26173714,Jekaterina,False,2017-07-16 01:22:36,2017-07-16 01:22:36
26176037,Petra,False,2019-09-15 15:14:55,2019-09-15 15:14:55
26176336,Juan,False,2018-09-19 16:49:32,2018-09-19 16:49:32
26176881,Gaetan,False,2016-07-03 12:41:12,2016-07-03 12:41:12
26193350,Caroline,False,2015-12-19 12:38:16,2015-12-19 12:38:16
26194208,Martin,False,2018-02-18 15:10:09,2018-02-18 15:10:09
26201130,Isabelle,False,2015-01-28 03:58:11,2015-01-28 03:58:11
26202529,Tobias,False,2021-03-27 22:23:06,2021-03-27 22:23:06
26203518,Gina,False,2021-10-31 12:23:06,2021-10-31 12:23:06
26204012,Sonja,True,2018-01-16 06:43:38,2018-01-16 06:43:38
26228906,Felix,False,2021-10-24 19:39:24,2021-10-24 19:39:24
26235854,Sveva,False,2018-12-26 22:22:28,2018-12-26 22:22:28
26238406,Markus,False,2019-10-31 15:02:58,2019-10-31 15:02:58
26241336,Michael,False,2015-07-15 01:20:20,2015-07-15 01:20:20
26256625,Filip,False,2021-11-05 01:53:55,2021-11-05 01:53:55
26264042,Lorena,False,2019-07-14 21:21:34,2019-07-14 21:21:34
26292577,Sevim Celebi Gottschlich,False,2021-10-30 00:24:37,2021-10-30 00:24:37
26293809,Luzi,False,2021-11-02 04:51:04,2021-11-02 04:51:04
26333790,Verena,True,2019-07-13 11:58:27,2019-07-13 11:58:27
26339060,Terrie,False,2015-04-19 15:47:33,2015-04-19 15:47:33
26347897,Inken,False,2021-11-15 10:37:44,2021-11-15 10:37:44
26358051,Theresa,True,2018-03-06 09:04:16,2018-03-06 09:04:16
26363586,Ina,False,2017-01-20 10:00:04,2017-01-20 10:00:04
26367025,Lan Phương,False,2021-07-13 09:55:34,2021-07-13 09:55:34
26400881,Achim,True,2019-10-25 03:34:08,2019-10-25 03:34:08
26405024,Peter,False,2015-08-17 23:42:32,2015-08-17 23:42:32
26419102,Stefanie,False,2021-11-05 09:18:50,2021-11-05 09:18:50
26426798,Lisanne,False,2016-12-26 10:21:56,2016-12-26 10:21:56
26431814,Tobias,False,2018-07-28 17:51:41,2018-07-28 17:51:41
26448660,Jesse,False,2020-02-11 02:27:36,2020-02-11 02:27:36
26451128,Bok,False,2021-11-02 02:50:05,2021-11-02 02:50:05
26452791,Caroline,False,2016-03-07 05:26:50,2016-03-07 05:26:50
26478366,Helena,True,2015-02-26 06:59:25,2015-02-26 06:59:25
26486052,Philipp,False,2019-07-01 02:23:30,2019-07-01 02:23:30
26488105,Ali,False,2021-06-15 09:48:47,2021-06-15 09:48:47
26501076,Oleg,True,2017-03-17 18:27:53,2017-03-17 18:27:53
26511341,Marco,False,2017-06-21 23:52:10,2017-06-21 23:52:10
26511885,Chelsea,False,2018-08-25 15:03:56,2018-08-25 15:03:56
26534826,Elke,False,2015-08-28 09:40:57,2015-08-28 09:40:57
26551862,Ludovica,False,2015-04-28 23:48:56,2015-04-28 23:48:56
26566483,Fanny-Marie,False,2017-11-27 14:42:23,2017-11-27 14:42:23
26567168,Sofia,False,2021-10-25 20:52:59,2021-10-25 20:52:59
26574508,Fish,False,2016-07-11 07:39:08,2016-07-11 07:39:08
26582259,Maru,False,2016-11-01 15:58:39,2016-11-01 15:58:39
26596680,Chiara,False,2017-07-23 21:25:03,2017-07-23 21:25:03
26618507,Vic,False,2015-05-14 04:27:58,2015-05-14 04:27:58
26634652,Simon,False,2021-06-02 03:22:42,2021-06-02 03:22:42
26639405,Han,False,2020-02-11 13:14:44,2020-02-11 13:14:44
26666426,Danai,False,2016-07-14 05:28:43,2016-07-14 05:28:43
26669875,Victoria,False,2019-12-19 06:44:41,2019-12-19 06:44:41
26670019,Dagmar,False,2017-01-28 15:07:18,2017-01-28 15:07:18
26673919,Ngan,True,2018-05-16 12:11:27,2018-05-16 12:11:27
26675134,Fadila,False,2015-04-17 05:45:55,2015-04-17 05:45:55
26684108,Andreas,False,2021-11-06 14:49:39,2021-11-06 14:49:39
26692001,Elena,False,2021-11-17 19:31:14,2021-11-17 19:31:14
26698749,Manuela,False,2016-03-05 05:40:29,2016-03-05 05:40:29
26717851,Amelie,False,2016-03-27 00:34:53,2016-03-27 00:34:53
26722212,Alexandra,False,2018-12-24 04:40:31,2018-12-24 04:40:31
26727554,Melina,False,2020-08-19 15:18:51,2020-08-19 15:18:51
26736799,Daniel,False,2021-11-09 07:00:02,2021-11-09 07:00:02
26737027,Isabel,False,2021-10-30 09:42:11,2021-10-30 09:42:11
26745065,Didier,False,2016-02-29 08:44:41,2016-02-29 08:44:41
26779945,Michael,False,2021-10-22 15:29:02,2021-10-22 15:29:02
26796559,Tracy,False,2018-01-21 15:51:44,2018-01-21 15:51:44
26797449,Fedo,False,2019-08-23 03:47:13,2019-08-23 03:47:13
26813578,Tamara,False,2021-11-19 13:25:07,2021-11-19 13:25:07
26816987,Christian,False,2018-06-02 10:36:39,2018-06-02 10:36:39
26833764,Claus-Peter,False,2015-03-24 07:54:45,2015-03-24 07:54:45
26834655,Luisa,False,2017-08-09 04:47:31,2017-08-09 04:47:31
26836482,BerlinSurfHostel,True,2015-02-27 08:16:03,2015-02-27 08:16:03
26837086,Camilla,False,2015-03-19 05:44:42,2015-03-19 05:44:42
26838123,Haziran,False,2017-04-02 10:43:04,2017-04-02 10:43:04
26838383,Andre,False,2017-07-18 23:43:04,2017-07-18 23:43:04
26841384,Irina,False,2018-02-13 14:23:59,2018-02-13 14:23:59
26844922,Florian,False,2018-11-24 01:21:06,2018-11-24 01:21:06
26846518,Matthew,True,2019-05-06 19:37:36,2019-05-06 19:37:36
26848861,Benjamin,False,2019-10-13 01:58:22,2019-10-13 01:58:22
26869498,Jens,False,2015-09-29 04:50:20,2015-09-29 04:50:20
26918256,Alexa,False,2015-05-13 11:47:40,2015-05-13 11:47:40
26939832,Annelies,False,2015-02-22 05:08:25,2015-02-22 05:08:25
26949525,Ron,False,2016-06-24 09:48:01,2016-06-24 09:48:01
26950533,Julia,False,2016-08-17 07:20:08,2016-08-17 07:20:08
26968079,Fabian,False,2017-08-20 11:44:40,2017-08-20 11:44:40
26995137,Carolin,False,2016-09-15 12:37:35,2016-09-15 12:37:35
26998103,Louise,False,2017-02-18 08:26:04,2017-02-18 08:26:04
27000163,Kerstin,False,2021-11-17 22:15:08,2021-11-17 22:15:08
27031626,Pierre,False,2018-01-28 13:12:12,2018-01-28 13:12:12
27034033,Teresa,False,2017-06-19 14:16:08,2017-06-19 14:16:08
27043655,Torben,False,2016-01-29 09:19:00,2016-01-29 09:19:00
27067659,Danja,False,2015-05-25 22:06:30,2015-05-25 22:06:30
27069836,ZhuZhu,False,2019-09-07 21:48:47,2019-09-07 21:48:47
27085846,Inga,False,2015-03-13 11:39:07,2015-03-13 11:39:07
27118353,Thomas,True,2020-01-19 19:00:16,2020-01-19 19:00:16
27119624,Alexey,False,2015-02-14 10:26:01,2015-02-14 10:26:01
27126255,Anna,False,2021-11-16 18:13:19,2021-11-16 18:13:19
27143685,Leon,False,2017-09-03 11:32:08,2017-09-03 11:32:08
27148260,Timo,False,2016-08-07 16:30:16,2016-08-07 16:30:16
27150766,Tomer,False,2021-11-19 17:22:58,2021-11-19 17:22:58
27155740,Claudio,False,2021-11-13 07:01:51,2021-11-13 07:01:51
27191347,Thomas,True,2020-08-11 01:21:46,2020-08-11 01:21:46
27196822,Katarina,False,2019-07-23 23:39:10,2019-07-23 23:39:10
27197891,Noria,False,2017-11-29 23:24:58,2017-11-29 23:24:58
27198290,Janwillem,False,2021-10-25 10:15:27,2021-10-25 10:15:27
27251220,Lasse,False,2019-12-01 10:41:38,2019-12-01 10:41:38
27256532,Angie,False,2021-08-08 04:30:35,2021-08-08 04:30:35
27258638,Melissa,False,2020-12-31 17:31:06,2020-12-31 17:31:06
27258944,Robert,False,2021-08-01 21:21:50,2021-08-01 21:21:50
27263622,Ina,False,2021-11-06 04:52:49,2021-11-06 04:52:49
27264649,Chiara,False,2018-07-26 02:45:43,2018-07-26 02:45:43
27276738,Sophie,False,2016-01-16 17:33:40,2016-01-16 17:33:40
27278519,Zoe,False,2016-04-17 12:09:16,2016-04-17 12:09:16
27281836,Candid,False,2021-11-04 21:30:00,2021-11-04 21:30:00
27301003,Rasmus,False,2018-08-22 08:58:45,2018-08-22 08:58:45
27301742,Andreas,True,2015-02-17 22:30:05,2015-02-17 22:30:05
27301879,Blendi,False,2021-10-23 18:59:33,2021-10-23 18:59:33
27308734,Friederike,False,2021-10-31 23:44:44,2021-10-31 23:44:44
27317496,Lukas,False,2017-04-06 10:04:36,2017-04-06 10:04:36
27318209,Ron,False,2021-11-01 23:29:18,2021-11-01 23:29:18
27326678,Fabian,False,2018-01-15 10:24:36,2018-01-15 10:24:36
27341594,Albert,True,2015-04-30 07:41:46,2015-04-30 07:41:46
27344566,Hulan,False,2019-03-02 21:55:31,2019-03-02 21:55:31
27353364,Valentin,False,2015-02-14 17:38:21,2015-02-14 17:38:21
27353417,Aurélien,False,2018-01-23 05:16:30,2018-01-23 05:16:30
27372962,Jule,False,2017-07-31 08:58:05,2017-07-31 08:58:05
27400960,Julia,False,2021-07-30 21:21:38,2021-07-30 21:21:38
27405707,Hanna,False,2021-10-26 17:21:37,2021-10-26 17:21:37
27419345,Miriam,False,2019-03-27 00:45:22,2019-03-27 00:45:22
27422382,Patrick,False,2021-11-12 17:51:37,2021-11-12 17:51:37
27453143,Mia,False,2021-11-14 22:34:28,2021-11-14 22:34:28
27454900,Eleanor,False,2015-09-02 17:52:09,2015-09-02 17:52:09
27457316,Tatiana,False,2019-11-16 11:15:04,2019-11-16 11:15:04
27459394,Dagmar,False,2017-02-20 09:14:46,2017-02-20 09:14:46
27467500,Torsten,False,2016-11-19 20:20:04,2016-11-19 20:20:04
27477930,Maximilian,False,2016-12-24 15:14:22,2016-12-24 15:14:22
27480846,Marta,False,2021-11-11 22:05:27,2021-11-11 22:05:27
27489080,Kerstin,True,2018-08-27 08:12:47,2018-08-27 08:12:47
27490578,Matthias,False,2021-11-10 01:27:00,2021-11-10 01:27:00
27493890,Lukas,False,2018-08-01 22:24:39,2018-08-01 22:24:39
27524079,Joanna Asia,False,2015-04-24 07:42:55,2015-04-24 07:42:55
27527106,Aliaa,False,2017-11-01 02:54:32,2017-11-01 02:54:32
27538934,Anni,False,2019-03-04 22:06:30,2019-03-04 22:06:30
27540824,Eva,False,2021-10-22 15:58:10,2021-10-22 15:58:10
27546863,Tom,True,2017-04-20 15:50:31,2017-04-20 15:50:31
27547145,Elisabeth,False,2019-05-25 12:06:08,2019-05-25 12:06:08
27548892,Sam,False,2017-04-08 02:19:16,2017-04-08 02:19:16
27570453,Nicola,True,2015-03-21 09:29:14,2015-03-21 09:29:14
27574436,Malaika,False,2020-08-08 17:55:57,2020-08-08 17:55:57
27577254,Maren,False,2018-12-26 18:51:10,2018-12-26 18:51:10
27633298,Jakob,False,2016-08-09 04:09:48,2016-08-09 04:09:48
27639574,Alice,False,2015-05-04 21:28:55,2015-05-04 21:28:55
27647535,Sebastian,False,2018-01-01 11:37:56,2018-01-01 11:37:56
27655277,Helena,False,2016-02-06 23:13:28,2016-02-06 23:13:28
27658560,Dorina,False,2017-08-31 16:50:42,2017-08-31 16:50:42
27664532,Colas,False,2020-09-25 10:48:18,2020-09-25 10:48:18
27675868,Christian,False,2015-03-26 10:27:18,2015-03-26 10:27:18
27690356,Clément,False,2016-02-09 06:58:56,2016-02-09 06:58:56
27719238,Alexander,False,2020-08-16 09:32:47,2020-08-16 09:32:47
27742459,Steven,True,2017-01-05 19:34:53,2017-01-05 19:34:53
27750519,Maria,False,2015-08-09 05:54:14,2015-08-09 05:54:14
27765761,Léa,False,2016-03-24 14:14:43,2016-03-24 14:14:43
27775259,Lara,False,2016-07-17 19:49:54,2016-07-17 19:49:54
27780589,Oliver,False,2017-12-20 12:37:09,2017-12-20 12:37:09
27793478,Adriano,False,2015-09-16 02:35:14,2015-09-16 02:35:14
27819916,Fak,False,2016-12-14 12:06:09,2016-12-14 12:06:09
27827029,Stephan,False,2017-09-01 00:59:57,2017-09-01 00:59:57
27828478,Beate,True,2017-02-01 07:34:29,2017-02-01 07:34:29
27846962,Robert,True,2018-09-18 18:18:30,2018-09-18 18:18:30
27850941,Catalina,False,2019-12-06 02:39:15,2019-12-06 02:39:15
27872884,Saskia,False,2021-05-22 19:18:50,2021-05-22 19:18:50
27875680,Konstantin,False,2021-09-25 01:19:35,2021-09-25 01:19:35
27882468,Eduard,False,2021-11-04 18:59:39,2021-11-04 18:59:39
27887965,Frida,False,2018-08-21 01:21:10,2018-08-21 01:21:10
27890784,Céline,False,2017-12-29 03:15:48,2017-12-29 03:15:48
27902038,Brigitta,False,2016-09-29 19:26:41,2016-09-29 19:26:41
27908471,Mischa,False,2017-06-04 07:20:14,2017-06-04 07:20:14
27952946,Katrin,False,2016-06-24 20:33:35,2016-06-24 20:33:35
27962053,Tamir,False,2015-07-08 08:35:17,2015-07-08 08:35:17
27966837,Emma,False,2021-11-09 09:10:41,2021-11-09 09:10:41
27968442,Martin,False,2019-04-20 17:23:19,2019-04-20 17:23:19
27972177,Manuel,False,2018-05-01 16:31:16,2018-05-01 16:31:16
27984931,Carla,False,2021-09-02 08:03:38,2021-09-02 08:03:38
27992532,Stefan,True,2015-08-29 21:06:26,2015-08-29 21:06:26
28012192,Nucki,False,2016-08-15 03:22:22,2016-08-15 03:22:22
28012614,Nicole,False,2016-10-11 08:09:03,2016-10-11 08:09:03
28035407,Marc,True,2021-03-26 23:45:23,2021-03-26 23:45:23
28035703,Eva,False,2021-11-05 11:44:54,2021-11-05 11:44:54
28038656,Achille,False,2016-08-23 02:14:55,2016-08-23 02:14:55
28044859,Ana,False,2018-08-22 15:44:52,2018-08-22 15:44:52
28047273,Alice,False,2015-05-15 11:08:38,2015-05-15 11:08:38
28055255,Ani,True,2018-02-19 19:27:30,2018-02-19 19:27:30
28066266,Jasemin,False,2021-08-07 16:05:10,2021-08-07 16:05:10
28074836,Mirco,False,2015-11-28 13:12:39,2015-11-28 13:12:39
28086536,Sara,False,2016-05-23 23:46:31,2016-05-23 23:46:31
28108241,Bettina,False,2015-05-18 07:09:29,2015-05-18 07:09:29
28114748,Martin,False,2016-09-25 15:16:17,2016-09-25 15:16:17
28132526,Emre,False,2021-08-06 21:24:39,2021-08-06 21:24:39
28135941,Eugen,False,2017-08-05 00:25:35,2017-08-05 00:25:35
28149199,Anders,False,2015-03-01 20:36:23,2015-03-01 20:36:23
28151563,Tamara,True,2015-03-18 11:41:30,2015-03-18 11:41:30
28166231,Max,False,2019-10-14 21:38:51,2019-10-14 21:38:51
28183111,Nick,False,2016-09-19 07:23:45,2016-09-19 07:23:45
28214950,Gabriela,False,2020-01-27 18:19:28,2020-01-27 18:19:28
28222174,Mairim,False,2021-10-24 23:51:18,2021-10-24 23:51:18
28232694,Nora,True,2018-05-10 01:47:37,2018-05-10 01:47:37
28236835,Raquel,False,2018-02-07 12:23:33,2018-02-07 12:23:33
28242404,Tamás,False,2018-03-01 14:16:23,2018-03-01 14:16:23
28243691,Emma,True,2019-12-30 13:45:08,2019-12-30 13:45:08
28248924,Henry,False,2021-11-08 05:12:45,2021-11-08 05:12:45
28274520,Stef,False,2021-11-18 15:08:20,2021-11-18 15:08:20
28285870,Justin,False,2021-11-16 10:25:56,2021-11-16 10:25:56
28287647,Mia,False,2019-09-04 01:52:37,2019-09-04 01:52:37
28299861,Gülsüm,False,2021-11-12 23:16:35,2021-11-12 23:16:35
28324222,Jared,False,2021-10-21 06:27:52,2021-10-21 06:27:52
28324959,Jeannette,False,2021-02-12 07:00:09,2021-02-12 07:00:09
28333985,Fionnuala,True,2015-12-09 18:56:56,2015-12-09 18:56:56
28334404,Lisa,False,2017-07-09 16:05:44,2017-07-09 16:05:44
28342471,Gabby,False,2021-11-06 06:09:45,2021-11-06 06:09:45
28347554,Florian,False,2019-12-27 15:11:55,2019-12-27 15:11:55
28348654,Maria,False,2015-03-23 15:09:29,2015-03-23 15:09:29
28352347,Claudia,False,2015-05-29 00:07:43,2015-05-29 00:07:43
28393303,Helena,False,2021-07-21 17:27:25,2021-07-21 17:27:25
28395568,Pascale,False,2015-03-17 18:55:17,2015-03-17 18:55:17
28400540,Hedi,True,2015-06-11 21:39:30,2015-06-11 21:39:30
28422060,Nadia,False,2021-11-10 03:58:09,2021-11-10 03:58:09
28446030,Johanna,False,2021-10-23 22:06:09,2021-10-23 22:06:09
28456221,Kerstin,False,2016-02-05 18:56:02,2016-02-05 18:56:02
28466180,Elisa,False,2017-07-18 08:00:28,2017-07-18 08:00:28
28471019,Mat,False,2016-12-22 08:23:37,2016-12-22 08:23:37
28489650,Carolin,True,2015-04-01 07:32:13,2015-04-01 07:32:13
28490863,Joseph,True,2017-04-18 05:16:27,2017-04-18 05:16:27
28494249,Jill,False,2015-10-22 10:14:35,2015-10-22 10:14:35
28497746,Celest,False,2015-08-07 21:33:43,2015-08-07 21:33:43
28508970,Mana,False,2021-08-14 07:42:00,2021-08-14 07:42:00
28510370,Donald,False,2015-03-29 11:55:10,2015-03-29 11:55:10
28511583,Ninon,False,2020-02-05 02:56:57,2020-02-05 02:56:57
28520132,Charlotte,False,2018-10-04 11:14:46,2018-10-04 11:14:46
28525998,Dario,True,2015-03-09 13:59:29,2015-03-09 13:59:29
28532168,Dennis,False,2016-02-01 06:53:34,2016-02-01 06:53:34
28532237,Inga,False,2018-09-20 17:03:26,2018-09-20 17:03:26
28545678,Rebecca,True,2015-12-29 10:40:38,2015-12-29 10:40:38
28551270,Luis José,False,2020-12-24 19:56:11,2020-12-24 19:56:11
28573106,Jess,False,2015-08-03 08:02:23,2015-08-03 08:02:23
28596736,Angela,False,2017-06-03 02:39:54,2017-06-03 02:39:54
28603116,Evan,False,2021-11-11 08:32:47,2021-11-11 08:32:47
28611920,Maria,False,2018-07-19 04:46:39,2018-07-19 04:46:39
28613168,David,True,2020-10-29 11:16:04,2020-10-29 11:16:04
28629633,Pola,False,2015-04-10 09:30:40,2015-04-10 09:30:40
28635186,Constantin,False,2015-03-18 20:13:32,2015-03-18 20:13:32
28647879,Katharina,False,2015-03-07 08:41:26,2015-03-07 08:41:26
28668688,Özlem,True,2019-09-13 14:59:45,2019-09-13 14:59:45
28670160,Lucas,False,2021-10-31 03:43:05,2021-10-31 03:43:05
28672112,Franziska,False,2021-10-21 15:46:33,2021-10-21 15:46:33
28691552,Paul,False,2017-08-05 16:15:42,2017-08-05 16:15:42
28692639,Christoph,False,2019-12-06 22:53:45,2019-12-06 22:53:45
28696138,Joe,False,2018-09-09 14:32:44,2018-09-09 14:32:44
28727915,Stefan,False,2021-11-13 07:25:43,2021-11-13 07:25:43
28736569,Rita,False,2015-06-08 00:03:33,2015-06-08 00:03:33
28742752,Anna,False,2019-02-01 00:11:35,2019-02-01 00:11:35
28745911,Nhi,False,2018-09-24 19:32:38,2018-09-24 19:32:38
28760296,Rosina,True,2015-03-15 22:09:10,2015-03-15 22:09:10
28760681,Otto,False,2019-12-21 11:55:27,2019-12-21 11:55:27
28762158,Lydia,False,2021-11-09 05:07:59,2021-11-09 05:07:59
28769840,Sharna,False,2021-07-25 18:26:43,2021-07-25 18:26:43
28801423,Jan,False,2021-11-15 00:01:49,2021-11-15 00:01:49
28802773,Kaya,False,2017-10-13 19:55:46,2017-10-13 19:55:46
28847496,Kateryna,False,2015-08-20 02:18:49,2015-08-20 02:18:49
28851531,Romina,False,2019-06-25 02:29:16,2019-06-25 02:29:16
28853270,Christiane,True,2020-01-26 09:08:39,2020-01-26 09:08:39
28865453,Lilli,False,2021-10-22 04:03:25,2021-10-22 04:03:25
28875193,Jakob,False,2017-10-06 01:20:34,2017-10-06 01:20:34
28899612,Danielle,False,2021-10-25 19:22:48,2021-10-25 19:22:48
28903988,Tobias,False,2016-06-10 14:21:33,2016-06-10 14:21:33
28915196,Jingyu,False,2021-10-26 21:29:20,2021-10-26 21:29:20
28921910,Simon,False,2020-09-06 09:29:30,2020-09-06 09:29:30
28929364,Pepe,False,2015-07-22 21:27:35,2015-07-22 21:27:35
28933022,Liza,False,2020-10-06 11:29:18,2020-10-06 11:29:18
28952998,Wolfgang,False,2015-09-06 19:22:43,2015-09-06 19:22:43
28968813,Maren,False,2018-09-28 16:05:21,2018-09-28 16:05:21
28971833,Nathalia,False,2021-10-27 13:50:50,2021-10-27 13:50:50
28987150,Franz,False,2021-10-24 14:33:11,2021-10-24 14:33:11
28989293,Felix-Fred,False,2016-07-07 09:08:07,2016-07-07 09:08:07
28989527,Max,False,2016-08-15 23:47:50,2016-08-15 23:47:50
29016957,Cäcilie,False,2015-07-22 01:57:12,2015-07-22 01:57:12
29017632,Daniela,False,2019-10-30 00:09:28,2019-10-30 00:09:28
29032982,Felix,False,2017-07-07 05:00:32,2017-07-07 05:00:32
29034210,Sara,False,2017-05-01 17:14:40,2017-05-01 17:14:40
29034540,Jonas,False,2019-08-25 07:30:24,2019-08-25 07:30:24
29043347,Keatyn+Joschi,False,2016-08-16 16:42:29,2016-08-16 16:42:29
29052203,Soli & Hani,True,2018-04-29 20:38:34,2018-04-29 20:38:34
29054247,Anna,True,2015-11-27 23:30:38,2015-11-27 23:30:38
29079876,Anne,False,2015-06-02 20:11:57,2015-06-02 20:11:57
29080198,Annina,False,2015-11-06 02:06:08,2015-11-06 02:06:08
29083816,Giorgio,False,2021-10-30 14:08:16,2021-10-30 14:08:16
29088206,Shaltmira,False,2018-09-14 05:46:05,2018-09-14 05:46:05
29106006,Fer,False,2021-11-07 15:19:06,2021-11-07 15:19:06
29111884,Oliver,False,2017-08-07 22:04:14,2017-08-07 22:04:14
29115257,Katja,False,2020-02-16 11:35:42,2020-02-16 11:35:42
29123294,Andres,False,2015-08-23 07:52:58,2015-08-23 07:52:58
29148822,Christin,False,2021-07-26 13:32:37,2021-07-26 13:32:37
29157243,Lisa,False,2018-03-14 10:15:12,2018-03-14 10:15:12
29164259,Lennard,False,2021-07-04 21:59:01,2021-07-04 21:59:01
29200741,Sabine,False,2018-12-29 17:41:38,2018-12-29 17:41:38
29203060,Johanna,False,2015-06-17 22:12:33,2015-06-17 22:12:33
29203939,Huan,False,2021-11-06 14:14:44,2021-11-06 14:14:44
29208332,Jannick Pihl,False,2018-01-30 19:21:04,2018-01-30 19:21:04
29215277,Ciprian,False,2021-03-23 21:41:33,2021-03-23 21:41:33
29216174,Sophie,False,2021-11-10 22:13:08,2021-11-10 22:13:08
29218045,Evgenia,False,2018-01-03 15:49:55,2018-01-03 15:49:55
29226343,Simone,False,2015-04-12 06:34:38,2015-04-12 06:34:38
29244186,Matias,False,2019-07-08 21:19:07,2019-07-08 21:19:07
29250888,Caroline,False,2020-09-03 16:03:00,2020-09-03 16:03:00
29251757,Jana,False,2016-04-21 14:39:37,2016-04-21 14:39:37
29259719,Nana,False,2017-02-08 01:39:24,2017-02-08 01:39:24
29261605,Judith,False,2015-07-13 17:53:28,2015-07-13 17:53:28
29262324,Lj,False,2021-11-01 17:15:31,2021-11-01 17:15:31
29265517,Tosca,False,2021-10-24 15:56:22,2021-10-24 15:56:22
29269984,Cornelia,False,2018-09-26 02:31:51,2018-09-26 02:31:51
29278000,Petra,True,2015-06-27 16:57:22,2015-06-27 16:57:22
29286601,Bogumił,False,2016-03-20 20:06:23,2016-03-20 20:06:23
29288011,Julia,False,2018-11-03 08:51:25,2018-11-03 08:51:25
29294584,Dorothee,False,2019-08-10 01:33:35,2019-08-10 01:33:35
29304482,Sophia,False,2017-09-28 20:35:42,2017-09-28 20:35:42
29306010,Robert,False,2016-02-17 21:58:33,2016-02-17 21:58:33
29314042,Julius,False,2021-11-08 23:17:32,2021-11-08 23:17:32
29314512,Neus,True,2018-06-29 15:27:21,2018-06-29 15:27:21
29317557,Jeremiah,False,2017-12-01 12:08:44,2017-12-01 12:08:44
29333931,G.,False,2017-04-10 15:26:16,2017-04-10 15:26:16
29336968,Marlene,False,2015-03-20 15:19:51,2015-03-20 15:19:51
29358018,Daniela,False,2020-07-30 06:49:50,2020-07-30 06:49:50
29363334,Sven-Bjarne,False,2015-07-02 05:28:55,2015-07-02 05:28:55
29368634,Alessandra,False,2015-04-25 02:36:53,2015-04-25 02:36:53
29372361,Judith,False,2019-09-13 04:17:48,2019-09-13 04:17:48
29385449,Luis,False,2018-12-05 23:55:54,2018-12-05 23:55:54
29390544,Anna,False,2016-07-22 01:36:06,2016-07-22 01:36:06
29393380,Stefan,False,2015-04-11 19:06:07,2015-04-11 19:06:07
29394056,Norman,False,2017-12-21 10:14:22,2017-12-21 10:14:22
29396410,Kerstin,False,2016-02-20 13:30:57,2016-02-20 13:30:57
29400319,Kasia,False,2021-11-12 12:38:02,2021-11-12 12:38:02
29402223,Dejan,False,2018-04-24 17:06:58,2018-04-24 17:06:58
29435034,Louise,False,2015-10-08 16:26:28,2015-10-08 16:26:28
29436632,Antonia,False,2018-07-06 15:26:32,2018-07-06 15:26:32
29447273,Martini,False,2016-08-11 21:20:58,2016-08-11 21:20:58
29459387,Lisa,False,2015-04-06 15:31:15,2015-04-06 15:31:15
29461009,Oli,True,2015-05-12 13:19:18,2015-05-12 13:19:18
29488349,Oliwia,False,2017-08-29 04:08:49,2017-08-29 04:08:49
29502351,Lisa,False,2015-05-14 08:23:41,2015-05-14 08:23:41
29507007,Philipp,False,2018-08-20 05:54:33,2018-08-20 05:54:33
29512829,Nicole,True,2017-05-03 13:50:11,2017-05-03 13:50:11
29513589,Duncan,False,2015-07-27 06:53:19,2015-07-27 06:53:19
29515318,Amiram,True,2018-05-31 05:50:12,2018-05-31 05:50:12
29522573,Sarah,False,2021-10-29 21:22:56,2021-10-29 21:22:56
29523109,Irmtraud,False,2015-10-24 07:58:28,2015-10-24 07:58:28
29553328,Marvin,False,2021-11-11 09:16:33,2021-11-11 09:16:33
29562740,Marie,False,2021-11-04 16:03:47,2021-11-04 16:03:47
29582189,Alexander,False,2019-05-20 04:40:09,2019-05-20 04:40:09
29586860,David,False,2015-11-23 05:56:42,2015-11-23 05:56:42
29608154,Thomas,True,2019-10-21 15:38:46,2019-10-21 15:38:46
29613261,Jesko,False,2015-07-11 14:54:25,2015-07-11 14:54:25
29616872,Omkar,False,2016-03-07 08:46:18,2016-03-07 08:46:18
29618220,Magali,False,2016-03-30 21:30:22,2016-03-30 21:30:22
29626037,Francesco,False,2017-01-25 11:19:45,2017-01-25 11:19:45
29630469,Jonas,False,2018-10-19 02:01:54,2018-10-19 02:01:54
29668439,Christina,True,2019-03-16 23:53:43,2019-03-16 23:53:43
29728438,Mathilde,False,2021-10-31 08:14:41,2021-10-31 08:14:41
29730306,Eva,False,2016-03-25 09:24:24,2016-03-25 09:24:24
29733853,Anna,False,2017-02-13 02:05:22,2017-02-13 02:05:22
29746785,Sela,False,2021-10-27 07:25:36,2021-10-27 07:25:36
29759015,Philip,False,2019-02-27 04:57:27,2019-02-27 04:57:27
29770729,Clau,False,2021-11-10 09:20:20,2021-11-10 09:20:20
29773670,Mohamed,False,2021-10-30 07:06:14,2021-10-30 07:06:14
29776171,Natalie,False,2015-10-04 09:32:04,2015-10-04 09:32:04
29778296,Marcus,False,2018-01-10 20:05:39,2018-01-10 20:05:39
29778890,Katja,False,2015-03-28 09:02:10,2015-03-28 09:02:10
29779520,Marco,False,2016-09-23 19:52:02,2016-09-23 19:52:02
29785703,Sofia,False,2015-05-01 13:33:52,2015-05-01 13:33:52
29788542,Magdalene,False,2018-12-20 20:53:26,2018-12-20 20:53:26
29805927,Sinja,False,2020-02-09 02:31:27,2020-02-09 02:31:27
29810113,Annemarie,False,2015-07-20 10:38:48,2015-07-20 10:38:48
29811279,Jimmy,False,2018-08-19 18:52:22,2018-08-19 18:52:22
29813067,Sophie,False,2018-05-15 23:58:34,2018-05-15 23:58:34
29821011,Michaela,False,2017-09-15 21:56:53,2017-09-15 21:56:53
29837295,Anna,True,2018-01-10 09:49:18,2018-01-10 09:49:18
29838378,Norman,False,2021-07-12 23:55:10,2021-07-12 23:55:10
29838740,Daniela,False,2015-04-17 18:59:28,2015-04-17 18:59:28
29839792,Katarzyna,False,2016-05-28 18:13:01,2016-05-28 18:13:01
29849348,Ismail,False,2016-01-01 00:36:55,2016-01-01 00:36:55
29859856,Daniel,False,2015-05-25 11:02:56,2015-05-25 11:02:56
29862383,Benedetta,True,2019-02-03 08:55:31,2019-02-03 08:55:31
29885403,Konstantin,False,2015-03-25 15:05:05,2015-03-25 15:05:05
29910054,Madlen,False,2021-09-07 02:52:29,2021-09-07 02:52:29
29936776,Mike,True,2016-06-01 05:07:23,2016-06-01 05:07:23
29942191,Chris,False,2015-03-13 12:30:25,2015-03-13 12:30:25
29944135,Dorina,False,2015-06-26 14:39:49,2015-06-26 14:39:49
29966940,Viola,True,2015-08-24 11:26:33,2015-08-24 11:26:33
29986714,Fräulein,False,2016-10-10 08:30:23,2016-10-10 08:30:23
30011180,Olga,True,2018-08-23 08:28:05,2018-08-23 08:28:05
30027132,Meike,True,2016-04-03 11:25:32,2016-04-03 11:25:32
30029177,Janik,False,2021-10-26 21:21:52,2021-10-26 21:21:52
30041873,Liesa Lucia,False,2021-08-12 17:16:48,2021-08-12 17:16:48
30044367,Daria,False,2017-07-23 16:10:46,2017-07-23 16:10:46
30047726,Magdalena,False,2021-10-25 03:37:29,2021-10-25 03:37:29
30088284,Nick,False,2017-06-19 08:59:49,2017-06-19 08:59:49
30105465,Selma,False,2018-03-06 19:56:32,2018-03-06 19:56:32
30106645,Gero,False,2021-11-16 00:32:34,2021-11-16 00:32:34
30107227,Reen,False,2017-11-26 00:10:01,2017-11-26 00:10:01
30110349,Ksenia,False,2017-12-19 15:11:57,2017-12-19 15:11:57
30117622,Kath,False,2017-10-26 20:42:24,2017-10-26 20:42:24
30138914,Claudia,False,2021-11-01 00:59:53,2021-11-01 00:59:53
30157770,Misbah,True,2018-08-03 12:18:40,2018-08-03 12:18:40
30193362,Marian,False,2018-12-05 22:42:37,2018-12-05 22:42:37
30194519,Annett,False,2015-04-18 21:39:47,2015-04-18 21:39:47
30198172,ToM,True,2018-02-25 08:58:03,2018-02-25 08:58:03
30198697,Johanna,False,2015-04-01 22:08:39,2015-04-01 22:08:39
30199257,Richard,False,2021-11-14 08:29:21,2021-11-14 08:29:21
30200540,Niclas,False,2021-11-08 16:54:03,2021-11-08 16:54:03
30203050,Monika,False,2021-10-26 07:37:00,2021-10-26 07:37:00
30204274,Freia,False,2017-04-03 22:26:55,2017-04-03 22:26:55
30226515,Boris,False,2021-11-08 10:18:42,2021-11-08 10:18:42
30247001,Niklas,False,2021-10-30 13:05:01,2021-10-30 13:05:01
30255746,Joyce,False,2019-03-09 01:28:00,2019-03-09 01:28:00
30266181,Chiara,True,2019-02-10 19:57:16,2019-02-10 19:57:16
30269303,Dirk,True,2015-03-25 17:32:58,2015-03-25 17:32:58
30270794,Rolf,True,2019-08-23 05:43:17,2019-08-23 05:43:17
30296341,Sandra,False,2019-12-31 04:45:24,2019-12-31 04:45:24
30296395,Adam,False,2017-08-20 01:48:16,2017-08-20 01:48:16
30298694,La,False,2015-12-22 07:05:13,2015-12-22 07:05:13
30298984,Anton,False,2021-11-13 10:10:47,2021-11-13 10:10:47
30303817,Jutsin,False,2015-08-29 23:53:32,2015-08-29 23:53:32
30334727,Katajun,False,2021-11-02 17:55:28,2021-11-02 17:55:28
30338608,Maria,False,2021-11-18 17:54:51,2021-11-18 17:54:51
30347742,Suzu,False,2019-09-11 15:30:27,2019-09-11 15:30:27
30352134,Sven,False,2015-09-04 17:43:08,2015-09-04 17:43:08
30358384,M&M Couple,False,2015-04-03 02:00:05,2015-04-03 02:00:05
30359400,Anna-Lucia,False,2019-04-13 11:05:44,2019-04-13 11:05:44
30360327,Stefan,False,2016-05-18 15:09:59,2016-05-18 15:09:59
30396441,Max,False,2019-12-04 18:03:37,2019-12-04 18:03:37
30399447,Julia,False,2021-11-14 23:47:04,2021-11-14 23:47:04
30405485,Johannes,False,2017-09-25 04:01:53,2017-09-25 04:01:53
30409672,Tatjana,False,2020-08-30 21:40:26,2020-08-30 21:40:26
30455603,Jan-Eric,False,2020-07-05 14:26:56,2020-07-05 14:26:56
30456351,André,False,2021-11-13 07:42:30,2021-11-13 07:42:30
30460891,Mahmoud,False,2021-09-12 07:55:30,2021-09-12 07:55:30
30481095,Ronja,False,2021-10-21 04:06:20,2021-10-21 04:06:20
30489194,Jan,False,2021-11-10 07:15:24,2021-11-10 07:15:24
30491159,Dana,False,2021-11-03 05:48:44,2021-11-03 05:48:44
30513815,,,2021-11-16 00:34:53,2021-11-16 00:34:53
30515334,Elana,False,2018-07-29 00:27:00,2018-07-29 00:27:00
30524367,Anna,False,2019-07-18 09:35:08,2019-07-18 09:35:08
30534891,Dominik,False,2016-01-16 11:42:24,2016-01-16 11:42:24
30552540,Philipp,True,2015-05-29 15:46:01,2015-05-29 15:46:01
30581729,Verena,False,2021-09-19 21:57:40,2021-09-19 21:57:40
30594805,Rainer,False,2018-10-16 02:21:39,2018-10-16 02:21:39
30641409,Isabelle,False,2017-11-06 14:05:35,2017-11-06 14:05:35
30656497,Maxim,False,2021-11-14 00:13:07,2021-11-14 00:13:07
30661887,Toni,False,2017-11-10 11:15:21,2017-11-10 11:15:21
30683181,Alina,True,2020-09-16 06:53:28,2020-09-16 06:53:28
30687151,Agnieszka,False,2021-10-24 03:22:23,2021-10-24 03:22:23
30690323,Visceral,False,2019-11-12 16:58:05,2019-11-12 16:58:05
30695338,Marie-Luise,False,2021-10-26 19:22:24,2021-10-26 19:22:24
30701537,Anna,True,2015-04-17 17:57:15,2015-04-17 17:57:15
30703119,Silke-Christina,False,2021-11-13 22:47:24,2021-11-13 22:47:24
30707308,Alex,True,2020-05-24 05:04:39,2020-05-24 05:04:39
30718712,Antonia,False,2019-05-13 01:50:52,2019-05-13 01:50:52
30721321,Nina,False,2021-06-25 09:32:59,2021-06-25 09:32:59
30723892,L.,False,2016-10-06 08:04:16,2016-10-06 08:04:16
30724108,Zain,False,2016-04-29 00:11:48,2016-04-29 00:11:48
30776990,Christiane,False,2019-05-19 06:15:16,2019-05-19 06:15:16
30778641,Ahmad,False,2021-11-05 07:28:49,2021-11-05 07:28:49
30788062,Kim- Tina,False,2020-02-24 14:28:46,2020-02-24 14:28:46
30796652,Nina,False,2018-05-12 21:26:32,2018-05-12 21:26:32
30816327,Benedikt,False,2019-12-18 12:28:40,2019-12-18 12:28:40
30821530,Silvia,False,2021-07-16 18:56:16,2021-07-16 18:56:16
30821713,Mohinder,False,2015-04-28 02:21:51,2015-04-28 02:21:51
30826113,Erik,False,2021-10-27 13:18:37,2021-10-27 13:18:37
30832100,Delphine,False,2015-04-18 17:16:45,2015-04-18 17:16:45
30834036,Aleksandra,False,2017-07-15 23:39:19,2017-07-15 23:39:19
30838354,Joa,False,2017-08-27 18:34:34,2017-08-27 18:34:34
30846948,Nanette,False,2015-08-25 03:41:07,2015-08-25 03:41:07
30852763,Miriam,False,2015-04-05 04:30:06,2015-04-05 04:30:06
30864303,Michael,False,2015-08-29 18:04:55,2015-08-29 18:04:55
30886037,Sarah,False,2021-10-23 05:59:43,2021-10-23 05:59:43
30888632,Alexandra,False,2015-09-05 21:22:30,2015-09-05 21:22:30
30895485,Katharina,False,2015-05-04 02:41:25,2015-05-04 02:41:25
30898708,Anna,False,2018-07-27 22:27:43,2018-07-27 22:27:43
30919129,Jacob,False,2019-08-10 21:36:35,2019-08-10 21:36:35
30928824,Huong,False,2021-10-24 03:44:09,2021-10-24 03:44:09
30928939,Paul,False,2017-04-26 11:28:01,2017-04-26 11:28:01
30938349,F.R.,False,2016-03-30 16:19:53,2016-03-30 16:19:53
30951345,Dora,False,2021-06-30 19:43:24,2021-06-30 19:43:24
30955894,Deniz,False,2018-05-18 12:41:22,2018-05-18 12:41:22
30957235,Cecile,True,2019-09-02 18:28:38,2019-09-02 18:28:38
30959085,Vanessa Linda,False,2019-06-09 18:46:54,2019-06-09 18:46:54
30981168,Natalie,True,2015-06-01 08:59:40,2015-06-01 08:59:40
31015408,Tonia,True,2016-09-04 11:06:58,2016-09-04 11:06:58
31019677,Hae-Ok,False,2015-06-13 02:20:11,2015-06-13 02:20:11
31019964,Till,False,2021-11-02 01:27:32,2021-11-02 01:27:32
31024641,Lara,True,2019-03-21 01:49:17,2019-03-21 01:49:17
31024730,Anna,False,2017-07-28 01:23:14,2017-07-28 01:23:14
31055910,Esther,False,2021-07-15 17:49:48,2021-07-15 17:49:48
31059920,Laura,False,2019-02-09 07:49:03,2019-02-09 07:49:03
31062445,Katrin,False,2016-05-01 16:41:52,2016-05-01 16:41:52
31066617,Susanna,False,2015-05-05 21:24:22,2015-05-05 21:24:22
31070180,Carolina,False,2017-01-31 16:02:39,2017-01-31 16:02:39
31073542,Nora&Daniel,False,2015-05-05 09:37:41,2015-05-05 09:37:41
31085232,Wiebke,True,2015-07-08 18:46:53,2015-07-08 18:46:53
31109847,Helena,False,2019-05-03 12:05:48,2019-05-03 12:05:48
31124936,Tomme,False,2021-11-07 17:14:57,2021-11-07 17:14:57
31125491,Hilde,False,2016-06-29 16:11:31,2016-06-29 16:11:31
31129103,Jesse (And Johanna),False,2017-02-19 06:13:48,2017-02-19 06:13:48
31134452,Laureline,False,2015-04-29 12:27:34,2015-04-29 12:27:34
31136584,Friederike,False,2016-02-09 01:27:57,2016-02-09 01:27:57
31142790,Thomas,False,2017-05-23 04:03:09,2017-05-23 04:03:09
31142978,Arthur,True,2017-04-06 10:40:33,2017-04-06 10:40:33
31153902,Marta,False,2018-09-26 10:05:41,2018-09-26 10:05:41
31154680,Anna,False,2015-04-21 23:29:55,2015-04-21 23:29:55
31160061,Laura,False,2018-01-10 16:15:03,2018-01-10 16:15:03
31164793,Marianne,False,2015-08-23 19:24:47,2015-08-23 19:24:47
31168705,Ute,False,2015-05-14 02:27:23,2015-05-14 02:27:23
31189985,Sebastia,False,2015-06-04 16:16:12,2015-06-04 16:16:12
31190250,Philip,False,2016-03-19 06:19:01,2016-03-19 06:19:01
31205012,Zoltán,False,2015-08-23 05:04:20,2015-08-23 05:04:20
31206168,Johanna,False,2021-11-01 01:56:52,2021-11-01 01:56:52
31208043,Barbara,True,2015-04-25 09:36:52,2015-04-25 09:36:52
31209187,Christopher,False,2017-03-05 18:57:58,2017-03-05 18:57:58
31210345,Grit,False,2017-05-18 07:28:36,2017-05-18 07:28:36
31213186,Guillemette,False,2015-05-30 06:10:32,2015-05-30 06:10:32
31217613,Ramona,False,2017-07-03 06:36:34,2017-07-03 06:36:34
31265491,Shirin,False,2019-02-07 10:46:06,2019-02-07 10:46:06
31266217,Daniel,False,2015-06-01 05:02:23,2015-06-01 05:02:23
31268003,Voin,False,2018-06-20 12:08:21,2018-06-20 12:08:21
31274822,Kasja & Olga,False,2017-06-20 06:22:06,2017-06-20 06:22:06
31281588,Pablo,True,2017-08-13 19:10:42,2017-08-13 19:10:42
31289490,Franziska,False,2018-01-30 11:20:55,2018-01-30 11:20:55
31291614,Jerrit,False,2015-06-12 15:34:23,2015-06-12 15:34:23
31302562,Sascha,False,2017-12-25 11:27:25,2017-12-25 11:27:25
31315927,Christopher,False,2017-08-19 14:53:41,2017-08-19 14:53:41
31318613,Felix,False,2021-10-28 07:35:59,2021-10-28 07:35:59
31319706,Mirco,False,2015-06-18 10:55:16,2015-06-18 10:55:16
31320073,Dagmar,False,2016-07-04 00:21:12,2016-07-04 00:21:12
31324424,Elisa,False,2020-06-29 04:55:17,2020-06-29 04:55:17
31327990,Yanick,False,2020-07-30 23:14:33,2020-07-30 23:14:33
31350996,Juliana,False,2020-11-25 08:07:53,2020-11-25 08:07:53
31352375,Ajrisa,False,2016-08-03 23:57:25,2016-08-03 23:57:25
31387611,Martin,False,2021-11-09 22:01:46,2021-11-09 22:01:46
31387967,Manya,True,2016-12-30 23:05:40,2016-12-30 23:05:40
31391167,Göki,False,2018-09-09 12:56:59,2018-09-09 12:56:59
31407784,Jason,False,2016-03-04 11:18:56,2016-03-04 11:18:56
31413794,Rudolf,True,2019-04-20 01:21:26,2019-04-20 01:21:26
31420185,Patrick,False,2019-08-14 01:21:47,2019-08-14 01:21:47
31427469,Danilo,False,2019-12-26 20:55:42,2019-12-26 20:55:42
31439379,David,False,2017-11-20 10:30:50,2017-11-20 10:30:50
31447168,Anja,False,2017-07-21 20:15:40,2017-07-21 20:15:40
31452730,Mouna,False,2021-11-18 10:33:22,2021-11-18 10:33:22
31470830,Eric Albert,False,2021-11-07 08:02:03,2021-11-07 08:02:03
31495845,Sabine,False,2015-07-17 23:04:46,2015-07-17 23:04:46
31501576,Masaya,False,2021-11-03 18:31:48,2021-11-03 18:31:48
31519625,Paulina,False,2020-11-09 04:10:32,2020-11-09 04:10:32
31542672,Yanara,False,2016-03-02 09:28:17,2016-03-02 09:28:17
31543794,Dennis,False,2017-10-11 20:53:02,2017-10-11 20:53:02
31575226,Anna Giulia,False,2020-07-07 03:01:30,2020-07-07 03:01:30
31585629,Benjamin,False,2021-11-06 07:51:34,2021-11-06 07:51:34
31591181,Melanie,False,2018-07-20 21:50:32,2018-07-20 21:50:32
31591588,Aimée,False,2019-07-07 18:38:46,2019-07-07 18:38:46
31606895,Elli,False,2019-11-07 23:59:27,2019-11-07 23:59:27
31613861,David,False,2021-11-14 10:08:36,2021-11-14 10:08:36
31632107,Hanna,False,2016-02-17 09:28:35,2016-02-17 09:28:35
31638338,David & Hélène,False,2017-11-01 13:30:29,2017-11-01 13:30:29
31638796,Thérèse,False,2016-09-01 16:02:42,2016-09-01 16:02:42
31639381,Anne,True,2021-06-11 21:16:07,2021-06-11 21:16:07
31643602,Steven,False,2017-08-12 01:44:22,2017-08-12 01:44:22
31645335,Anna,False,2021-11-06 12:44:27,2021-11-06 12:44:27
31647635,Charlotte,False,2021-11-16 11:20:22,2021-11-16 11:20:22
31647879,Dayza,False,2019-07-01 15:02:49,2019-07-01 15:02:49
31654163,Johannes,False,2019-03-01 20:32:21,2019-03-01 20:32:21
31657015,Loretta,False,2016-09-11 06:24:24,2016-09-11 06:24:24
31659515,Katarina,False,2015-04-30 10:43:44,2015-04-30 10:43:44
31662110,Frederic,False,2021-11-10 18:50:53,2021-11-10 18:50:53
31668452,Lisa,False,2021-06-01 15:45:10,2021-06-01 15:45:10
31669238,Kai,False,2021-11-08 22:19:06,2021-11-08 22:19:06
31672298,Klaudija,False,2015-07-14 20:32:32,2015-07-14 20:32:32
31683132,Guillaume,True,2015-04-22 06:37:40,2015-04-22 06:37:40
31698928,Myszkowski,False,2019-10-05 09:14:30,2019-10-05 09:14:30
31704760,Gabriel,False,2021-11-11 19:22:46,2021-11-11 19:22:46
31707416,Marcus,True,2015-08-23 18:13:56,2015-08-23 18:13:56
31713048,Roberto,False,2021-10-25 20:42:31,2021-10-25 20:42:31
31724232,Narod,True,2015-07-14 17:45:16,2015-07-14 17:45:16
31729537,Nessrin,False,2021-11-05 14:38:51,2021-11-05 14:38:51
31792027,Mario,False,2019-07-11 16:24:10,2019-07-11 16:24:10
31816723,Anna Magdalena,False,2016-05-27 04:28:15,2016-05-27 04:28:15
31833654,Tom,False,2016-12-30 22:46:04,2016-12-30 22:46:04
31841743,Gert,False,2017-08-08 07:47:58,2017-08-08 07:47:58
31899086,Sapir,False,2018-12-06 11:16:29,2018-12-06 11:16:29
31950185,Gabriele,True,2017-10-03 06:27:56,2017-10-03 06:27:56
31961550,Emiliano,False,2021-11-03 10:34:47,2021-11-03 10:34:47
31961950,Anja,True,2018-04-25 03:08:56,2018-04-25 03:08:56
31976361,Gina & Georg,False,2018-06-06 01:30:40,2018-06-06 01:30:40
31980951,Marius,False,2015-05-07 21:44:02,2015-05-07 21:44:02
32007041,Mahmoud,False,2017-10-13 13:49:35,2017-10-13 13:49:35
32021063,Stefanie,True,2016-09-02 05:37:09,2016-09-02 05:37:09
32031098,Uwe,False,2018-03-15 04:26:56,2018-03-15 04:26:56
32036246,Jan,True,2019-12-20 05:47:17,2019-12-20 05:47:17
32042442,Hancock,False,2017-08-13 06:08:17,2017-08-13 06:08:17
32052575,Paola,False,2021-11-19 02:09:13,2021-11-19 02:09:13
32057232,Marcus,False,2017-09-28 08:42:04,2017-09-28 08:42:04
32067305,Georg,False,2016-03-26 01:57:12,2016-03-26 01:57:12
32072532,Inga & Golo,False,2015-07-04 09:05:33,2015-07-04 09:05:33
32079227,Mahon,False,2016-12-22 22:17:55,2016-12-22 22:17:55
32096584,Astrid,False,2021-01-13 20:19:31,2021-01-13 20:19:31
32099674,Maxi,False,2019-02-11 20:57:52,2019-02-11 20:57:52
32107742,Füchsin,False,2017-07-03 08:40:19,2017-07-03 08:40:19
32113760,Julia,False,2015-06-09 22:56:26,2015-06-09 22:56:26
32115967,Tina,False,2021-11-11 18:37:14,2021-11-11 18:37:14
32131836,César,False,2017-01-09 19:54:42,2017-01-09 19:54:42
32147333,Emilie,False,2019-04-04 07:52:28,2019-04-04 07:52:28
32154413,Michael,False,2015-05-09 09:41:56,2015-05-09 09:41:56
32190123,Tori,False,2017-08-18 03:50:15,2017-08-18 03:50:15
32190138,Pablo,False,2015-07-30 19:46:18,2015-07-30 19:46:18
32209777,Timm,False,2015-05-07 23:40:12,2015-05-07 23:40:12
32211110,Berthold,False,2018-04-24 05:04:24,2018-04-24 05:04:24
32222299,Andre,True,2015-11-15 01:46:16,2015-11-15 01:46:16
32245189,Patrick,False,2021-11-05 03:07:16,2021-11-05 03:07:16
32250470,Nastasia,False,2020-12-17 12:04:21,2020-12-17 12:04:21
32253741,Brody,False,2019-05-02 12:43:01,2019-05-02 12:43:01
32259914,Micha,False,2015-07-29 06:05:49,2015-07-29 06:05:49
32260085,Regina,True,2015-05-12 21:51:55,2015-05-12 21:51:55
32266593,Josephine,False,2015-04-30 18:43:34,2015-04-30 18:43:34
32269359,Claude,False,2015-05-31 01:38:58,2015-05-31 01:38:58
32275664,Albert,False,2017-08-13 19:02:19,2017-08-13 19:02:19
32278467,Mea,False,2017-04-10 01:55:10,2017-04-10 01:55:10
32281055,William,False,2017-09-22 23:14:04,2017-09-22 23:14:04
32327486,Jana,False,2021-11-02 17:39:30,2021-11-02 17:39:30
32342011,Camilla,False,2018-05-29 18:28:46,2018-05-29 18:28:46
32374841,Felix,False,2016-01-24 22:08:44,2016-01-24 22:08:44
32394762,Fabian,False,2021-04-25 10:08:20,2021-04-25 10:08:20
32399843,Varun,False,2016-07-07 14:02:27,2016-07-07 14:02:27
32401760,Thomas,False,2015-06-05 19:41:17,2015-06-05 19:41:17
32408628,Marlene,True,2018-09-14 14:31:02,2018-09-14 14:31:02
32412080,Elena,False,2015-05-21 01:53:49,2015-05-21 01:53:49
32438295,Theo,True,2019-12-11 08:28:14,2019-12-11 08:28:14
32440760,Jana,False,2015-06-27 00:45:04,2015-06-27 00:45:04
32482556,Anke,True,2015-05-26 11:16:40,2015-05-26 11:16:40
32503335,Nadine,False,2021-11-14 17:31:40,2021-11-14 17:31:40
32526116,Giulio,False,2015-08-18 17:51:28,2015-08-18 17:51:28
32531380,Gregor,False,2021-06-15 19:54:18,2021-06-15 19:54:18
32555978,David,False,2015-05-10 13:30:01,2015-05-10 13:30:01
32566727,Gianna,False,2016-10-21 15:30:05,2016-10-21 15:30:05
32580072,Sandro,False,2021-10-25 13:55:04,2021-10-25 13:55:04
32597134,Salomon,False,2015-09-16 00:50:46,2015-09-16 00:50:46
32607161,Franz,False,2015-06-01 10:23:32,2015-06-01 10:23:32
32616414,Carsten,False,2017-08-28 21:51:20,2017-08-28 21:51:20
32616638,Daniel,False,2018-08-13 05:27:16,2018-08-13 05:27:16
32642652,Sunara Magdalena,False,2015-05-08 23:29:07,2015-05-08 23:29:07
32647433,Frances,False,2015-05-23 03:17:55,2015-05-23 03:17:55
32660109,Lukas,False,2015-05-05 17:58:21,2015-05-05 17:58:21
32660188,Larissa,False,2019-11-08 02:16:38,2019-11-08 02:16:38
32670094,Paul,False,2016-05-19 02:46:43,2016-05-19 02:46:43
32701941,Felix,False,2015-05-05 04:29:23,2015-05-05 04:29:23
32729566,Kerem,False,2019-02-03 13:20:21,2019-02-03 13:20:21
32739161,Lotta,False,2021-10-25 07:55:32,2021-10-25 07:55:32
32740075,Jeremias,False,2017-10-23 15:13:15,2017-10-23 15:13:15
32743333,Aylin,False,2020-04-14 08:10:55,2020-04-14 08:10:55
32743922,Caroline,False,2016-07-24 21:30:08,2016-07-24 21:30:08
32746075,Sebastian,False,2019-05-12 23:08:30,2019-05-12 23:08:30
32750290,Yvonne,False,2019-01-10 02:18:21,2019-01-10 02:18:21
32767221,Andrew,False,2021-09-08 15:16:36,2021-09-08 15:16:36
32783756,Simon,False,2020-02-01 22:53:54,2020-02-01 22:53:54
32784244,Christa,True,2019-12-29 06:19:49,2019-12-29 06:19:49
32805271,Jorge Juan,False,2018-07-24 16:12:45,2018-07-24 16:12:45
32809462,Greta,False,2015-04-30 10:46:28,2015-04-30 10:46:28
32827789,Michel,False,2015-05-21 18:13:58,2015-05-21 18:13:58
32827919,David,False,2020-01-03 23:31:12,2020-01-03 23:31:12
32838295,Tanja,False,2015-05-28 14:41:16,2015-05-28 14:41:16
32845166,Alexey,False,2019-09-11 17:16:09,2019-09-11 17:16:09
32851183,Bernd,False,2021-10-30 22:12:42,2021-10-30 22:12:42
32854189,Tony,False,2021-10-24 03:42:34,2021-10-24 03:42:34
32867728,Daniel,False,2019-12-23 13:36:05,2019-12-23 13:36:05
32884160,Bettina,False,2021-11-08 10:52:22,2021-11-08 10:52:22
32885241,Benjamin,False,2015-05-29 16:15:06,2015-05-29 16:15:06
32885341,Suse,False,2021-11-09 20:02:28,2021-11-09 20:02:28
32888190,Sebastian,False,2019-12-01 01:02:32,2019-12-01 01:02:32
32893834,Steffen,True,2016-02-29 08:40:44,2016-02-29 08:40:44
32893855,Aurelia,False,2015-05-16 07:53:48,2015-05-16 07:53:48
32899971,Laura,False,2017-04-25 20:44:09,2017-04-25 20:44:09
32900474,Anne-Sophie,False,2021-11-13 23:34:21,2021-11-13 23:34:21
32901587,Wolfgang,True,2016-10-27 10:17:43,2016-10-27 10:17:43
32903414,Hannah,False,2016-04-26 16:18:40,2016-04-26 16:18:40
32905345,Wolf,False,2021-10-25 04:22:26,2021-10-25 04:22:26
32916140,Dajana,False,2021-11-18 01:58:21,2021-11-18 01:58:21
32928035,Julian,False,2016-08-22 16:31:01,2016-08-22 16:31:01
32943498,Claudia,False,2016-04-17 05:58:53,2016-04-17 05:58:53
32956641,Siebe,True,2016-09-12 19:46:46,2016-09-12 19:46:46
32959323,Sarah,False,2015-05-11 06:09:21,2015-05-11 06:09:21
32959626,Joe,False,2017-10-28 17:52:15,2017-10-28 17:52:15
32976710,Sasha,False,2021-11-04 05:09:42,2021-11-04 05:09:42
32980061,Luis + Luise,False,2019-01-16 23:48:56,2019-01-16 23:48:56
33016004,Janine,False,2021-08-26 08:51:04,2021-08-26 08:51:04
33017673,Rosa,False,2021-08-11 13:58:58,2021-08-11 13:58:58
33027613,Franziska,False,2018-05-11 14:40:45,2018-05-11 14:40:45
33028115,Ingrid,True,2015-07-08 06:53:31,2015-07-08 06:53:31
33041893,Andrea,False,2018-10-17 03:57:36,2018-10-17 03:57:36
33044344,Ilan,False,2017-10-06 06:38:55,2017-10-06 06:38:55
33062083,Jonas,False,2017-04-17 03:48:50,2017-04-17 03:48:50
33081599,Beate,False,2015-08-08 10:20:58,2015-08-08 10:20:58
33085924,Dominik,False,2017-09-09 00:41:57,2017-09-09 00:41:57
33094862,Rike,False,2016-12-29 17:19:13,2016-12-29 17:19:13
33095196,Mads,False,2016-03-02 06:04:39,2016-03-02 06:04:39
33098728,Florian,False,2017-10-01 13:16:43,2017-10-01 13:16:43
33104828,Armando,True,2016-12-23 15:35:40,2016-12-23 15:35:40
33111430,Sören,False,2015-05-14 21:33:48,2015-05-14 21:33:48
33117159,Keno,False,2021-10-29 06:57:54,2021-10-29 06:57:54
33126965,Valeria,False,2021-07-02 19:02:05,2021-07-02 19:02:05
33129900,Jérôme,False,2018-02-23 20:07:30,2018-02-23 20:07:30
33133305,Miriam,False,2015-09-07 07:22:27,2015-09-07 07:22:27
33139418,Elizabeth,False,2019-05-23 21:04:17,2019-05-23 21:04:17
33140698,Taissa,False,2017-08-16 13:00:58,2017-08-16 13:00:58
33141839,Richard,False,2017-01-08 10:10:23,2017-01-08 10:10:23
33144827,Johanna,False,2015-06-23 03:35:27,2015-06-23 03:35:27
33149863,Jaromir,False,2021-11-14 14:35:57,2021-11-14 14:35:57
33172621,Katja,False,2015-05-26 18:16:30,2015-05-26 18:16:30
33212040,Stuart,False,2021-11-13 00:38:01,2021-11-13 00:38:01
33213390,Nicola,False,2021-11-02 05:03:51,2021-11-02 05:03:51
33216537,Elad,False,2021-08-16 19:42:37,2021-08-16 19:42:37
33225400,Hanna,False,2015-05-26 00:02:26,2015-05-26 00:02:26
33226272,Antonia,False,2021-11-10 18:26:54,2021-11-10 18:26:54
33231224,Ruth,False,2019-04-15 22:20:11,2019-04-15 22:20:11
33256029,Sammy,False,2016-01-28 21:03:57,2016-01-28 21:03:57
33259260,Maximilian,False,2017-05-20 06:08:19,2017-05-20 06:08:19
33263166,Doreen,False,2015-07-27 05:22:58,2015-07-27 05:22:58
33270660,Carla,False,2016-07-12 23:00:09,2016-07-12 23:00:09
33276608,Cristina,False,2019-11-24 16:29:00,2019-11-24 16:29:00
33283840,Felix,False,2015-08-04 22:47:08,2015-08-04 22:47:08
33333471,Nesrin,False,2021-08-24 10:14:40,2021-08-24 10:14:40
33336022,Cerstin,False,2018-01-15 18:46:44,2018-01-15 18:46:44
33337866,Elisa,False,2015-07-17 23:15:56,2015-07-17 23:15:56
33345569,Sophie,False,2021-10-30 18:05:31,2021-10-30 18:05:31
33349791,Julius,True,2017-02-15 14:16:07,2017-02-15 14:16:07
33350475,Dirk,False,2015-07-15 03:21:24,2015-07-15 03:21:24
33357857,Francesco,False,2015-06-09 13:42:02,2015-06-09 13:42:02
33369659,Philine,False,2019-07-13 07:32:05,2019-07-13 07:32:05
33373573,Irene,False,2019-05-14 18:26:41,2019-05-14 18:26:41
33405965,Ulrike,True,2016-02-12 13:13:33,2016-02-12 13:13:33
33419967,남명,False,2018-09-19 02:44:20,2018-09-19 02:44:20
33423679,Nimrod,False,2021-11-11 00:45:04,2021-11-11 00:45:04
33432331,Daniel,False,2018-08-24 12:42:47,2018-08-24 12:42:47
33434584,Ramon,False,2021-05-24 21:19:07,2021-05-24 21:19:07
33474420,Peter,False,2021-10-28 17:10:52,2021-10-28 17:10:52
33502110,Christine,False,2021-11-06 09:41:39,2021-11-06 09:41:39
33533958,Douglas,False,2020-02-22 03:44:54,2020-02-22 03:44:54
33552242,Theresa,False,2021-10-22 23:22:32,2021-10-22 23:22:32
33553640,Nora,False,2015-05-23 16:50:45,2015-05-23 16:50:45
33554620,Wolfgang,False,2021-10-31 21:45:12,2021-10-31 21:45:12
33561973,Jakob-Johannes,False,2020-09-11 23:42:19,2020-09-11 23:42:19
33563914,Barbara Und Gerrit,False,2021-11-08 10:57:14,2021-11-08 10:57:14
33566105,Laura & Florian,False,2019-06-27 20:15:33,2019-06-27 20:15:33
33587771,Lina Yasmin,True,2018-07-28 21:11:33,2018-07-28 21:11:33
33597005,Diana,False,2020-07-24 03:12:11,2020-07-24 03:12:11
33645949,Petr,False,2021-07-06 09:44:03,2021-07-06 09:44:03
33697325,Katharina,False,2019-05-19 13:17:56,2019-05-19 13:17:56
33708568,Julien,False,2015-06-02 14:24:12,2015-06-02 14:24:12
33719888,Francesca,False,2015-05-29 08:45:17,2015-05-29 08:45:17
33748464,Fadi,False,2015-05-16 07:26:30,2015-05-16 07:26:30
33754861,Ellen,False,2021-11-08 16:31:18,2021-11-08 16:31:18
33767700,Nora,True,2015-05-18 10:10:37,2015-05-18 10:10:37
33769583,Katharina,False,2017-08-12 00:06:40,2017-08-12 00:06:40
33800333,Laura,True,2021-08-07 17:08:06,2021-08-07 17:08:06
33803398,Claudine,False,2017-06-11 05:27:08,2017-06-11 05:27:08
33821412,Allan,False,2019-11-22 11:15:25,2019-11-22 11:15:25
33821824,Alexandra,False,2017-12-16 16:06:32,2017-12-16 16:06:32
33836949,Musina,False,2017-03-05 10:30:09,2017-03-05 10:30:09
33849004,Nadja,False,2019-06-07 12:18:29,2019-06-07 12:18:29
33882407,Ines Anna,False,2021-11-02 18:58:23,2021-11-02 18:58:23
33889327,Dagmar,False,2015-08-22 16:42:41,2015-08-22 16:42:41
33909722,Kai,False,2015-06-18 10:22:08,2015-06-18 10:22:08
33912755,Bettina,False,2018-06-02 22:27:03,2018-06-02 22:27:03
33913474,Ariane,False,2017-06-21 08:30:01,2017-06-21 08:30:01
33929884,Delia,False,2018-12-20 18:41:16,2018-12-20 18:41:16
33965000,Andreas,False,2017-10-03 21:04:00,2017-10-03 21:04:00
33971648,Britt,False,2021-11-15 02:27:47,2021-11-15 02:27:47
33973436,Katharina,False,2019-12-04 11:16:41,2019-12-04 11:16:41
33980261,Anika,False,2015-09-01 09:12:49,2015-09-01 09:12:49
33984983,Sarah,False,2015-06-09 14:42:20,2015-06-09 14:42:20
33985864,Sara,False,2017-01-15 04:24:09,2017-01-15 04:24:09
33994140,Anja,False,2015-07-30 12:46:51,2015-07-30 12:46:51
33994249,Anne-Katharina,False,2019-08-30 01:49:06,2019-08-30 01:49:06
34006291,Trajan,False,2021-11-17 18:32:33,2021-11-17 18:32:33
34042528,Prateek,False,2021-11-13 00:08:22,2021-11-13 00:08:22
34106903,Kira,False,2018-11-08 00:52:27,2018-11-08 00:52:27
34110621,Jana,False,2019-10-01 01:54:56,2019-10-01 01:54:56
34110693,Dina,True,2020-06-21 11:43:00,2020-06-21 11:43:00
34118101,Tom,False,2017-07-20 09:37:53,2017-07-20 09:37:53
34123893,Marie,False,2020-02-10 15:20:50,2020-02-10 15:20:50
34126191,Julia,True,2020-06-27 21:33:52,2020-06-27 21:33:52
34126795,Linn,True,2019-09-27 07:44:56,2019-09-27 07:44:56
34177138,Omid,False,2020-03-03 10:52:56,2020-03-03 10:52:56
34212299,Lucas,False,2017-07-11 23:59:36,2017-07-11 23:59:36
34212701,Slava,False,2015-06-11 10:33:09,2015-06-11 10:33:09
34217348,Jakob,False,2018-04-14 01:08:42,2018-04-14 01:08:42
34220011,Chantal,False,2015-07-18 08:06:51,2015-07-18 08:06:51
34239959,Susann,False,2016-10-20 03:02:18,2016-10-20 03:02:18
34257704,Sascha,False,2016-09-10 09:19:38,2016-09-10 09:19:38
34268809,Katy,False,2016-12-29 12:03:11,2016-12-29 12:03:11
34299847,David,False,2021-11-17 01:04:49,2021-11-17 01:04:49
34304853,Tatjana,False,2016-02-02 04:36:54,2016-02-02 04:36:54
34336191,Yvonne,True,2019-12-28 01:54:57,2019-12-28 01:54:57
34349999,Arno,True,2015-06-07 07:21:47,2015-06-07 07:21:47
34350788,Edison,False,2021-08-12 18:40:56,2021-08-12 18:40:56
34361673,Henrike,False,2016-05-10 04:06:59,2016-05-10 04:06:59
34383750,Linda,False,2016-02-05 04:00:00,2016-02-05 04:00:00
34385521,René,False,2017-06-04 18:39:55,2017-06-04 18:39:55
34416697,Katharina,False,2021-11-04 07:02:34,2021-11-04 07:02:34
34423444,Lena Marie,False,2021-10-23 09:49:51,2021-10-23 09:49:51
34430690,Denise,True,2018-11-17 00:45:04,2018-11-17 00:45:04
34439954,Linus,False,2016-08-22 00:31:12,2016-08-22 00:31:12
34445269,Estrella,False,2015-12-21 08:16:53,2015-12-21 08:16:53
34467405,K,False,2017-05-09 01:51:35,2017-05-09 01:51:35
34467924,Anne,False,2015-07-28 12:46:06,2015-07-28 12:46:06
34468522,True,False,2018-03-28 16:23:14,2018-03-28 16:23:14
34492926,Martina,False,2016-03-24 04:41:36,2016-03-24 04:41:36
34496306,Cyrus,False,2017-08-07 06:17:57,2017-08-07 06:17:57
34498420,Maria,False,2018-09-03 20:04:09,2018-09-03 20:04:09
34509021,Dominik,False,2015-05-28 20:54:08,2015-05-28 20:54:08
34509173,Diana,False,2017-08-05 14:48:56,2017-08-05 14:48:56
34534523,Marie,False,2015-07-20 09:47:07,2015-07-20 09:47:07
34537843,Anita,True,2020-01-04 02:57:14,2020-01-04 02:57:14
34539366,Noemi,False,2021-11-02 16:15:19,2021-11-02 16:15:19
34539507,Jonas & Esther,False,2021-11-10 22:34:08,2021-11-10 22:34:08
34544155,Paolo,False,2021-10-25 00:48:28,2021-10-25 00:48:28
34547100,Ted,False,2015-08-31 07:30:32,2015-08-31 07:30:32
34555953,Julian,False,2015-11-24 12:24:32,2015-11-24 12:24:32
34574520,Marie,False,2021-11-02 01:16:46,2021-11-02 01:16:46
34596621,Michael,False,2016-09-19 18:54:47,2016-09-19 18:54:47
34631133,Laura,False,2020-10-12 02:50:13,2020-10-12 02:50:13
34631266,Isabell,False,2015-08-11 16:59:58,2015-08-11 16:59:58
34631971,Baldur,False,2018-02-16 06:37:13,2018-02-16 06:37:13
34633661,Charlotte,False,2016-04-22 22:24:35,2016-04-22 22:24:35
34652185,Alexandra,False,2017-08-07 21:48:43,2017-08-07 21:48:43
34664359,Julia,False,2019-04-17 00:13:36,2019-04-17 00:13:36
34685881,Sabine,False,2015-06-09 22:04:01,2015-06-09 22:04:01
34692810,Eva,False,2021-10-22 02:05:37,2021-10-22 02:05:37
34708804,Alex,False,2017-03-06 22:53:02,2017-03-06 22:53:02
34716896,Fabrice,False,2015-06-03 07:27:00,2015-06-03 07:27:00
34729204,Franziska,False,2015-07-27 23:56:46,2015-07-27 23:56:46
34733563,Anna,False,2018-07-19 01:26:35,2018-07-19 01:26:35
34750962,Matthias,False,2017-05-17 21:42:44,2017-05-17 21:42:44
34754601,Gabriele,False,2017-01-26 10:57:05,2017-01-26 10:57:05
34755334,Sandra,False,2015-06-10 18:42:28,2015-06-10 18:42:28
34756082,Alexandra,False,2019-08-20 03:01:59,2019-08-20 03:01:59
34765706,Ruben,False,2021-11-01 11:31:17,2021-11-01 11:31:17
34767549,Jennifer,False,2017-07-18 18:21:24,2017-07-18 18:21:24
34797363,Prem,False,2021-11-14 18:13:04,2021-11-14 18:13:04
34801484,Daria,False,2018-03-18 06:20:28,2018-03-18 06:20:28
34808186,Valentine,False,2017-02-27 21:54:22,2017-02-27 21:54:22
34813483,Pia,False,2021-08-23 05:17:35,2021-08-23 05:17:35
34814249,Philip Martin,False,2015-06-01 21:09:55,2015-06-01 21:09:55
34821755,Leif,False,2021-11-15 19:15:44,2021-11-15 19:15:44
34841205,Agnessa,False,2020-03-01 22:31:20,2020-03-01 22:31:20
34846299,Sören,True,2015-07-16 22:17:26,2015-07-16 22:17:26
34851217,Sofia,True,2019-02-15 15:42:54,2019-02-15 15:42:54
34853878,Barbara,False,2015-07-18 14:54:19,2015-07-18 14:54:19
34853890,Mehmet,False,2021-10-31 13:30:23,2021-10-31 13:30:23
34868602,Dimitri,False,2015-07-19 01:00:44,2015-07-19 01:00:44
34887800,Eva,False,2017-09-21 12:14:03,2017-09-21 12:14:03
34889624,Uta,False,2018-05-27 12:06:10,2018-05-27 12:06:10
34890137,Sezai,False,2021-10-23 02:02:16,2021-10-23 02:02:16
34895928,Lara,False,2015-06-09 08:23:50,2015-06-09 08:23:50
34897888,Helene,False,2015-06-05 02:15:28,2015-06-05 02:15:28
34914724,François,False,2015-06-04 13:08:35,2015-06-04 13:08:35
34921895,Tom,False,2021-10-24 09:08:43,2021-10-24 09:08:43
34936294,Melissa,False,2015-12-19 14:01:09,2015-12-19 14:01:09
34970450,Boian,True,2017-03-25 05:42:35,2017-03-25 05:42:35
34978107,Sascha,False,2021-11-09 22:10:23,2021-11-09 22:10:23
34979920,Birgit,False,2015-06-03 02:59:27,2015-06-03 02:59:27
34985661,Julian,False,2015-06-03 13:15:35,2015-06-03 13:15:35
34996791,Max,False,2018-02-20 06:54:15,2018-02-20 06:54:15
35017363,Farsad,False,2017-06-04 06:57:51,2017-06-04 06:57:51
35024779,Claudio Klaus,True,2015-09-26 08:23:56,2015-09-26 08:23:56
35043038,Oliver,False,2015-08-11 08:47:16,2015-08-11 08:47:16
35052693,Max,False,2021-10-23 14:09:24,2021-10-23 14:09:24
35067836,Natascha,False,2021-10-30 00:28:47,2021-10-30 00:28:47
35084902,Carsten,False,2015-07-26 12:15:50,2015-07-26 12:15:50
35087981,Liad,False,2018-03-24 16:23:35,2018-03-24 16:23:35
35088169,Sveaa,False,2018-04-17 09:11:41,2018-04-17 09:11:41
35091252,Cinzia & Poyraz,False,2015-06-24 09:22:44,2015-06-24 09:22:44
35119823,Susana,False,2015-06-04 20:01:41,2015-06-04 20:01:41
35120640,Arata,False,2015-12-03 03:07:00,2015-12-03 03:07:00
35120985,Ta,False,2021-11-16 13:13:19,2021-11-16 13:13:19
35121227,Nora,False,2021-11-15 07:40:51,2021-11-15 07:40:51
35123699,Beke,False,2015-07-17 12:30:10,2015-07-17 12:30:10
35130445,,,2021-10-30 03:47:05,2021-10-30 03:47:05
35141127,Angie,False,2020-09-07 14:06:02,2020-09-07 14:06:02
35143873,Angelika,False,2015-08-07 20:46:43,2015-08-07 20:46:43
35146426,Clara,False,2021-11-18 19:18:22,2021-11-18 19:18:22
35208173,Patrick,False,2016-03-31 13:19:25,2016-03-31 13:19:25
35226259,Franziska,False,2015-11-23 13:50:02,2015-11-23 13:50:02
35232007,Juditha,False,2021-10-21 03:45:16,2021-10-21 03:45:16
35272855,Kim,False,2018-07-04 12:42:57,2018-07-04 12:42:57
35275726,Gaby,True,2017-01-31 16:56:01,2017-01-31 16:56:01
35278695,Felix,False,2015-08-13 01:51:56,2015-08-13 01:51:56
35285008,Dieter,False,2017-06-25 10:02:57,2017-06-25 10:02:57
35306439,Yorgos,True,2019-11-25 09:44:08,2019-11-25 09:44:08
35310069,Tristan,False,2017-12-31 08:19:23,2017-12-31 08:19:23
35362254,Oliver,False,2017-05-22 18:16:26,2017-05-22 18:16:26
35362806,Marcos,False,2016-12-30 10:02:39,2016-12-30 10:02:39
35366599,Jakob,False,2018-08-04 14:36:17,2018-08-04 14:36:17
35372661,Iva,False,2016-04-29 07:20:35,2016-04-29 07:20:35
35373901,Philipp,True,2015-06-21 21:06:19,2015-06-21 21:06:19
35400575,Venus,False,2015-10-14 03:57:41,2015-10-14 03:57:41
35401695,Hanna,False,2017-05-26 00:10:39,2017-05-26 00:10:39
35405346,Kevin,False,2021-07-31 21:59:50,2021-07-31 21:59:50
35405767,Aris,False,2021-09-27 17:38:59,2021-09-27 17:38:59
35406956,Andras,False,2019-11-28 07:59:52,2019-11-28 07:59:52
35413428,Jorge,False,2021-11-08 23:59:39,2021-11-08 23:59:39
35419248,Johannes,False,2018-01-24 20:42:21,2018-01-24 20:42:21
35420973,Nicolás,False,2015-10-09 20:28:46,2015-10-09 20:28:46
35451925,Claudia,False,2019-04-30 08:17:45,2019-04-30 08:17:45
35452711,Fred,False,2015-08-22 10:53:38,2015-08-22 10:53:38
35456832,Sebastian,False,2021-08-27 14:12:50,2021-08-27 14:12:50
35471400,Magdalena,False,2015-07-15 11:10:13,2015-07-15 11:10:13
35475023,Milan,False,2019-08-07 19:21:19,2019-08-07 19:21:19
35493372,M,False,2015-06-09 02:09:17,2015-06-09 02:09:17
35502976,Dagmar Vera Ute,True,2015-12-19 20:41:58,2015-12-19 20:41:58
35526545,Ricardo,False,2019-08-28 12:03:12,2019-08-28 12:03:12
35531782,Thao,False,2019-06-04 06:29:28,2019-06-04 06:29:28
35535728,Anamika,False,2020-11-11 12:07:40,2020-11-11 12:07:40
35542134,Agata,False,2018-07-30 04:41:11,2018-07-30 04:41:11
35545094,Jose,False,2016-06-27 05:56:02,2016-06-27 05:56:02
35545913,Sophie M.,False,2021-11-09 12:17:46,2021-11-09 12:17:46
35546961,Valeriya,False,2015-09-06 03:25:20,2015-09-06 03:25:20
35560410,André,False,2017-02-24 12:58:05,2017-02-24 12:58:05
35561335,Palina,False,2015-07-08 21:09:16,2015-07-08 21:09:16
35563615,Henrike,False,2020-02-13 05:56:20,2020-02-13 05:56:20
35574625,Nadine,False,2018-12-31 14:49:14,2018-12-31 14:49:14
35583987,Christoph,False,2015-06-20 21:52:25,2015-06-20 21:52:25
35584131,Amndeep,False,2020-07-30 21:31:19,2020-07-30 21:31:19
35594166,A.G.,False,2017-11-14 10:14:55,2017-11-14 10:14:55
35612256,Maren,False,2021-10-23 04:55:22,2021-10-23 04:55:22
35615312,Jesi,False,2016-04-28 05:14:47,2016-04-28 05:14:47
35615646,Klemens & Masuda,True,2019-02-20 19:45:46,2019-02-20 19:45:46
35617784,Pauli,False,2017-07-03 17:47:15,2017-07-03 17:47:15
35619103,Ade,False,2015-09-29 09:15:57,2015-09-29 09:15:57
35622952,Stefan,False,2017-08-22 00:59:50,2017-08-22 00:59:50
35630833,Sylvia,False,2021-11-16 07:39:24,2021-11-16 07:39:24
35637358,Leonard,False,2018-02-01 22:15:33,2018-02-01 22:15:33
35656106,Marc,False,2021-11-02 10:48:12,2021-11-02 10:48:12
35744536,Jeremy Björn,False,2019-09-15 16:02:48,2019-09-15 16:02:48
35755179,Ksenia,False,2019-09-16 05:42:31,2019-09-16 05:42:31
35756433,Guillaume,False,2021-11-15 00:35:12,2021-11-15 00:35:12
35760401,Anne,False,2016-04-23 16:15:35,2016-04-23 16:15:35
35764805,Nina,False,2015-06-15 18:58:05,2015-06-15 18:58:05
35767561,Nadja,False,2019-10-02 04:45:45,2019-10-02 04:45:45
35771183,Guillaume,False,2019-11-01 11:31:47,2019-11-01 11:31:47
35793860,Teresa,False,2018-04-22 20:20:06,2018-04-22 20:20:06
35801799,Johanna,False,2015-09-16 22:52:29,2015-09-16 22:52:29
35803617,Mirac,False,2018-10-03 11:16:51,2018-10-03 11:16:51
35803835,Boris,True,2015-07-05 21:47:08,2015-07-05 21:47:08
35806623,Sebastian,False,2016-03-29 22:56:04,2016-03-29 22:56:04
35807107,Claudia,False,2017-01-22 17:04:44,2017-01-22 17:04:44
35818439,Elle,False,2019-06-08 00:10:31,2019-06-08 00:10:31
35841570,Fonger,False,2021-10-31 02:48:50,2021-10-31 02:48:50
35847715,Valentina,False,2021-10-23 12:01:27,2021-10-23 12:01:27
35848962,Linda,False,2015-06-25 02:39:21,2015-06-25 02:39:21
35851817,Friederike,False,2021-11-17 23:00:42,2021-11-17 23:00:42
35877170,Nasco,True,2015-07-01 15:27:49,2015-07-01 15:27:49
35880089,Khachatur,True,2016-08-09 10:18:20,2016-08-09 10:18:20
35883283,Ritchie,False,2021-11-02 04:37:21,2021-11-02 04:37:21
35888793,Donner,False,2015-08-25 11:41:48,2015-08-25 11:41:48
35890164,Theresa,False,2015-06-17 21:34:56,2015-06-17 21:34:56
35934532,Kadir,False,2016-10-23 05:23:29,2016-10-23 05:23:29
35936948,Nadine,False,2015-07-04 13:30:52,2015-07-04 13:30:52
35947647,Olha,False,2018-02-14 13:36:07,2018-02-14 13:36:07
35962833,Liliana,False,2016-03-29 04:17:43,2016-03-29 04:17:43
35976519,Laurence,False,2015-08-15 12:05:26,2015-08-15 12:05:26
35977889,Mona,False,2021-07-21 19:58:29,2021-07-21 19:58:29
35984762,Lutz,False,2017-10-24 10:31:00,2017-10-24 10:31:00
35986852,Judith,False,2015-07-25 10:51:13,2015-07-25 10:51:13
36013622,Barbara,False,2016-11-25 12:49:46,2016-11-25 12:49:46
36013814,Martin,True,2016-02-17 08:34:02,2016-02-17 08:34:02
36018558,John,False,2020-09-22 16:48:49,2020-09-22 16:48:49
36018750,Oinotna,False,2016-02-09 13:31:51,2016-02-09 13:31:51
36027840,Mascha,False,2015-06-30 16:45:15,2015-06-30 16:45:15
36029650,Claude,False,2015-09-02 16:12:49,2015-09-02 16:12:49
36030445,Christin,False,2015-07-04 15:46:00,2015-07-04 15:46:00
36031710,Maria-Antonia,False,2016-06-10 16:03:54,2016-06-10 16:03:54
36034311,Benedikt,False,2020-01-02 01:37:34,2020-01-02 01:37:34
36104251,Jessika,False,2016-03-12 13:49:19,2016-03-12 13:49:19
36110684,Karin,True,2018-10-31 11:26:30,2018-10-31 11:26:30
36113480,Sinah,False,2015-07-15 23:15:56,2015-07-15 23:15:56
36114120,Jonas,False,2017-02-13 12:23:44,2017-02-13 12:23:44
36118047,Nicole,False,2015-07-05 00:38:38,2015-07-05 00:38:38
36147033,Hauke,False,2018-05-16 15:18:50,2018-05-16 15:18:50
36158287,Anna,False,2021-10-29 06:06:19,2021-10-29 06:06:19
36184032,Ruslan,False,2016-11-27 15:33:03,2016-11-27 15:33:03
36227461,Julian,False,2019-09-09 23:26:48,2019-09-09 23:26:48
36228447,Lilli,False,2021-11-13 20:34:01,2021-11-13 20:34:01
36258305,Simen,False,2021-11-04 20:30:47,2021-11-04 20:30:47
36289036,Aleksandra,False,2016-05-30 10:54:58,2016-05-30 10:54:58
36320161,Lena,False,2015-07-11 01:58:18,2015-07-11 01:58:18
36323530,Judith,False,2015-07-24 17:23:11,2015-07-24 17:23:11
36333400,Emre,False,2020-11-24 00:25:01,2020-11-24 00:25:01
36337433,Rafał,False,2015-07-20 12:37:57,2015-07-20 12:37:57
36338070,Umberto,False,2015-07-02 09:59:26,2015-07-02 09:59:26
36345590,Isolde,True,2015-07-09 20:08:04,2015-07-09 20:08:04
36364923,Ma,False,2021-11-16 07:00:41,2021-11-16 07:00:41
36365982,Anton,False,2021-11-10 03:28:20,2021-11-10 03:28:20
36369816,Sofia,False,2015-07-13 16:10:42,2015-07-13 16:10:42
36372814,Marie,True,2017-04-09 16:27:18,2017-04-09 16:27:18
36376497,Saber,False,2021-11-14 06:48:34,2021-11-14 06:48:34
36382515,Mairi-Jane,False,2021-06-03 19:40:56,2021-06-03 19:40:56
36428210,Mats,False,2017-08-06 03:48:32,2017-08-06 03:48:32
36429331,Mokka,False,2021-10-26 17:48:25,2021-10-26 17:48:25
36439690,Dylan,False,2015-08-19 16:29:17,2015-08-19 16:29:17
36451885,Felix,False,2019-09-03 00:46:13,2019-09-03 00:46:13
36461891,Ekaterina,False,2016-06-20 05:26:09,2016-06-20 05:26:09
36470276,Lorenz,False,2021-10-28 11:56:52,2021-10-28 11:56:52
36474199,Nina,False,2017-06-24 16:35:45,2017-06-24 16:35:45
36490143,Marie,True,2016-04-09 07:24:25,2016-04-09 07:24:25
36504972,Richard,False,2018-03-01 08:15:28,2018-03-01 08:15:28
36506009,Verena,False,2019-08-17 06:01:22,2019-08-17 06:01:22
36512462,Tilly,False,2015-06-26 17:52:55,2015-06-26 17:52:55
36514505,Melissa,False,2015-09-08 23:31:28,2015-09-08 23:31:28
36516684,Anja,False,2020-03-23 14:18:38,2020-03-23 14:18:38
36517313,Katja,True,2015-08-14 16:00:42,2015-08-14 16:00:42
36550214,Naja,False,2021-10-26 10:01:48,2021-10-26 10:01:48
36566721,Giulio,False,2017-07-05 02:07:09,2017-07-05 02:07:09
36568960,Julia,False,2020-03-06 17:12:11,2020-03-06 17:12:11
36581242,Maschinka,False,2015-07-21 06:18:10,2015-07-21 06:18:10
36599515,Anna,False,2020-01-08 04:54:37,2020-01-08 04:54:37
36606075,Giang,False,2021-11-12 16:17:26,2021-11-12 16:17:26
36608618,Julia,False,2021-10-27 04:49:33,2021-10-27 04:49:33
36616346,Katja,False,2017-09-03 23:22:02,2017-09-03 23:22:02
36624804,Stefan & Sabine,True,2017-10-07 20:39:17,2017-10-07 20:39:17
36632479,Samuel,False,2021-11-01 06:10:45,2021-11-01 06:10:45
36634705,Claudia,False,2019-10-23 13:47:23,2019-10-23 13:47:23
36653792,Caren,False,2017-04-17 07:57:51,2017-04-17 07:57:51
36656051,Dorina,False,2016-10-28 05:43:42,2016-10-28 05:43:42
36660651,Betty,False,2021-08-20 20:34:34,2021-08-20 20:34:34
36664645,Alice,False,2019-07-29 07:53:01,2019-07-29 07:53:01
36693162,Verena,False,2015-08-28 19:02:12,2015-08-28 19:02:12
36697653,Jenni Lia,False,2021-11-05 09:58:46,2021-11-05 09:58:46
36722593,Richard,False,2018-01-27 13:01:55,2018-01-27 13:01:55
36762019,Andre,True,2015-10-22 23:46:30,2015-10-22 23:46:30
36775049,Borghildur,False,2021-10-30 23:11:13,2021-10-30 23:11:13
36775431,Elena,False,2019-10-15 09:23:41,2019-10-15 09:23:41
36778252,Anna,False,2017-04-06 19:35:47,2017-04-06 19:35:47
36784064,Mäwia,False,2021-11-16 05:05:59,2021-11-16 05:05:59
36801825,Christian,False,2015-08-07 00:54:15,2015-08-07 00:54:15
36805623,Christopher,False,2018-03-27 07:42:55,2018-03-27 07:42:55
36808312,Patrick,False,2017-02-04 17:30:09,2017-02-04 17:30:09
36810842,Nacho,False,2021-08-17 04:40:36,2021-08-17 04:40:36
36845072,Liza Frieda,False,2017-08-20 22:41:53,2017-08-20 22:41:53
36848898,Joana,False,2015-07-20 00:35:09,2015-07-20 00:35:09
36874746,Boudy,False,2015-07-13 11:18:58,2015-07-13 11:18:58
36877718,Judith,False,2021-10-22 09:14:21,2021-10-22 09:14:21
36892410,Marie,True,2019-09-28 00:16:12,2019-09-28 00:16:12
36895434,Julia,False,2015-06-28 15:12:40,2015-06-28 15:12:40
36925537,Janine,False,2018-12-22 04:20:40,2018-12-22 04:20:40
36939917,Georg,True,2015-07-08 10:56:41,2015-07-08 10:56:41
36946449,Lola,True,2016-07-05 07:58:24,2016-07-05 07:58:24
36956627,Selina,False,2017-07-29 08:48:40,2017-07-29 08:48:40
36961901,Mike,False,2017-01-11 21:11:00,2017-01-11 21:11:00
36962507,Julia,False,2016-06-13 11:26:41,2016-06-13 11:26:41
36970194,Isabel,False,2021-08-22 17:14:33,2021-08-22 17:14:33
36978742,Fabio,False,2016-12-30 07:42:42,2016-12-30 07:42:42
37011142,Fabio,False,2015-07-02 17:54:06,2015-07-02 17:54:06
37014482,Ewa,False,2019-05-29 13:45:14,2019-05-29 13:45:14
37023088,Emir,False,2021-11-04 09:23:05,2021-11-04 09:23:05
37062270,Maite,False,2015-08-29 13:36:32,2015-08-29 13:36:32
37070340,Frieder,True,2021-11-17 10:24:34,2021-11-17 10:24:34
37073520,Sophie,False,2021-07-22 20:50:32,2021-07-22 20:50:32
37077493,Jens Doris,False,2016-06-08 00:04:00,2016-06-08 00:04:00
37082372,Phillip,False,2018-08-06 03:24:09,2018-08-06 03:24:09
37109255,Artem,False,2015-12-19 17:15:41,2015-12-19 17:15:41
37113083,Hendrik,False,2017-06-08 12:04:13,2017-06-08 12:04:13
37126067,Dominic,False,2021-10-06 18:26:32,2021-10-06 18:26:32
37127222,Marie,False,2021-10-29 14:02:13,2021-10-29 14:02:13
37140426,Hannes,False,2021-11-01 04:33:54,2021-11-01 04:33:54
37156889,Anna,False,2019-01-13 22:18:49,2019-01-13 22:18:49
37166880,Gigi,False,2021-10-25 07:34:55,2021-10-25 07:34:55
37196198,Milica,False,2019-03-09 00:20:38,2019-03-09 00:20:38
37197450,Nicolas Alejandro,True,2016-03-29 12:31:15,2016-03-29 12:31:15
37211535,Rachel,False,2021-11-16 13:37:16,2021-11-16 13:37:16
37217908,Tim,False,2021-10-27 04:59:51,2021-10-27 04:59:51
37221382,Tommaso,False,2021-09-28 08:46:56,2021-09-28 08:46:56
37228133,Katja,False,2016-08-09 18:15:56,2016-08-09 18:15:56
37234861,Floris,False,2015-06-30 17:20:09,2015-06-30 17:20:09
37252864,Amine,False,2018-09-09 07:33:53,2018-09-09 07:33:53
37254922,Thomas,False,2021-11-13 14:00:26,2021-11-13 14:00:26
37256790,Vlasta,False,2021-10-26 15:45:52,2021-10-26 15:45:52
37266247,Julie,False,2016-05-14 06:56:14,2016-05-14 06:56:14
37267757,Nikolas,False,2021-11-16 23:15:16,2021-11-16 23:15:16
37291923,Tim,False,2017-07-12 15:00:21,2017-07-12 15:00:21
37295091,Eva,False,2020-01-31 17:25:38,2020-01-31 17:25:38
37302687,Annett,False,2017-03-27 05:49:03,2017-03-27 05:49:03
37314365,Nehir,False,2019-01-30 20:25:52,2019-01-30 20:25:52
37333576,Milena,False,2017-08-04 19:31:30,2017-08-04 19:31:30
37339671,J,False,2020-02-19 18:10:25,2020-02-19 18:10:25
37351884,Kaddi,False,2017-09-19 15:06:33,2017-09-19 15:06:33
37363013,Aline,False,2021-10-26 17:18:34,2021-10-26 17:18:34
37377073,Anna-Lena,False,2021-11-09 01:00:39,2021-11-09 01:00:39
37385010,Tim,False,2018-11-25 18:28:40,2018-11-25 18:28:40
37394021,Uli,False,2021-11-11 13:00:11,2021-11-11 13:00:11
37396730,Pia,False,2015-08-05 19:56:03,2015-08-05 19:56:03
37396912,Christina,False,2020-08-01 05:29:56,2020-08-01 05:29:56
37397114,Lisa,False,2018-06-07 10:33:00,2018-06-07 10:33:00
37413333,Laura,False,2021-11-01 07:59:03,2021-11-01 07:59:03
37416684,Sarah,False,2019-06-09 09:04:16,2019-06-09 09:04:16
37420294,Michaela,False,2021-11-03 17:33:41,2021-11-03 17:33:41
37426991,Dominic,False,2019-04-15 14:38:54,2019-04-15 14:38:54
37428978,Simone,False,2018-03-08 12:24:57,2018-03-08 12:24:57
37429313,Fab,False,2018-08-13 13:06:34,2018-08-13 13:06:34
37463039,Chaghaf,False,2018-11-14 04:58:47,2018-11-14 04:58:47
37467552,Alice,False,2015-08-18 03:53:48,2015-08-18 03:53:48
37469950,Isra,False,2015-12-22 06:44:47,2015-12-22 06:44:47
37473387,Congshan,False,2019-04-16 04:22:20,2019-04-16 04:22:20
37483592,Smilliana,False,2021-10-27 14:55:59,2021-10-27 14:55:59
37486288,Thirzie,False,2019-06-10 23:49:21,2019-06-10 23:49:21
37493694,Anaelle,False,2019-02-28 11:39:00,2019-02-28 11:39:00
37508117,Stefanie,False,2019-06-28 22:49:11,2019-06-28 22:49:11
37530408,Phillip,True,2019-04-26 02:42:15,2019-04-26 02:42:15
37541450,Ela,False,2019-08-06 14:13:01,2019-08-06 14:13:01
37542344,Carl,False,2021-10-23 13:16:05,2021-10-23 13:16:05
37549029,Karsten,False,2021-11-13 15:00:25,2021-11-13 15:00:25
37553259,Lenore,False,2015-07-29 04:35:13,2015-07-29 04:35:13
37561549,Ecem,False,2019-12-20 21:08:40,2019-12-20 21:08:40
37577977,Kevin,False,2015-08-04 02:15:28,2015-08-04 02:15:28
37580772,Sarah & Bongjun,True,2018-04-13 02:37:39,2018-04-13 02:37:39
37597410,Andrej,False,2015-07-30 23:36:11,2015-07-30 23:36:11
37597432,Mira,False,2015-09-18 15:02:06,2015-09-18 15:02:06
37598928,Paola,False,2015-12-29 07:03:04,2015-12-29 07:03:04
37651432,Lola,False,2021-11-12 05:18:59,2021-11-12 05:18:59
37651975,David,False,2021-11-12 11:23:06,2021-11-12 11:23:06
37653325,Florian,False,2015-07-06 18:34:25,2015-07-06 18:34:25
37661349,Steffi,False,2015-07-09 21:13:43,2015-07-09 21:13:43
37663921,Bettina,True,2018-01-18 12:55:30,2018-01-18 12:55:30
37674702,J. Guilherme,False,2016-03-19 01:59:51,2016-03-19 01:59:51
37675444,Lina,False,2017-09-02 13:18:33,2017-09-02 13:18:33
37675462,Vincent,False,2018-07-01 23:44:22,2018-07-01 23:44:22
37679674,Mascha,False,2019-06-28 02:25:49,2019-06-28 02:25:49
37690852,Jimmy,False,2016-06-23 10:47:43,2016-06-23 10:47:43
37691529,Roberto,False,2021-10-24 04:01:27,2021-10-24 04:01:27
37702973,Alicia,False,2021-11-15 07:52:30,2021-11-15 07:52:30
37715031,Julia,False,2019-05-22 18:40:30,2019-05-22 18:40:30
37763956,Julie,False,2021-10-25 16:58:38,2021-10-25 16:58:38
37775485,Sonia,False,2019-08-16 12:20:25,2019-08-16 12:20:25
37797319,Jo,False,2017-08-27 11:24:39,2017-08-27 11:24:39
37802104,Johannes,False,2021-11-17 18:42:39,2021-11-17 18:42:39
37804394,Daniel,True,2015-07-29 00:12:28,2015-07-29 00:12:28
37806972,Elisabeth,False,2016-05-29 10:13:41,2016-05-29 10:13:41
37809305,Florian,False,2019-02-04 00:30:45,2019-02-04 00:30:45
37811933,Daniel,False,2019-08-07 04:01:33,2019-08-07 04:01:33
37813808,Caleb,False,2018-12-17 06:49:01,2018-12-17 06:49:01
37818310,Philipp,False,2019-09-26 14:24:26,2019-09-26 14:24:26
37854349,Natalia,False,2019-09-25 10:30:32,2019-09-25 10:30:32
37870046,Cira,False,2016-03-23 08:10:56,2016-03-23 08:10:56
37879737,Franziska,False,2015-07-06 17:55:25,2015-07-06 17:55:25
37885809,Alex,False,2015-08-24 02:58:09,2015-08-24 02:58:09
37891200,Lisa,False,2015-09-27 03:28:24,2015-09-27 03:28:24
37892531,Diane,False,2021-10-24 18:12:41,2021-10-24 18:12:41
37897095,Svea,False,2015-07-25 01:50:44,2015-07-25 01:50:44
37902539,Christina,False,2017-06-07 19:30:43,2017-06-07 19:30:43
37905517,Chari,False,2015-07-11 19:59:49,2015-07-11 19:59:49
37913791,Annelie,False,2021-10-27 08:19:52,2021-10-27 08:19:52
37928140,Deborah,False,2019-08-09 16:34:29,2019-08-09 16:34:29
37934677,Edoardo,False,2018-02-19 06:40:00,2018-02-19 06:40:00
37935775,Isabella &,False,2015-08-11 10:29:51,2015-08-11 10:29:51
37945768,宇洁,False,2021-10-28 16:35:33,2021-10-28 16:35:33
37948978,Natalie,False,2019-12-09 11:29:24,2019-12-09 11:29:24
37982652,Steven,False,2018-04-08 13:00:39,2018-04-08 13:00:39
38018312,A.,False,2015-08-07 16:29:28,2015-08-07 16:29:28
38025703,Ruslan,False,2015-07-14 01:10:04,2015-07-14 01:10:04
38029953,Cecca,False,2016-03-27 02:57:11,2016-03-27 02:57:11
38048884,Christian,False,2015-07-26 16:48:23,2015-07-26 16:48:23
38051196,Jan,False,2015-09-15 04:57:13,2015-09-15 04:57:13
38068373,Lucas,False,2019-04-23 19:44:29,2019-04-23 19:44:29
38069894,Natascha,False,2021-08-29 02:30:35,2021-08-29 02:30:35
38073824,Manuela,False,2016-03-02 02:46:34,2016-03-02 02:46:34
38074515,Sune,False,2021-11-13 02:40:36,2021-11-13 02:40:36
38107777,Ula,False,2015-07-31 22:54:14,2015-07-31 22:54:14
38121663,Susanne,False,2016-07-05 19:42:47,2016-07-05 19:42:47
38131292,Marieke,False,2015-08-02 12:12:02,2015-08-02 12:12:02
38143966,Christian,False,2019-07-20 05:35:04,2019-07-20 05:35:04
38145829,Nico,False,2015-07-30 09:50:12,2015-07-30 09:50:12
38148105,Andrés,False,2021-11-13 02:30:04,2021-11-13 02:30:04
38152671,Nana,False,2017-08-02 13:21:31,2017-08-02 13:21:31
38167543,Mariáh LIZ DE Lima,False,2019-09-25 10:18:48,2019-09-25 10:18:48
38170846,Ganesha,False,2018-02-17 00:31:58,2018-02-17 00:31:58
38214738,Paula,False,2017-01-29 08:52:28,2017-01-29 08:52:28
38218193,Daniel,False,2015-08-03 11:05:47,2015-08-03 11:05:47
38232245,Viviana,False,2016-11-14 23:38:35,2016-11-14 23:38:35
38234961,Rosa,False,2018-02-19 18:39:29,2018-02-19 18:39:29
38239738,Jette,False,2015-08-15 09:56:21,2015-08-15 09:56:21
38258692,Nicole,False,2016-12-12 18:24:51,2016-12-12 18:24:51
38265499,Janina,False,2017-03-25 21:33:37,2017-03-25 21:33:37
38271725,Ardi,False,2021-11-17 08:53:55,2021-11-17 08:53:55
38278777,Katharina,False,2019-08-11 16:58:08,2019-08-11 16:58:08
38303257,Piotr,False,2017-08-21 01:17:26,2017-08-21 01:17:26
38320325,Kai,False,2021-07-10 17:01:39,2021-07-10 17:01:39
38338692,Christian,True,2017-02-13 04:31:20,2017-02-13 04:31:20
38341781,Tove,True,2015-08-11 12:02:32,2015-08-11 12:02:32
38343628,Delia,False,2016-01-28 23:25:54,2016-01-28 23:25:54
38354990,Victoria,False,2017-07-30 06:35:33,2017-07-30 06:35:33
38378376,Gregory,False,2021-10-21 02:41:20,2021-10-21 02:41:20
38380537,Franziska,False,2021-10-27 18:32:56,2021-10-27 18:32:56
38382948,Vera Henrike,False,2015-08-14 12:35:55,2015-08-14 12:35:55
38391326,Kristian,False,2017-09-23 15:07:45,2017-09-23 15:07:45
38392225,Bryan,False,2015-12-24 07:51:56,2015-12-24 07:51:56
38422482,Jussi,False,2021-10-25 19:21:09,2021-10-25 19:21:09
38463072,Itamar,True,2021-10-09 21:31:16,2021-10-09 21:31:16
38463106,Andreas,False,2019-10-18 07:16:04,2019-10-18 07:16:04
38478673,Seval,False,2021-11-01 03:56:30,2021-11-01 03:56:30
38483736,Philipp,False,2015-07-30 11:00:35,2015-07-30 11:00:35
38489353,Maike And Rafael,False,2017-04-26 09:51:19,2017-04-26 09:51:19
38523573,Thomas,False,2021-11-17 07:24:49,2021-11-17 07:24:49
38536289,David,False,2017-03-09 20:13:28,2017-03-09 20:13:28
38540228,Lesleyanne,False,2017-08-27 21:38:50,2017-08-27 21:38:50
38540571,Ute,False,2015-08-10 02:12:25,2015-08-10 02:12:25
38543507,Felix,False,2017-08-10 02:18:20,2017-08-10 02:18:20
38551977,Phil,False,2019-09-13 20:14:36,2019-09-13 20:14:36
38558083,Hendrik,False,2016-09-14 11:24:00,2016-09-14 11:24:00
38570456,Olimpia,False,2015-08-18 19:21:43,2015-08-18 19:21:43
38579385,Antonia,False,2017-07-23 21:14:53,2017-07-23 21:14:53
38602769,Ines,False,2021-11-12 19:54:53,2021-11-12 19:54:53
38629217,Johanna,False,2018-02-25 08:52:26,2018-02-25 08:52:26
38636780,Nicole,False,2021-11-19 15:32:14,2021-11-19 15:32:14
38643111,Josi,False,2021-11-10 01:46:09,2021-11-10 01:46:09
38650838,No3 Apartments,False,2016-12-29 00:46:59,2016-12-29 00:46:59
38653664,Britta,False,2018-06-04 15:40:33,2018-06-04 15:40:33
38751169,Sebastian,False,2016-03-03 13:29:16,2016-03-03 13:29:16
38756695,Nya,False,2019-06-09 05:56:42,2019-06-09 05:56:42
38783099,Franco,True,2018-05-08 17:55:14,2018-05-08 17:55:14
38783931,Alexander,False,2016-05-30 19:19:44,2016-05-30 19:19:44
38819457,Susanne,False,2021-11-06 05:05:10,2021-11-06 05:05:10
38824272,Francesco,False,2021-11-13 11:38:54,2021-11-13 11:38:54
38824854,Patrick,False,2021-08-23 12:12:24,2021-08-23 12:12:24
38836499,Alexandru,False,2018-01-18 14:18:52,2018-01-18 14:18:52
38842061,Delia,False,2015-08-01 00:01:20,2015-08-01 00:01:20
38862418,Jin,False,2019-04-10 01:53:46,2019-04-10 01:53:46
38901699,Destina,False,2021-11-17 19:35:18,2021-11-17 19:35:18
38906678,Frederik,False,2020-08-03 08:20:50,2020-08-03 08:20:50
38918314,Tivi,False,2019-07-21 18:58:52,2019-07-21 18:58:52
38925750,Sibylle,False,2021-10-26 10:21:06,2021-10-26 10:21:06
38936108,Hanna,False,2018-10-10 20:08:42,2018-10-10 20:08:42
38936151,Aleks,False,2017-04-30 06:03:50,2017-04-30 06:03:50
38938476,Anh,False,2018-07-18 20:45:31,2018-07-18 20:45:31
39032040,Marco,False,2021-11-18 03:02:39,2021-11-18 03:02:39
39034992,Wolf,False,2015-12-28 00:45:39,2015-12-28 00:45:39
39054776,Pohl,False,2015-12-28 01:09:12,2015-12-28 01:09:12
39062789,Kevin,False,2019-08-23 17:00:09,2019-08-23 17:00:09
39069560,Caspar,False,2016-08-28 12:30:50,2016-08-28 12:30:50
39070418,Vita,False,2015-08-06 04:57:18,2015-08-06 04:57:18
39102638,Viktoria,False,2021-11-07 21:43:09,2021-11-07 21:43:09
39102959,Manuela,False,2021-11-19 11:15:21,2021-11-19 11:15:21
39110287,Lilla,False,2016-08-27 07:02:04,2016-08-27 07:02:04
39114778,Jeremias,False,2015-07-09 19:50:35,2015-07-09 19:50:35
39127001,Eva,False,2016-02-10 01:21:09,2016-02-10 01:21:09
39140886,Eric,False,2017-08-14 14:20:33,2017-08-14 14:20:33
39152545,Carolin,False,2015-08-26 08:33:56,2015-08-26 08:33:56
39197622,Angela,False,2019-11-25 06:48:43,2019-11-25 06:48:43
39203434,Abeer,False,2020-07-18 23:31:10,2020-07-18 23:31:10
39205147,Jean-Paul,False,2020-08-06 14:56:33,2020-08-06 14:56:33
39207814,Raoul,False,2019-12-23 13:08:00,2019-12-23 13:08:00
39213468,Gregor,False,2015-08-10 13:00:13,2015-08-10 13:00:13
39216851,Elias,False,2015-07-30 23:13:50,2015-07-30 23:13:50
39219660,Joscha,False,2021-11-11 13:36:30,2021-11-11 13:36:30
39222511,Florian,True,2015-09-02 16:24:30,2015-09-02 16:24:30
39224619,Martina,False,2015-08-22 15:05:02,2015-08-22 15:05:02
39226583,Sebastian,False,2018-08-19 05:20:29,2018-08-19 05:20:29
39230948,Antoine,True,2015-08-03 10:17:50,2015-08-03 10:17:50
39234951,Nastasya,True,2018-07-11 13:08:52,2018-07-11 13:08:52
39248045,Basem,False,2018-12-28 19:32:43,2018-12-28 19:32:43
39257044,Heval,False,2015-08-26 01:22:00,2015-08-26 01:22:00
39259413,Oliver,False,2015-08-01 09:43:24,2015-08-01 09:43:24
39265419,Leo,False,2021-10-23 19:01:12,2021-10-23 19:01:12
39266210,Johanna,False,2021-10-27 04:17:00,2021-10-27 04:17:00
39269465,Agnė,False,2015-08-07 12:07:20,2015-08-07 12:07:20
39311429,Maria,False,2021-11-07 07:06:02,2021-11-07 07:06:02
39325435,Jeannie,False,2019-08-10 10:09:08,2019-08-10 10:09:08
39328517,Nicole,False,2015-07-28 16:56:17,2015-07-28 16:56:17
39329197,Valentin,False,2021-11-01 12:56:45,2021-11-01 12:56:45
39330756,Anna,False,2021-07-09 06:12:48,2021-07-09 06:12:48
39332038,Anton,False,2021-11-17 19:41:10,2021-11-17 19:41:10
39333541,Victor,False,2019-12-30 14:54:46,2019-12-30 14:54:46
39339046,Anne,False,2015-12-28 13:45:17,2015-12-28 13:45:17
39346095,Vanessa,False,2021-08-12 05:34:57,2021-08-12 05:34:57
39346268,Shanice,False,2021-10-28 23:36:31,2021-10-28 23:36:31
39357802,Nadine,False,2017-09-14 06:47:52,2017-09-14 06:47:52
39380662,Aneres,False,2019-07-23 06:01:56,2019-07-23 06:01:56
39405264,Jonas,False,2021-10-27 08:09:21,2021-10-27 08:09:21
39425553,Steve,False,2018-07-17 12:25:25,2018-07-17 12:25:25
39435309,Casey,False,2015-07-19 06:57:16,2015-07-19 06:57:16
39437523,Malina,False,2021-11-05 13:59:55,2021-11-05 13:59:55
39439951,Moritz,True,2015-09-26 09:18:21,2015-09-26 09:18:21
39441317,Julian,False,2015-08-03 01:50:29,2015-08-03 01:50:29
39443802,Aline,False,2018-12-30 08:31:10,2018-12-30 08:31:10
39450649,Daniel,False,2021-06-24 03:23:40,2021-06-24 03:23:40
39487504,Billybouki,False,2018-10-11 23:17:24,2018-10-11 23:17:24
39488064,,,2021-10-23 16:41:38,2021-10-23 16:41:38
39497595,Alma,False,2018-08-08 17:30:53,2018-08-08 17:30:53
39503106,Felix Donald,False,2015-08-01 08:00:29,2015-08-01 08:00:29
39514176,Lapetiteohrmuschel,False,2015-07-30 09:12:46,2015-07-30 09:12:46
39533665,Eve,False,2017-08-19 02:26:45,2017-08-19 02:26:45
39537907,Andre,False,2015-12-23 17:06:06,2015-12-23 17:06:06
39564477,Yunus Efe,False,2018-05-09 03:46:38,2018-05-09 03:46:38
39571746,Fabienne,False,2021-11-05 09:56:29,2021-11-05 09:56:29
39573113,Luise,False,2019-09-26 00:43:34,2019-09-26 00:43:34
39585755,Narcisz,False,2015-07-23 19:10:23,2015-07-23 19:10:23
39588660,Sandro,False,2017-08-15 13:30:53,2017-08-15 13:30:53
39596780,Aras,False,2015-08-06 03:53:48,2015-08-06 03:53:48
39602869,Lilith,False,2015-08-10 18:41:17,2015-08-10 18:41:17
39618235,Ulf,True,2018-05-03 00:49:12,2018-05-03 00:49:12
39622000,Anna,False,2021-10-26 08:24:59,2021-10-26 08:24:59
39628778,Laura,False,2021-08-21 10:43:19,2021-08-21 10:43:19
39631459,Lola,False,2015-12-30 15:10:46,2015-12-30 15:10:46
39634813,Uta,False,2021-11-17 09:28:27,2021-11-17 09:28:27
39671122,Lasse,True,2017-08-22 12:21:32,2017-08-22 12:21:32
39681803,Dominique,True,2019-08-27 07:51:36,2019-08-27 07:51:36
39686450,Maik,True,2018-09-18 21:44:55,2018-09-18 21:44:55
39691268,Christine,False,2017-08-13 03:35:39,2017-08-13 03:35:39
39692945,Max,False,2016-04-04 15:32:09,2016-04-04 15:32:09
39693964,Jorge,False,2018-09-05 18:14:55,2018-09-05 18:14:55
39695109,Daniel,False,2015-08-14 16:54:40,2015-08-14 16:54:40
39697452,Anastasiya,False,2020-08-01 01:07:54,2020-08-01 01:07:54
39712556,Franziska,False,2019-06-15 22:47:33,2019-06-15 22:47:33
39715937,Andreas,False,2021-10-25 01:07:18,2021-10-25 01:07:18
39716890,Peter,False,2021-11-13 16:22:00,2021-11-13 16:22:00
39721082,Ceyda,False,2021-10-21 00:42:46,2021-10-21 00:42:46
39727376,Friederike,False,2019-02-18 02:26:08,2019-02-18 02:26:08
39740677,Lena,False,2018-09-08 23:08:02,2018-09-08 23:08:02
39741978,Torsten,False,2021-11-04 09:07:37,2021-11-04 09:07:37
39742971,Björn,False,2015-08-05 17:57:05,2015-08-05 17:57:05
39748400,Laura,False,2021-07-24 15:48:25,2021-07-24 15:48:25
39757713,Antonio,False,2020-07-07 20:23:53,2020-07-07 20:23:53
39774017,Matija,True,2015-07-22 14:47:28,2015-07-22 14:47:28
39794081,Ella,False,2021-11-09 10:10:34,2021-11-09 10:10:34
39795124,Annett,False,2017-04-21 04:11:16,2017-04-21 04:11:16
39798852,Stefani,False,2018-05-18 17:00:17,2018-05-18 17:00:17
39801582,Tim,False,2015-09-08 18:01:14,2015-09-08 18:01:14
39804571,Maxi,False,2019-09-02 18:28:22,2019-09-02 18:28:22
39813547,Zarah,False,2020-10-23 19:59:45,2020-10-23 19:59:45
39818305,Carlos,False,2017-02-19 14:39:14,2017-02-19 14:39:14
39818582,Henrik,False,2021-10-27 16:38:10,2021-10-27 16:38:10
39820114,Lisa,False,2018-03-26 16:45:04,2018-03-26 16:45:04
39822125,Ko,False,2017-07-23 22:07:45,2017-07-23 22:07:45
39825777,Loreen,False,2017-09-06 13:59:16,2017-09-06 13:59:16
39830360,,,2021-11-18 00:30:22,2021-11-18 00:30:22
39845442,Alexander,True,2015-08-11 04:37:07,2015-08-11 04:37:07
39853483,Ralf,False,2015-12-16 14:24:20,2015-12-16 14:24:20
39854245,Piero,False,2017-08-02 16:12:16,2017-08-02 16:12:16
39856088,Juliane,False,2019-07-04 01:08:42,2019-07-04 01:08:42
39895198,Constanze,False,2021-11-18 05:38:50,2021-11-18 05:38:50
39899418,Larissa,False,2017-06-23 10:37:51,2017-06-23 10:37:51
39906633,Hagimar,False,2018-09-04 19:16:00,2018-09-04 19:16:00
39906892,Patricia,False,2015-09-04 10:07:24,2015-09-04 10:07:24
39907055,Pola,False,2017-01-14 18:14:21,2017-01-14 18:14:21
39911811,Kristina,False,2017-08-03 05:51:15,2017-08-03 05:51:15
39924091,Gabriele,False,2021-11-01 20:50:35,2021-11-01 20:50:35
39924277,Parwana,False,2015-08-16 01:10:39,2015-08-16 01:10:39
39925692,Alexandra &,True,2015-07-29 14:24:15,2015-07-29 14:24:15
39931962,Andrea,False,2018-02-14 11:16:07,2018-02-14 11:16:07
39942125,Alina,False,2021-10-31 15:57:13,2021-10-31 15:57:13
39956410,Camilla,False,2017-05-01 10:57:45,2017-05-01 10:57:45
39960409,Fabian,False,2017-08-26 02:41:53,2017-08-26 02:41:53
39968314,Hannes,False,2021-11-05 13:28:09,2021-11-05 13:28:09
39981193,Olaf,False,2016-08-12 22:35:05,2016-08-12 22:35:05
39990815,Max,False,2015-12-29 23:52:00,2015-12-29 23:52:00
39995139,Don,False,2015-09-19 05:57:20,2015-09-19 05:57:20
39996875,Mathias,False,2015-09-03 11:04:21,2015-09-03 11:04:21
39998058,Aouefa,False,2015-08-12 06:47:03,2015-08-12 06:47:03
39998297,James,False,2020-01-24 13:11:52,2020-01-24 13:11:52
40001839,Zoltan Paul,False,2016-05-08 21:43:57,2016-05-08 21:43:57
40017792,Jack,False,2019-07-07 05:12:56,2019-07-07 05:12:56
40018797,Thomas,False,2015-08-12 04:31:53,2015-08-12 04:31:53
40020705,Vesna,False,2021-11-04 19:49:01,2021-11-04 19:49:01
40021867,Güli,False,2016-12-10 20:37:23,2016-12-10 20:37:23
40024358,Paul,False,2017-06-08 09:40:11,2017-06-08 09:40:11
40027678,Julia,False,2019-02-27 02:57:37,2019-02-27 02:57:37
40032745,Johannes + Roxana,False,2015-09-11 12:11:38,2015-09-11 12:11:38
40039305,Luana,False,2017-07-02 21:05:54,2017-07-02 21:05:54
40056528,Olga,False,2017-07-22 16:59:46,2017-07-22 16:59:46
40057741,Susanne,False,2015-09-16 04:32:43,2015-09-16 04:32:43
40060996,Christoph,False,2016-12-25 07:59:48,2016-12-25 07:59:48
40068052,Heike,False,2020-07-01 15:43:24,2020-07-01 15:43:24
40070030,Wanja,False,2021-11-19 13:16:55,2021-11-19 13:16:55
40074305,Casimir,False,2017-08-19 09:55:12,2017-08-19 09:55:12
40097900,Clara,False,2021-10-30 01:12:20,2021-10-30 01:12:20
40100342,Gareo,True,2018-05-05 18:34:42,2018-05-05 18:34:42
40103500,Viktor,True,2015-08-19 02:47:25,2015-08-19 02:47:25
40116408,Manoela,False,2015-08-20 04:28:49,2015-08-20 04:28:49
40120366,H,False,2019-07-27 05:30:07,2019-07-27 05:30:07
40121503,Alina,False,2015-08-29 02:15:06,2015-08-29 02:15:06
40124802,Philip,False,2020-08-30 23:39:38,2020-08-30 23:39:38
40127360,Klara,False,2016-06-01 19:08:26,2016-06-01 19:08:26
40132891,Patrick,False,2017-09-05 10:10:29,2017-09-05 10:10:29
40139191,Michel,False,2021-02-15 07:11:29,2021-02-15 07:11:29
40141747,Jami,False,2015-08-24 21:12:33,2015-08-24 21:12:33
40144621,Eva,False,2019-12-13 14:17:19,2019-12-13 14:17:19
40174341,Kilah,False,2015-08-26 06:20:51,2015-08-26 06:20:51
40176643,Anja,False,2015-08-29 00:03:43,2015-08-29 00:03:43
40181949,Tobi,False,2015-08-06 02:27:20,2015-08-06 02:27:20
40186338,Jacopo,False,2017-08-17 21:51:52,2017-08-17 21:51:52
40186677,Harriet,False,2019-11-26 20:24:04,2019-11-26 20:24:04
40205655,Camilo,False,2019-05-12 17:35:46,2019-05-12 17:35:46
40212664,Samuel,False,2015-08-26 16:25:37,2015-08-26 16:25:37
40255961,Pablo,False,2021-11-08 22:09:32,2021-11-08 22:09:32
40255982,Amanda,False,2017-05-17 20:00:35,2017-05-17 20:00:35
40260704,Jana,False,2015-09-09 00:32:41,2015-09-09 00:32:41
40269671,Miriam,False,2015-08-08 15:30:59,2015-08-08 15:30:59
40281005,Sabine G.,False,2021-11-17 21:53:45,2021-11-17 21:53:45
40283566,Sara,False,2015-08-20 14:41:16,2015-08-20 14:41:16
40292658,Albert,False,2015-08-10 00:29:24,2015-08-10 00:29:24
40309339,SImon,False,2015-08-04 05:12:47,2015-08-04 05:12:47
40321159,Thomas,False,2016-08-17 06:34:50,2016-08-17 06:34:50
40347565,Rob,False,2015-07-30 06:39:46,2015-07-30 06:39:46
40351180,Pia,False,2021-05-30 07:34:25,2021-05-30 07:34:25
40355262,Giorgio,False,2021-10-26 09:19:16,2021-10-26 09:19:16
40356727,Xandra,False,2021-10-30 20:07:08,2021-10-30 20:07:08
40364833,Eva,False,2016-10-13 18:22:33,2016-10-13 18:22:33
40392695,Sven,True,2015-10-12 08:00:01,2015-10-12 08:00:01
40395803,Björn,False,2019-10-24 00:41:26,2019-10-24 00:41:26
40411587,Florencia,False,2021-11-01 06:47:53,2021-11-01 06:47:53
40449942,Dan,False,2019-12-26 20:24:28,2019-12-26 20:24:28
40451869,Markus,True,2019-04-06 01:51:37,2019-04-06 01:51:37
40461699,Kaya,False,2017-07-06 10:19:37,2017-07-06 10:19:37
40469920,Sjard,False,2018-06-04 05:45:02,2018-06-04 05:45:02
40479900,Julien,False,2016-07-18 05:36:29,2016-07-18 05:36:29
40488839,Lara,False,2017-02-20 13:56:02,2017-02-20 13:56:02
40494047,Julia & Maria,True,2018-12-20 23:30:59,2018-12-20 23:30:59
40499192,Jens,False,2015-08-31 21:57:38,2015-08-31 21:57:38
40502269,Dominic,False,2017-01-27 00:36:43,2017-01-27 00:36:43
40508122,Alex,False,2017-04-06 20:37:57,2017-04-06 20:37:57
40513856,An,False,2016-09-17 17:45:49,2016-09-17 17:45:49
40516760,Joshua,False,2016-12-30 00:10:39,2016-12-30 00:10:39
40518674,Christian,False,2017-07-23 17:33:38,2017-07-23 17:33:38
40522109,Laura Sophie,False,2018-11-27 16:41:18,2018-11-27 16:41:18
40523129,Manuel,False,2015-07-27 01:09:06,2015-07-27 01:09:06
40531040,Dario,False,2016-03-14 10:25:44,2016-03-14 10:25:44
40532515,Tobias,False,2015-09-07 12:17:34,2015-09-07 12:17:34
40534951,Selçuk,True,2019-06-27 05:52:32,2019-06-27 05:52:32
40557631,Albert,False,2015-08-09 17:19:39,2015-08-09 17:19:39
40568436,Alexandrina,False,2019-07-29 02:48:58,2019-07-29 02:48:58
40575106,Lucie,False,2018-04-06 02:27:20,2018-04-06 02:27:20
40575151,Camille,False,2015-09-29 09:22:06,2015-09-29 09:22:06
40584731,Lutz,False,2017-05-17 03:04:05,2017-05-17 03:04:05
40586748,Konstantin,False,2015-09-17 07:25:25,2015-09-17 07:25:25
40589682,Natalie,False,2019-10-02 10:59:41,2019-10-02 10:59:41
40595512,Beska,False,2021-08-23 14:53:52,2021-08-23 14:53:52
40603249,Andreas,False,2018-06-08 16:59:34,2018-06-08 16:59:34
40626548,Amer,False,2017-07-25 05:20:40,2017-07-25 05:20:40
40631120,Mohamed,False,2016-07-27 23:44:03,2016-07-27 23:44:03
40656291,Mariele,False,2021-11-09 01:26:37,2021-11-09 01:26:37
40656306,Eva,False,2021-08-05 23:08:47,2021-08-05 23:08:47
40657365,Alexandra,False,2021-11-13 11:14:54,2021-11-13 11:14:54
40660291,Anh,False,2016-05-08 21:14:05,2016-05-08 21:14:05
40663692,Bernak,False,2019-09-16 12:06:20,2019-09-16 12:06:20
40672444,Tobias,False,2015-08-17 18:11:05,2015-08-17 18:11:05
40677262,Kira,True,2019-01-11 08:17:28,2019-01-11 08:17:28
40683740,Christin,False,2015-09-07 04:20:03,2015-09-07 04:20:03
40709854,Siham,False,2016-05-03 11:33:50,2016-05-03 11:33:50
40717425,Helga,False,2017-08-06 15:22:45,2017-08-06 15:22:45
40724275,Regina,False,2016-09-14 00:06:00,2016-09-14 00:06:00
40726115,Quentin,True,2018-12-13 23:39:18,2018-12-13 23:39:18
40761241,Sabrina,False,2015-08-06 05:52:08,2015-08-06 05:52:08
40761610,Sebastianos,False,2021-04-18 00:14:43,2021-04-18 00:14:43
40764363,Helena,False,2016-03-24 17:26:42,2016-03-24 17:26:42
40770035,Johannes,False,2021-10-26 06:15:38,2021-10-26 06:15:38
40784796,Faye,False,2015-08-15 04:24:13,2015-08-15 04:24:13
40797629,Gabriele,False,2015-08-24 17:09:03,2015-08-24 17:09:03
40805433,Diana,False,2015-08-26 07:47:02,2015-08-26 07:47:02
40806462,Kerstin,False,2015-07-31 12:52:56,2015-07-31 12:52:56
40853016,Ina,False,2020-08-26 01:53:52,2020-08-26 01:53:52
40856127,Charleen,False,2021-11-09 22:24:02,2021-11-09 22:24:02
40858637,Alexandra,False,2021-11-10 03:39:48,2021-11-10 03:39:48
40870381,Carolin,False,2016-12-16 16:06:56,2016-12-16 16:06:56
40871414,Miriam,False,2021-10-28 11:20:32,2021-10-28 11:20:32
40875766,Ruth,False,2017-07-20 04:18:44,2017-07-20 04:18:44
40881447,Teresa,False,2016-08-20 22:45:32,2016-08-20 22:45:32
40887048,Anja & Maria,False,2016-11-02 12:03:28,2016-11-02 12:03:28
40888163,Bea,False,2019-02-15 15:02:42,2019-02-15 15:02:42
40917101,Katja,False,2021-11-12 17:23:11,2021-11-12 17:23:11
40922118,Johanna,False,2016-09-17 15:17:16,2016-09-17 15:17:16
40926379,Johanna,False,2015-08-20 20:55:36,2015-08-20 20:55:36
40942794,Beate,False,2015-08-24 01:37:14,2015-08-24 01:37:14
40947775,Daria,False,2021-10-30 07:07:11,2021-10-30 07:07:11
40955804,Sama,False,2015-12-27 04:03:34,2015-12-27 04:03:34
40957972,Andrea,False,2015-10-02 12:41:24,2015-10-02 12:41:24
40966027,Sonja,False,2016-07-29 14:47:59,2016-07-29 14:47:59
40983069,Niclas,False,2021-09-11 04:58:44,2021-09-11 04:58:44
41009856,Franciska,False,2015-08-11 19:38:50,2015-08-11 19:38:50
41016354,Julian,False,2019-01-26 07:32:20,2019-01-26 07:32:20
41029683,Julanda,False,2017-03-10 05:35:41,2017-03-10 05:35:41
41030609,Clara,False,2015-08-12 05:47:38,2015-08-12 05:47:38
41053818,Blk,False,2021-11-18 14:54:35,2021-11-18 14:54:35
41056012,Felix,False,2015-09-17 18:07:13,2015-09-17 18:07:13
41063068,Hannes,False,2015-09-01 14:01:01,2015-09-01 14:01:01
41071584,Mischo,False,2020-08-11 04:21:19,2020-08-11 04:21:19
41075376,Lisa-Marie,False,2017-04-06 20:31:31,2017-04-06 20:31:31
41077105,Gitta,True,2017-04-26 23:52:59,2017-04-26 23:52:59
41077554,Cédric,False,2016-01-23 19:17:59,2016-01-23 19:17:59
41083910,Alex,True,2016-06-17 11:24:31,2016-06-17 11:24:31
41088899,Iris,False,2015-09-25 09:22:43,2015-09-25 09:22:43
41093498,Garrelt,True,2020-01-25 16:23:45,2020-01-25 16:23:45
41105727,Colin,False,2021-08-18 19:24:47,2021-08-18 19:24:47
41117572,Coco,False,2015-08-15 08:28:49,2015-08-15 08:28:49
41119131,Robert,True,2016-06-12 10:50:54,2016-06-12 10:50:54
41120852,Lisa And Ahmed,False,2019-09-17 17:03:11,2019-09-17 17:03:11
41123257,Charlotte,False,2016-01-27 18:41:36,2016-01-27 18:41:36
41125067,Sylvia,False,2018-12-28 03:21:31,2018-12-28 03:21:31
41128294,Helene,False,2021-10-31 02:48:03,2021-10-31 02:48:03
41144216,Lorenza,False,2019-11-30 01:34:34,2019-11-30 01:34:34
41144716,Mariya,True,2017-05-19 18:59:41,2017-05-19 18:59:41
41153328,Carla,False,2018-07-29 15:36:17,2018-07-29 15:36:17
41158467,Franziska,False,2015-09-10 20:37:33,2015-09-10 20:37:33
41170062,Ilja,False,2015-08-13 15:21:20,2015-08-13 15:21:20
41171820,Britta,False,2021-04-22 05:16:31,2021-04-22 05:16:31
41177374,Media,True,2019-04-21 08:40:34,2019-04-21 08:40:34
41194865,Denise,False,2019-11-19 00:53:55,2019-11-19 00:53:55
41199304,Berit,False,2021-11-19 11:21:50,2021-11-19 11:21:50
41233712,Juliette,False,2021-10-26 03:18:08,2021-10-26 03:18:08
41233792,Laura,False,2017-08-11 13:28:40,2017-08-11 13:28:40
41238410,Sydney,False,2017-07-24 23:05:24,2017-07-24 23:05:24
41240080,Caroline,False,2015-08-31 06:44:46,2015-08-31 06:44:46
41243527,Maria,False,2018-06-19 20:08:48,2018-06-19 20:08:48
41250002,Ulrike,False,2021-11-14 10:13:48,2021-11-14 10:13:48
41259734,Florence,False,2016-11-16 20:26:37,2016-11-16 20:26:37
41261503,Baerbel,False,2015-09-10 14:22:25,2015-09-10 14:22:25
41264080,Friedrich,False,2017-05-31 23:15:10,2017-05-31 23:15:10
41285506,Susanne,False,2017-07-08 10:46:45,2017-07-08 10:46:45
41286554,Luise,False,2015-09-18 21:45:13,2015-09-18 21:45:13
41288219,Katharina,False,2016-02-12 17:45:56,2016-02-12 17:45:56
41295048,Josef,True,2015-09-01 11:50:20,2015-09-01 11:50:20
41296382,Federico,False,2021-11-18 22:42:35,2021-11-18 22:42:35
41298886,Dominik,False,2015-08-27 11:13:50,2015-08-27 11:13:50
41337194,Christine,False,2016-08-28 06:26:40,2016-08-28 06:26:40
41348192,Johannes,False,2018-05-30 10:14:30,2018-05-30 10:14:30
41356834,Nina,False,2021-11-11 13:57:42,2021-11-11 13:57:42
41360991,Bernd,True,2015-08-15 17:21:14,2015-08-15 17:21:14
41363537,Dani,False,2017-02-19 10:51:26,2017-02-19 10:51:26
41369494,Vanessa,False,2021-11-07 21:28:32,2021-11-07 21:28:32
41379158,Andrea,False,2017-09-24 03:12:48,2017-09-24 03:12:48
41398115,Franziska,False,2015-09-17 05:54:45,2015-09-17 05:54:45
41432446,Michaela,True,2017-12-23 18:17:53,2017-12-23 18:17:53
41439625,Benjamin,False,2017-08-03 17:55:01,2017-08-03 17:55:01
41441779,Felîx,False,2021-07-07 11:28:37,2021-07-07 11:28:37
41442735,Lukas,False,2021-11-04 11:15:42,2021-11-04 11:15:42
41443544,Hans,False,2016-06-16 13:15:14,2016-06-16 13:15:14
41446909,Kaarel,False,2019-07-15 23:48:53,2019-07-15 23:48:53
41469808,Markus,False,2015-09-12 16:05:06,2015-09-12 16:05:06
41471832,Franz,False,2015-08-11 00:03:42,2015-08-11 00:03:42
41472652,Asiya,False,2021-11-17 18:40:51,2021-11-17 18:40:51
41516940,Jonna,False,2015-09-17 05:00:25,2015-09-17 05:00:25
41524088,Luna,False,2021-11-05 19:02:13,2021-11-05 19:02:13
41528195,Niklas,False,2018-03-08 08:41:25,2018-03-08 08:41:25
41529545,Michaela,False,2021-06-28 09:31:02,2021-06-28 09:31:02
41552976,Jonathan,False,2015-08-20 23:53:09,2015-08-20 23:53:09
41559199,Stefano,False,2017-04-08 18:03:20,2017-04-08 18:03:20
41569616,David R.,False,2015-09-25 05:45:26,2015-09-25 05:45:26
41571358,Anne Y Juan,False,2018-11-02 21:39:07,2018-11-02 21:39:07
41572417,Martin,False,2017-03-25 16:18:49,2017-03-25 16:18:49
41599772,Zito,True,2015-08-24 18:01:57,2015-08-24 18:01:57
41601764,Philip,False,2021-10-27 06:10:28,2021-10-27 06:10:28
41602451,Anabell,False,2018-02-06 18:15:24,2018-02-06 18:15:24
41613056,Alexander,False,2021-11-03 19:43:54,2021-11-03 19:43:54
41628025,Kasia,False,2017-12-21 10:41:05,2017-12-21 10:41:05
41632895,Yasemin,False,2019-02-10 10:05:44,2019-02-10 10:05:44
41642408,Alexander,False,2021-10-27 00:38:34,2021-10-27 00:38:34
41644608,Johannes,False,2016-09-02 03:58:57,2016-09-02 03:58:57
41686927,Derya,False,2021-11-11 10:02:29,2021-11-11 10:02:29
41687573,Alex,False,2021-10-24 23:37:25,2021-10-24 23:37:25
41691310,Sebastian,False,2021-10-26 22:05:43,2021-10-26 22:05:43
41699865,Julius,False,2015-08-14 06:42:34,2015-08-14 06:42:34
41700664,Jannes,False,2015-08-12 03:53:44,2015-08-12 03:53:44
41718759,Tibor,False,2015-08-19 06:45:13,2015-08-19 06:45:13
41724536,Kitty,False,2015-09-02 04:34:10,2015-09-02 04:34:10
41734728,Joeri,False,2017-09-02 05:08:50,2017-09-02 05:08:50
41741297,Jörn,False,2015-09-26 07:36:40,2015-09-26 07:36:40
41757235,Nastassja,False,2016-06-21 23:03:41,2016-06-21 23:03:41
41791537,Henning,False,2019-10-27 17:49:28,2019-10-27 17:49:28
41799582,Stefano,False,2019-10-20 13:33:38,2019-10-20 13:33:38
41803487,Andrea,False,2016-10-12 19:29:22,2016-10-12 19:29:22
41812675,Basak,False,2021-11-17 17:40:58,2021-11-17 17:40:58
41818828,Stephanie,False,2017-08-03 23:43:25,2017-08-03 23:43:25
41828928,Sarah,False,2019-08-18 09:41:04,2019-08-18 09:41:04
41841666,Laura,False,2016-06-01 08:27:52,2016-06-01 08:27:52
41848444,Amandara M.,False,2021-11-18 18:20:26,2021-11-18 18:20:26
41849657,Tim,False,2015-10-02 04:34:38,2015-10-02 04:34:38
41854215,Marc,False,2021-11-02 17:05:49,2021-11-02 17:05:49
41858531,Jonas,False,2016-06-02 08:58:50,2016-06-02 08:58:50
41900053,Peter,True,2015-09-04 23:45:40,2015-09-04 23:45:40
41904321,Evgenia,False,2020-08-11 11:55:26,2020-08-11 11:55:26
41905769,Nea,False,2015-08-24 03:55:59,2015-08-24 03:55:59
41906597,Greta,False,2021-11-18 03:44:16,2021-11-18 03:44:16
41917526,Thomas,False,2015-09-08 02:19:24,2015-09-08 02:19:24
41918583,Petra,False,2016-12-15 14:52:51,2016-12-15 14:52:51
41931389,Marius,False,2020-02-27 12:33:00,2020-02-27 12:33:00
41936957,Caroline,False,2018-08-30 07:22:29,2018-08-30 07:22:29
41938571,Ulli,False,2017-08-01 09:45:23,2017-08-01 09:45:23
41973103,Christine,False,2019-12-26 21:31:46,2019-12-26 21:31:46
41975318,Andre,False,2015-08-21 09:57:52,2015-08-21 09:57:52
41984328,Claudia,False,2015-08-25 05:33:54,2015-08-25 05:33:54
41997303,Francisco,True,2016-08-09 17:04:52,2016-08-09 17:04:52
42005910,Brigita,False,2019-08-19 08:52:38,2019-08-19 08:52:38
42044906,Julia,True,2015-08-30 14:51:47,2015-08-30 14:51:47
42046007,Hanna,False,2017-03-20 20:17:51,2017-03-20 20:17:51
42048631,Archibald,False,2015-09-17 22:33:46,2015-09-17 22:33:46
42058077,Klaus,False,2015-08-26 01:18:25,2015-08-26 01:18:25
42060232,Tsameret,False,2021-09-16 18:38:12,2021-09-16 18:38:12
42061066,Michael,False,2015-08-23 23:32:30,2015-08-23 23:32:30
42092298,Anne,False,2019-12-29 23:55:40,2019-12-29 23:55:40
42099958,Lena,False,2017-08-27 19:19:48,2017-08-27 19:19:48
42101625,Hannes,False,2016-09-25 05:55:30,2016-09-25 05:55:30
42111980,Morin,False,2016-07-11 11:36:04,2016-07-11 11:36:04
42115198,Anna,False,2021-10-24 12:37:16,2021-10-24 12:37:16
42115726,Lars,False,2015-09-24 01:08:14,2015-09-24 01:08:14
42120559,Bastian,False,2019-01-15 05:55:51,2019-01-15 05:55:51
42137393,Hélène,False,2020-02-29 21:38:17,2020-02-29 21:38:17
42149492,Anika,False,2015-12-30 18:20:57,2015-12-30 18:20:57
42152805,Mai,False,2018-10-27 11:57:33,2018-10-27 11:57:33
42154834,Daniella,False,2016-03-17 19:40:49,2016-03-17 19:40:49
42177679,Debbi,False,2017-11-27 15:56:20,2017-11-27 15:56:20
42181495,Philipp,False,2019-07-08 16:58:52,2019-07-08 16:58:52
42184515,Silvia,False,2019-12-23 20:02:06,2019-12-23 20:02:06
42193019,Benjamin,False,2015-12-23 10:41:57,2015-12-23 10:41:57
42200198,André,False,2016-07-08 10:31:31,2016-07-08 10:31:31
42233403,Moritz,False,2021-10-30 12:54:19,2021-10-30 12:54:19
42255515,Nele,False,2017-12-22 05:32:36,2017-12-22 05:32:36
42289115,Kevin,False,2018-02-13 21:42:19,2018-02-13 21:42:19
42289939,Lutz,False,2015-08-26 18:09:08,2015-08-26 18:09:08
42296181,Lara,False,2015-08-30 23:50:38,2015-08-30 23:50:38
42341081,Alexandra,False,2021-11-09 17:53:50,2021-11-09 17:53:50
42344555,Sebastian,False,2018-03-01 21:32:03,2018-03-01 21:32:03
42350439,Jessy,False,2021-11-19 00:35:49,2021-11-19 00:35:49
42355525,Heidi,False,2016-06-09 17:16:29,2016-06-09 17:16:29
42370054,Ulrike,False,2021-11-07 02:17:53,2021-11-07 02:17:53
42372777,Vivi,False,2016-08-08 04:16:38,2016-08-08 04:16:38
42374921,Rainer,True,2015-09-14 03:39:07,2015-09-14 03:39:07
42375281,Michael Brent,False,2015-09-22 12:26:13,2015-09-22 12:26:13
42380726,Gerrit,False,2015-10-11 18:07:33,2015-10-11 18:07:33
42382293,Stefanie,False,2015-09-05 09:30:05,2015-09-05 09:30:05
42398354,Andrea,False,2021-10-29 14:20:26,2021-10-29 14:20:26
42399854,Leni,False,2021-11-18 21:52:04,2021-11-18 21:52:04
42400591,Layla,False,2021-11-02 02:55:20,2021-11-02 02:55:20
42406759,Sarah,False,2021-11-15 04:52:06,2021-11-15 04:52:06
42446331,Benjamin,False,2021-11-13 21:39:58,2021-11-13 21:39:58
42450550,Fulda,False,2015-09-05 09:46:14,2015-09-05 09:46:14
42458349,Lea,False,2015-09-05 14:06:59,2015-09-05 14:06:59
42465270,Ted,False,2015-11-28 08:00:46,2015-11-28 08:00:46
42475992,Sarah,False,2021-10-27 22:21:14,2021-10-27 22:21:14
42476536,Gesine,False,2021-11-19 07:02:44,2021-11-19 07:02:44
42489049,Friedrich,False,2021-11-11 22:28:33,2021-11-11 22:28:33
42490374,Joel & Peggy,False,2018-02-09 09:43:25,2018-02-09 09:43:25
42506714,Constanze,True,2016-06-23 07:15:49,2016-06-23 07:15:49
42517224,Lajana,False,2015-09-07 00:50:07,2015-09-07 00:50:07
42549572,Justus,False,2015-09-03 15:52:51,2015-09-03 15:52:51
42557404,Maike,False,2019-09-19 13:27:16,2019-09-19 13:27:16
42571558,Bettina Irene,False,2021-11-14 00:55:04,2021-11-14 00:55:04
42577792,Marlon,False,2015-08-24 23:35:12,2015-08-24 23:35:12
42586497,Alina,False,2019-10-02 15:57:48,2019-10-02 15:57:48
42589440,Michael,True,2019-06-28 16:44:53,2019-06-28 16:44:53
42591447,Dominik,False,2015-08-30 01:25:46,2015-08-30 01:25:46
42599778,Jeannette,False,2015-09-05 10:58:18,2015-09-05 10:58:18
42611958,Lara,False,2017-01-01 00:35:52,2017-01-01 00:35:52
42620176,Nora,False,2021-10-29 13:40:13,2021-10-29 13:40:13
42642490,Tal,False,2019-05-04 00:21:14,2019-05-04 00:21:14
42648992,Sylvia,True,2018-04-04 02:19:53,2018-04-04 02:19:53
42649960,Mia,False,2015-08-27 18:59:26,2015-08-27 18:59:26
42655330,Daphne,False,2016-06-01 06:20:04,2016-06-01 06:20:04
42657352,Flo,False,2019-04-09 00:29:38,2019-04-09 00:29:38
42665776,Josephine,False,2019-09-01 00:03:05,2019-09-01 00:03:05
42667148,Jascha,False,2019-05-12 13:58:23,2019-05-12 13:58:23
42667991,Katharina,True,2019-06-14 07:09:59,2019-06-14 07:09:59
42671030,Gorki Apartments,True,2018-11-03 05:17:17,2018-11-03 05:17:17
42687196,Céline,True,2016-06-29 12:13:40,2016-06-29 12:13:40
42694217,Caren,False,2016-05-19 13:19:49,2016-05-19 13:19:49
42696213,Micki,False,2017-06-02 21:16:55,2017-06-02 21:16:55
42704504,Linda,True,2016-05-07 09:46:03,2016-05-07 09:46:03
42706552,Laura,False,2016-03-21 16:16:39,2016-03-21 16:16:39
42743763,Marfa,False,2021-09-08 09:08:25,2021-09-08 09:08:25
42746984,Luise,False,2019-07-06 22:14:19,2019-07-06 22:14:19
42748955,Kerstin,False,2020-06-22 02:38:15,2020-06-22 02:38:15
42751688,Caroline,False,2015-09-04 09:38:02,2015-09-04 09:38:02
42782522,Klara,False,2015-09-26 19:38:12,2015-09-26 19:38:12
42790135,Alice,False,2020-08-26 18:59:39,2020-08-26 18:59:39
42813937,Josephine,False,2021-11-11 08:16:45,2021-11-11 08:16:45
42814731,Matthias,False,2016-07-29 17:36:03,2016-07-29 17:36:03
42815772,Jocelyne,True,2016-04-24 09:44:10,2016-04-24 09:44:10
42816969,Ben,False,2020-07-06 08:31:00,2020-07-06 08:31:00
42826266,Marie,False,2015-09-08 08:25:45,2015-09-08 08:25:45
42840062,Annika,False,2017-07-30 04:57:05,2017-07-30 04:57:05
42848396,Lena,False,2018-04-01 21:39:34,2018-04-01 21:39:34
42851391,Ferdinand,False,2015-09-08 04:17:58,2015-09-08 04:17:58
42856127,Coline,False,2017-06-27 07:59:32,2017-06-27 07:59:32
42886938,Nico,False,2017-08-09 21:13:28,2017-08-09 21:13:28
42890789,Trajan,False,2015-08-31 18:10:01,2015-08-31 18:10:01
42891109,Zoé,False,2015-09-28 01:36:34,2015-09-28 01:36:34
42904836,Micha,False,2015-09-10 05:09:36,2015-09-10 05:09:36
42907773,Inès,False,2021-11-07 23:40:38,2021-11-07 23:40:38
42908172,Stefan,False,2021-11-02 05:21:31,2021-11-02 05:21:31
42911160,El,False,2015-09-19 21:17:22,2015-09-19 21:17:22
42937040,Jannes,False,2021-10-24 01:23:42,2021-10-24 01:23:42
42941673,Ane,False,2021-10-29 21:10:11,2021-10-29 21:10:11
42963996,Tereza,False,2016-03-07 20:14:53,2016-03-07 20:14:53
42964366,Linda,False,2015-09-01 06:14:34,2015-09-01 06:14:34
42968102,Anna,False,2017-12-21 23:57:11,2017-12-21 23:57:11
42990588,Babs,False,2021-10-26 03:06:06,2021-10-26 03:06:06
42994777,Doreen,False,2015-10-03 18:32:39,2015-10-03 18:32:39
42995258,Marina,False,2021-10-29 09:47:09,2021-10-29 09:47:09
42997060,Sarah,False,2017-10-07 14:30:24,2017-10-07 14:30:24
43016864,Hella,False,2018-01-03 22:36:47,2018-01-03 22:36:47
43021258,Jonah,False,2016-03-21 21:09:37,2016-03-21 21:09:37
43028367,Christine,False,2016-05-10 22:41:56,2016-05-10 22:41:56
43047137,Jorge,False,2021-10-26 17:02:50,2021-10-26 17:02:50
43056286,Nora,False,2019-07-08 06:01:10,2019-07-08 06:01:10
43062433,Katja And Christian,False,2015-10-20 06:36:27,2015-10-20 06:36:27
43067122,Felix,False,2018-03-07 04:22:00,2018-03-07 04:22:00
43083106,Joshua,False,2017-02-21 03:06:42,2017-02-21 03:06:42
43094644,Felix,False,2015-09-06 06:48:55,2015-09-06 06:48:55
43158330,Michael,False,2015-09-22 03:48:06,2015-09-22 03:48:06
43165302,Pinar,False,2019-04-19 16:38:33,2019-04-19 16:38:33
43166516,Rike,False,2015-09-11 10:33:04,2015-09-11 10:33:04
43171102,Christin,False,2015-08-30 01:03:03,2015-08-30 01:03:03
43178346,Nora,False,2017-09-20 20:39:43,2017-09-20 20:39:43
43191658,Ninell,False,2018-03-05 23:50:16,2018-03-05 23:50:16
43198232,Frederikje,False,2015-09-22 20:51:47,2015-09-22 20:51:47
43199279,Günter,False,2021-11-07 12:13:46,2021-11-07 12:13:46
43199378,Gaby,False,2015-09-08 14:35:08,2015-09-08 14:35:08
43237520,Serafima,False,2019-05-08 04:35:22,2019-05-08 04:35:22
43238879,Katharina,False,2021-11-06 17:56:10,2021-11-06 17:56:10
43257754,Nora,False,2015-08-31 06:52:42,2015-08-31 06:52:42
43270338,Jakob,False,2015-11-03 14:07:46,2015-11-03 14:07:46
43320357,Lucía,False,2015-09-04 07:30:43,2015-09-04 07:30:43
43322389,Moji,False,2021-04-19 02:12:41,2021-04-19 02:12:41
43325004,Nadine,False,2016-08-04 17:44:31,2016-08-04 17:44:31
43358860,Jana,False,2021-11-14 00:55:10,2021-11-14 00:55:10
43368912,Anastacia,False,2019-11-26 01:55:14,2019-11-26 01:55:14
43370113,Adir,True,2016-01-04 10:39:31,2016-01-04 10:39:31
43401067,Michael,False,2017-03-18 07:00:52,2017-03-18 07:00:52
43403657,Linda,False,2017-08-28 23:15:24,2017-08-28 23:15:24
43414352,Elisa,False,2016-04-03 18:14:09,2016-04-03 18:14:09
43417586,Carlos,False,2015-09-17 03:45:54,2015-09-17 03:45:54
43425959,Olga,False,2019-06-09 02:35:02,2019-06-09 02:35:02
43438099,Martin,False,2015-09-06 09:24:57,2015-09-06 09:24:57
43444878,Elena,False,2018-01-08 22:04:40,2018-01-08 22:04:40
43474796,Cada,False,2018-02-21 23:40:40,2018-02-21 23:40:40
43480546,Amadou,False,2021-10-23 16:00:13,2021-10-23 16:00:13
43482521,Yacine,False,2015-09-01 05:50:35,2015-09-01 05:50:35
43486948,Khoa H.,False,2021-11-03 03:02:10,2021-11-03 03:02:10
43488611,Gerrit,False,2015-09-07 04:30:30,2015-09-07 04:30:30
43499342,Ingrid,False,2015-10-18 20:13:03,2015-10-18 20:13:03
43502635,Valeria,False,2021-10-26 07:35:53,2021-10-26 07:35:53
43507112,Julia,False,2019-05-07 10:06:33,2019-05-07 10:06:33
43516924,Daniel,False,2015-09-04 11:34:44,2015-09-04 11:34:44
43525474,Ines,True,2016-12-07 01:17:31,2016-12-07 01:17:31
43577409,Milena,False,2021-11-08 07:22:49,2021-11-08 07:22:49
43585547,Andy,True,2018-08-15 22:21:06,2018-08-15 22:21:06
43586355,Thais,False,2015-10-09 15:33:39,2015-10-09 15:33:39
43588306,Christian,False,2021-11-01 04:53:26,2021-11-01 04:53:26
43608525,Felix,True,2016-08-18 21:10:24,2016-08-18 21:10:24
43617459,Rococolosi,False,2015-09-29 17:12:25,2015-09-29 17:12:25
43669228,Michael,False,2018-03-19 00:25:33,2018-03-19 00:25:33
43675671,Liese,False,2018-05-05 09:27:00,2018-05-05 09:27:00
43695618,Fernando,False,2017-02-19 01:13:40,2017-02-19 01:13:40
43701440,Aline,False,2021-11-03 04:25:34,2021-11-03 04:25:34
43715685,Yanan,False,2021-06-14 03:59:37,2021-06-14 03:59:37
43716656,Ruben,False,2015-09-06 06:36:14,2015-09-06 06:36:14
43722604,Felix,False,2021-11-01 07:13:35,2021-11-01 07:13:35
43749352,Henrika,False,2021-08-25 17:32:03,2021-08-25 17:32:03
43750894,Christina,False,2021-11-12 16:37:42,2021-11-12 16:37:42
43757428,Laura,False,2019-12-21 16:16:44,2019-12-21 16:16:44
43763425,Pablo,False,2021-10-23 14:38:27,2021-10-23 14:38:27
43764714,Sandra,False,2015-09-17 21:03:12,2015-09-17 21:03:12
43770352,Corinne,False,2021-11-17 18:34:19,2021-11-17 18:34:19
43771657,Wolfgang,False,2016-03-22 21:11:07,2016-03-22 21:11:07
43771825,Franziska,False,2017-05-21 16:59:19,2017-05-21 16:59:19
43792354,Amanda,False,2021-11-05 12:47:02,2021-11-05 12:47:02
43825083,Susanne,False,2021-10-23 06:34:15,2021-10-23 06:34:15
43836552,Kay,False,2016-02-01 01:11:48,2016-02-01 01:11:48
43842015,Lea,False,2017-02-13 22:01:03,2017-02-13 22:01:03
43853738,Alexandra,False,2016-08-04 13:26:01,2016-08-04 13:26:01
43856294,Hannes,True,2015-11-03 10:31:08,2015-11-03 10:31:08
43865666,Sören,False,2020-07-10 21:27:48,2020-07-10 21:27:48
43868228,Judith,False,2015-09-21 13:56:33,2015-09-21 13:56:33
43876170,Juliane,False,2015-10-25 14:30:11,2015-10-25 14:30:11
43880258,Marie,False,2019-06-23 20:03:58,2019-06-23 20:03:58
43883738,Ewa,False,2017-11-24 06:09:14,2017-11-24 06:09:14
43917610,Antje,False,2019-10-02 14:20:16,2019-10-02 14:20:16
43917936,Stefanie,False,2021-11-18 23:42:18,2021-11-18 23:42:18
43920580,Daniel,False,2019-07-31 23:31:55,2019-07-31 23:31:55
43920655,Katie,False,2015-09-27 22:51:43,2015-09-27 22:51:43
43926678,Orsi,False,2018-12-28 00:49:09,2018-12-28 00:49:09
43935521,Johannes,False,2021-11-19 10:36:19,2021-11-19 10:36:19
43946346,Luana,False,2017-12-30 06:33:09,2017-12-30 06:33:09
43946838,Saket,False,2021-10-30 06:07:16,2021-10-30 06:07:16
43951582,Max,False,2020-07-14 18:37:57,2020-07-14 18:37:57
43954549,Sabine,False,2021-09-21 20:32:38,2021-09-21 20:32:38
44014950,Maximilian,False,2016-09-15 00:26:54,2016-09-15 00:26:54
44016520,Natalia,False,2015-11-11 11:10:43,2015-11-11 11:10:43
44062595,Nadine,False,2021-10-24 05:27:18,2021-10-24 05:27:18
44070994,Lea,False,2020-08-07 13:11:48,2020-08-07 13:11:48
44092893,Pia,False,2017-03-30 04:57:53,2017-03-30 04:57:53
44097204,Martina,False,2015-09-05 21:15:17,2015-09-05 21:15:17
44100369,Franziska,False,2021-11-11 13:24:07,2021-11-11 13:24:07
44106573,Omar,False,2019-10-23 14:36:05,2019-10-23 14:36:05
44108226,Michela,False,2021-10-21 11:31:29,2021-10-21 11:31:29
44108387,Sarah,False,2019-07-22 22:19:59,2019-07-22 22:19:59
44108734,Emma,False,2021-11-16 04:16:45,2021-11-16 04:16:45
44122116,Fee,False,2015-09-08 16:44:48,2015-09-08 16:44:48
44138349,Rico,False,2015-12-19 15:27:03,2015-12-19 15:27:03
44139855,Emma Louise,False,2018-09-18 11:56:59,2018-09-18 11:56:59
44149259,Natalie,False,2015-09-14 16:27:04,2015-09-14 16:27:04
44182516,Yutta,False,2015-10-24 23:13:27,2015-10-24 23:13:27
44186418,Kai,False,2017-09-30 06:02:59,2017-09-30 06:02:59
44188079,Christina,False,2017-06-20 23:15:00,2017-06-20 23:15:00
44195790,Philipp,False,2015-12-27 16:54:05,2015-12-27 16:54:05
44199038,Ali-Adnan,False,2017-08-28 00:52:57,2017-08-28 00:52:57
44200428,Lora,False,2015-12-30 12:14:07,2015-12-30 12:14:07
44202490,Igne,False,2017-01-19 11:56:44,2017-01-19 11:56:44
44227999,Annie,False,2016-12-21 14:35:29,2016-12-21 14:35:29
44230864,Daniel,False,2021-10-24 08:35:54,2021-10-24 08:35:54
44257772,Lukas,False,2019-08-28 11:20:03,2019-08-28 11:20:03
44309225,Julianne,False,2021-11-01 15:44:25,2021-11-01 15:44:25
44314509,Inge,False,2021-09-12 03:09:59,2021-09-12 03:09:59
44322194,Karl-Luis,False,2021-10-22 03:07:36,2021-10-22 03:07:36
44325953,David,False,2015-09-22 11:10:09,2015-09-22 11:10:09
44330617,Jeremiah,False,2016-11-16 22:25:24,2016-11-16 22:25:24
44336966,Kevin,False,2021-11-07 02:21:48,2021-11-07 02:21:48
44343822,Johanna,False,2020-02-15 18:36:34,2020-02-15 18:36:34
44349864,Jerome,False,2017-09-30 15:16:43,2017-09-30 15:16:43
44350311,Alexander,False,2015-09-28 01:31:52,2015-09-28 01:31:52
44363182,Friederike,False,2021-11-07 20:37:43,2021-11-07 20:37:43
44373619,Lars,False,2016-12-31 22:36:05,2016-12-31 22:36:05
44375747,Luís,False,2021-11-08 01:06:27,2021-11-08 01:06:27
44376435,Dina,False,2017-05-06 12:56:54,2017-05-06 12:56:54
44376821,Sarah,False,2015-09-24 21:38:30,2015-09-24 21:38:30
44408086,Konstanze,False,2021-10-25 20:30:14,2021-10-25 20:30:14
44409698,Thomas,False,2015-09-07 18:53:24,2015-09-07 18:53:24
44426935,Arno,False,2015-09-17 06:03:55,2015-09-17 06:03:55
44473569,Daniel,False,2017-02-25 01:02:42,2017-02-25 01:02:42
44484956,Laura,False,2021-11-03 19:38:29,2021-11-03 19:38:29
44498472,Palina,False,2016-08-24 20:58:47,2016-08-24 20:58:47
44498576,Daniel,False,2017-04-19 06:21:27,2017-04-19 06:21:27
44510867,Holly,False,2016-07-16 07:05:05,2016-07-16 07:05:05
44548791,Roman,False,2021-10-29 22:48:36,2021-10-29 22:48:36
44583899,Madrilena,False,2016-01-03 07:36:36,2016-01-03 07:36:36
44604265,Alex,False,2016-03-16 17:03:13,2016-03-16 17:03:13
44638848,Alexander,False,2020-07-26 16:02:03,2020-07-26 16:02:03
44643673,Til,False,2019-09-17 16:38:13,2019-09-17 16:38:13
44658454,Asher,False,2019-03-11 03:20:23,2019-03-11 03:20:23
44661538,Isabel,False,2015-10-06 11:28:30,2015-10-06 11:28:30
44661738,Mona,False,2021-10-15 06:54:38,2021-10-15 06:54:38
44668946,Friederieke,False,2021-10-28 02:01:33,2021-10-28 02:01:33
44675430,Christian,False,2017-12-21 00:29:05,2017-12-21 00:29:05
44677005,Surlulu,False,2017-06-08 13:29:44,2017-06-08 13:29:44
44677449,Lisa,False,2021-10-31 20:11:16,2021-10-31 20:11:16
44679969,Viktor,False,2017-09-06 02:55:26,2017-09-06 02:55:26
44689441,Fabienne,False,2019-12-07 17:15:45,2019-12-07 17:15:45
44696672,Josh,False,2015-12-20 00:38:29,2015-12-20 00:38:29
44735331,Kai,False,2015-09-17 16:33:28,2015-09-17 16:33:28
44744915,Carmine,False,2017-02-25 13:26:40,2017-02-25 13:26:40
44764833,Ute,True,2015-09-20 06:57:09,2015-09-20 06:57:09
44778624,Jane,False,2015-10-31 13:27:11,2015-10-31 13:27:11
44785701,Saleem,False,2017-08-12 02:24:04,2017-08-12 02:24:04
44816934,Luca,False,2016-06-21 01:28:38,2016-06-21 01:28:38
44819858,James,False,2015-09-15 09:03:50,2015-09-15 09:03:50
44821687,Lukas & Salome,False,2017-05-24 04:39:08,2017-05-24 04:39:08
44824768,Farid,False,2021-11-11 18:53:50,2021-11-11 18:53:50
44824849,Anastasia,False,2021-09-06 15:22:09,2021-09-06 15:22:09
44826697,Ylva,False,2016-09-08 11:28:34,2016-09-08 11:28:34
44848794,Alan,False,2016-12-29 10:39:58,2016-12-29 10:39:58
44866580,Büke,True,2019-12-25 21:05:57,2019-12-25 21:05:57
44868519,Niclas,False,2017-08-03 12:25:04,2017-08-03 12:25:04
44933998,Ilia,False,2016-02-13 09:14:15,2016-02-13 09:14:15
44970672,Axel,False,2021-11-07 21:17:55,2021-11-07 21:17:55
44976207,Kim Larissa,False,2017-12-26 02:22:21,2017-12-26 02:22:21
44980957,Enikő,False,2019-03-25 13:39:07,2019-03-25 13:39:07
44985737,Luisa,True,2019-12-16 23:12:48,2019-12-16 23:12:48
45047587,Bernd,True,2018-05-11 07:44:56,2018-05-11 07:44:56
45050399,Alexandra,False,2015-09-22 20:11:13,2015-09-22 20:11:13
45051506,Laura,False,2021-10-30 03:31:00,2021-10-30 03:31:00
45055089,Melanie,False,2016-06-09 13:46:07,2016-06-09 13:46:07
45055865,Martin,False,2021-10-09 14:38:41,2021-10-09 14:38:41
45072888,Linda,False,2021-11-13 07:46:23,2021-11-13 07:46:23
45102795,Antonios,False,2018-04-18 22:40:30,2018-04-18 22:40:30
45133591,Anna,False,2018-10-28 05:14:33,2018-10-28 05:14:33
45151605,Maike,False,2021-11-15 22:24:31,2021-11-15 22:24:31
45152962,Sebastian,False,2016-02-23 20:46:04,2016-02-23 20:46:04
45160095,Annette,False,2021-11-18 12:53:41,2021-11-18 12:53:41
45192826,Geri,False,2018-09-04 23:42:07,2018-09-04 23:42:07
45201339,Amelie,False,2021-11-10 15:21:55,2021-11-10 15:21:55
45204224,Sabine,False,2015-12-31 05:37:19,2015-12-31 05:37:19
45209606,Michael,False,2015-09-29 04:58:22,2015-09-29 04:58:22
45212257,Lina,False,2015-11-27 00:56:42,2015-11-27 00:56:42
45251393,Vanessa,False,2017-12-15 19:32:33,2017-12-15 19:32:33
45273793,Severin,False,2019-02-11 01:04:47,2019-02-11 01:04:47
45280196,Jenni,False,2017-01-08 13:14:53,2017-01-08 13:14:53
45316649,Pheobe,False,2019-09-24 00:39:24,2019-09-24 00:39:24
45341447,Marlene,False,2017-07-01 00:04:22,2017-07-01 00:04:22
45342773,Estella,True,2017-07-25 11:18:49,2017-07-25 11:18:49
45345963,Philipp,False,2016-07-10 17:09:18,2016-07-10 17:09:18
45352166,Katharina,False,2021-11-15 20:18:47,2021-11-15 20:18:47
45362991,Nico,False,2016-02-14 10:06:24,2016-02-14 10:06:24
45368929,Astrid & Ingmar,False,2016-04-15 20:45:39,2016-04-15 20:45:39
45386071,Iris,False,2021-11-05 08:14:47,2021-11-05 08:14:47
45386440,York,False,2019-04-12 03:04:56,2019-04-12 03:04:56
45387947,Akribis,True,2017-12-31 01:06:57,2017-12-31 01:06:57
45392170,Luis,False,2016-01-03 03:10:40,2016-01-03 03:10:40
45395148,Arthur&Marina,True,2016-10-12 05:48:39,2016-10-12 05:48:39
45398028,Fritz,False,2019-07-10 15:57:06,2019-07-10 15:57:06
45424106,Florian,False,2016-12-21 10:48:31,2016-12-21 10:48:31
45425132,Christopher,False,2017-03-28 13:16:42,2017-03-28 13:16:42
45430486,Franziska,False,2019-09-16 23:43:54,2019-09-16 23:43:54
45439548,Laura,False,2017-10-14 12:14:12,2017-10-14 12:14:12
45464828,Dani,False,2021-11-10 22:34:54,2021-11-10 22:34:54
45467143,Seren,False,2019-06-02 03:14:13,2019-06-02 03:14:13
45496468,Christoph,True,2017-05-26 05:24:25,2017-05-26 05:24:25
45499567,Christian,True,2018-09-10 02:35:41,2018-09-10 02:35:41
45529183,Noor,False,2015-12-04 05:48:52,2015-12-04 05:48:52
45529243,Carmen,True,2018-06-02 23:18:12,2018-06-02 23:18:12
45534888,Svetlana,False,2021-10-28 21:05:34,2021-10-28 21:05:34
45541229,Sarah,False,2018-08-03 06:46:25,2018-08-03 06:46:25
45543558,Monika,False,2015-12-28 21:05:44,2015-12-28 21:05:44
45569143,Marc,True,2017-03-18 15:35:50,2017-03-18 15:35:50
45572867,Martin,False,2021-11-19 10:31:16,2021-11-19 10:31:16
45575503,Jennifer,False,2021-11-14 14:44:52,2021-11-14 14:44:52
45577950,Carlo,False,2015-10-19 17:08:02,2015-10-19 17:08:02
45585790,Adrienne,True,2018-10-31 14:41:58,2018-10-31 14:41:58
45591521,Simon,False,2015-10-01 14:51:08,2015-10-01 14:51:08
45637295,Laura,False,2017-08-10 03:49:59,2017-08-10 03:49:59
45642183,Joshua,False,2016-04-27 04:07:51,2016-04-27 04:07:51
45668745,Nora,False,2016-06-06 05:51:12,2016-06-06 05:51:12
45671942,Daniel,True,2020-01-25 01:21:56,2020-01-25 01:21:56
45673085,Jean,False,2015-11-24 15:27:53,2015-11-24 15:27:53
45715140,Diana,False,2016-01-04 01:54:07,2016-01-04 01:54:07
45717831,Lars,False,2015-11-21 12:52:57,2015-11-21 12:52:57
45717910,Judith,False,2021-10-28 21:23:06,2021-10-28 21:23:06
45719851,Julia,False,2021-11-16 11:09:02,2021-11-16 11:09:02
45723329,Tobias,False,2021-10-25 09:46:48,2021-10-25 09:46:48
45725092,Summer,False,2016-08-03 05:27:03,2016-08-03 05:27:03
45729642,Carolin,False,2015-10-16 00:17:16,2015-10-16 00:17:16
45739980,Morten,False,2021-10-30 09:08:42,2021-10-30 09:08:42
45740535,,,2021-10-25 07:35:03,2021-10-25 07:35:03
45754389,Marie-Wally,False,2016-04-01 06:01:30,2016-04-01 06:01:30
45792607,Tim,True,2015-10-18 19:45:00,2015-10-18 19:45:00
45811217,Victoria,False,2021-08-17 07:43:30,2021-08-17 07:43:30
45812828,Garrett,False,2021-11-09 18:31:27,2021-11-09 18:31:27
45813075,Katharina,False,2018-05-16 12:04:04,2018-05-16 12:04:04
45822466,Alexander,False,2015-10-08 11:12:14,2015-10-08 11:12:14
45825783,Linda,False,2020-08-06 06:44:16,2020-08-06 06:44:16
45832597,Nadine,False,2021-04-18 12:49:27,2021-04-18 12:49:27
45841317,Pascale,False,2015-12-27 12:58:12,2015-12-27 12:58:12
45848709,Belinda,False,2021-11-15 11:18:24,2021-11-15 11:18:24
45876750,Elena,False,2021-10-26 19:21:25,2021-10-26 19:21:25
45882986,Carsten,False,2017-04-11 04:59:28,2017-04-11 04:59:28
45890233,Cenk,True,2021-04-12 06:03:59,2021-04-12 06:03:59
45897464,Mehmet,False,2021-11-10 00:49:29,2021-11-10 00:49:29
45903314,Khôi,False,2021-11-08 01:34:37,2021-11-08 01:34:37
45903660,Maja,False,2019-02-13 05:25:02,2019-02-13 05:25:02
45921351,Judy,False,2019-08-23 13:37:36,2019-08-23 13:37:36
45924027,Anne,False,2020-08-22 16:42:41,2020-08-22 16:42:41
45925318,Nora,False,2021-06-02 17:23:27,2021-06-02 17:23:27
45954186,Karl,False,2019-11-13 14:04:56,2019-11-13 14:04:56
45962440,Sophie,False,2020-08-11 17:43:02,2020-08-11 17:43:02
45971163,Katja,False,2017-03-08 23:19:34,2017-03-08 23:19:34
45974421,Helen,False,2021-10-30 16:43:52,2021-10-30 16:43:52
45975496,Marjann,True,2015-10-24 11:58:25,2015-10-24 11:58:25
45983276,Andrzej,False,2021-10-26 17:57:26,2021-10-26 17:57:26
45988375,Klaudia,False,2015-10-07 15:04:49,2015-10-07 15:04:49
46002067,Matthew,False,2015-11-14 21:38:58,2015-11-14 21:38:58
46012848,Damir,False,2021-10-29 17:43:49,2021-10-29 17:43:49
46018761,Alfredo,False,2017-02-21 04:30:37,2017-02-21 04:30:37
46056998,Thomas,False,2015-10-25 06:03:11,2015-10-25 06:03:11
46058193,Dirk,False,2016-04-15 22:51:02,2016-04-15 22:51:02
46070872,Martin,False,2021-04-29 02:04:45,2021-04-29 02:04:45
46076661,Miso,False,2021-11-06 00:30:15,2021-11-06 00:30:15
46096418,Tomer,False,2017-02-05 02:05:38,2017-02-05 02:05:38
46130963,Chung,False,2021-11-06 10:47:51,2021-11-06 10:47:51
46136643,Katharina,True,2015-10-05 09:08:48,2015-10-05 09:08:48
46139071,Janna,False,2020-01-24 04:09:05,2020-01-24 04:09:05
46149557,Lucia,False,2021-11-18 06:04:10,2021-11-18 06:04:10
46157018,Lea Katharina,False,2021-07-23 07:01:44,2021-07-23 07:01:44
46160332,Elias,True,2021-04-15 12:34:28,2021-04-15 12:34:28
46163740,Joana,False,2019-09-25 11:27:58,2019-09-25 11:27:58
46198476,Nico,False,2021-03-23 12:40:25,2021-03-23 12:40:25
46243075,Enchmaa,False,2021-06-23 06:22:05,2021-06-23 06:22:05
46272411,Michael,False,2015-10-23 12:37:56,2015-10-23 12:37:56
46279782,Nash,False,2021-11-16 06:34:20,2021-11-16 06:34:20
46284369,Peter,False,2016-12-31 22:33:26,2016-12-31 22:33:26
46285756,Anna,False,2015-11-12 06:47:16,2015-11-12 06:47:16
46288883,Olivia,False,2021-03-16 23:20:10,2021-03-16 23:20:10
46303349,Martin,False,2021-11-13 20:48:40,2021-11-13 20:48:40
46312235,Killian,False,2017-08-04 20:21:19,2017-08-04 20:21:19
46344547,Cassandre,False,2018-06-20 18:22:04,2018-06-20 18:22:04
46357364,Vladimir,True,2017-07-29 23:39:25,2017-07-29 23:39:25
46359595,Christian,False,2021-11-18 10:22:47,2021-11-18 10:22:47
46371452,Aneta,False,2019-12-30 07:32:18,2019-12-30 07:32:18
46401301,Kristina,False,2015-12-31 16:08:33,2015-12-31 16:08:33
46402384,Marion,False,2015-11-17 02:10:23,2015-11-17 02:10:23
46404626,Anton,False,2021-08-01 13:40:40,2021-08-01 13:40:40
46448446,Larissa,False,2016-08-01 03:54:50,2016-08-01 03:54:50
46473860,Petra,True,2021-03-05 19:37:54,2021-03-05 19:37:54
46474213,Diana,False,2015-11-02 10:39:51,2015-11-02 10:39:51
46477100,Paul,False,2021-11-02 16:41:27,2021-11-02 16:41:27
46479799,Youssef,False,2020-09-11 22:01:29,2020-09-11 22:01:29
46485082,Sarah,False,2016-03-17 02:00:01,2016-03-17 02:00:01
46540344,Karsten,False,2021-10-25 01:16:49,2021-10-25 01:16:49
46541025,Jochen,False,2018-07-02 01:17:01,2018-07-02 01:17:01
46554922,Dang-Khoa,False,2021-11-04 03:43:40,2021-11-04 03:43:40
46566344,Heiko,False,2017-03-05 10:56:05,2017-03-05 10:56:05
46573787,Eileen,False,2018-11-11 11:13:37,2018-11-11 11:13:37
46580167,Klara,False,2018-10-15 09:05:09,2018-10-15 09:05:09
46585760,Viv,False,2018-07-19 09:46:25,2018-07-19 09:46:25
46602342,Judith,False,2016-06-16 12:19:19,2016-06-16 12:19:19
46618819,Mohamed,False,2021-10-29 17:02:28,2021-10-29 17:02:28
46621075,Simone,True,2018-09-13 03:52:20,2018-09-13 03:52:20
46638999,Katharina,False,2019-12-23 23:48:00,2019-12-23 23:48:00
46640381,Stefan,True,2016-01-22 09:06:09,2016-01-22 09:06:09
46645842,Sonja,False,2019-08-31 14:32:40,2019-08-31 14:32:40
46646266,Cornelia,False,2020-08-05 03:49:01,2020-08-05 03:49:01
46659004,Bruno,False,2018-08-23 02:59:15,2018-08-23 02:59:15
46662948,Kyra,False,2020-06-21 04:59:21,2020-06-21 04:59:21
46692555,Max,True,2019-02-02 21:53:17,2019-02-02 21:53:17
46703425,Nick,False,2019-01-27 09:37:31,2019-01-27 09:37:31
46704861,Nikolas,False,2021-10-26 08:14:31,2021-10-26 08:14:31
46708018,Marine,False,2016-02-01 04:44:33,2016-02-01 04:44:33
46716635,Mahmoud,False,2019-10-12 18:15:59,2019-10-12 18:15:59
46719504,Maria Jose,False,2021-11-06 14:36:44,2021-11-06 14:36:44
46720356,Anna,False,2015-12-11 19:00:00,2015-12-11 19:00:00
46721242,Sabine,False,2021-07-18 04:51:14,2021-07-18 04:51:14
46755090,Judith,False,2016-07-31 18:20:42,2016-07-31 18:20:42
46778937,Rémi,False,2015-10-27 07:01:04,2015-10-27 07:01:04
46835837,Igor,False,2016-05-09 04:44:11,2016-05-09 04:44:11
46837469,Christine,False,2017-06-03 23:36:34,2017-06-03 23:36:34
46854651,Theres,True,2015-10-14 21:59:55,2015-10-14 21:59:55
46911033,Silke,True,2015-11-05 09:02:59,2015-11-05 09:02:59
46945775,Frank,False,2021-09-19 12:56:57,2021-09-19 12:56:57
46947919,David,False,2019-07-08 15:49:17,2019-07-08 15:49:17
46963247,Stephanie,False,2015-11-02 10:40:40,2015-11-02 10:40:40
46964992,Laurent,True,2018-02-19 01:02:49,2018-02-19 01:02:49
46994432,Patrick,False,2018-09-26 05:08:12,2018-09-26 05:08:12
47010115,Alex,False,2017-10-22 02:26:48,2017-10-22 02:26:48
47028092,Patrick,False,2017-12-09 08:23:38,2017-12-09 08:23:38
47038452,Eva,False,2021-11-03 04:33:38,2021-11-03 04:33:38
47039426,Antonia,False,2016-09-02 13:29:00,2016-09-02 13:29:00
47080687,Eduard,False,2016-06-26 06:51:48,2016-06-26 06:51:48
47085194,Matthew,False,2021-11-04 10:44:48,2021-11-04 10:44:48
47120621,Janine,False,2020-08-01 19:13:27,2020-08-01 19:13:27
47121206,Eileen,False,2021-10-31 06:25:05,2021-10-31 06:25:05
47125192,Manfred,True,2016-03-03 18:49:33,2016-03-03 18:49:33
47128495,Jonas,False,2021-11-16 18:47:30,2021-11-16 18:47:30
47167162,Tatiana,False,2019-04-23 00:23:56,2019-04-23 00:23:56
47172283,Jana,False,2016-07-22 05:13:13,2016-07-22 05:13:13
47208068,Pia,False,2021-08-01 00:37:56,2021-08-01 00:37:56
47246194,Marius,False,2015-10-30 05:29:49,2015-10-30 05:29:49
47248832,Paloma,False,2017-09-01 11:16:41,2017-09-01 11:16:41
47255295,Liam,False,2021-11-11 07:27:52,2021-11-11 07:27:52
47262014,Can,False,2019-07-21 06:45:50,2019-07-21 06:45:50
47270451,Ab,False,2019-03-19 05:09:07,2019-03-19 05:09:07
47306584,Irina,False,2019-04-05 05:30:54,2019-04-05 05:30:54
47313556,Gergö,False,2017-07-30 11:50:55,2017-07-30 11:50:55
47315556,Laura,False,2016-03-10 20:46:33,2016-03-10 20:46:33
47337300,Ployz & Moritz,False,2021-11-12 10:14:42,2021-11-12 10:14:42
47368524,Moritz,False,2016-04-29 06:29:49,2016-04-29 06:29:49
47371579,Max,False,2015-10-28 03:36:45,2015-10-28 03:36:45
47375711,Luise,False,2016-04-30 12:25:17,2016-04-30 12:25:17
47378753,Johanna,False,2017-08-15 02:55:52,2017-08-15 02:55:52
47381542,Polina,False,2018-10-27 06:54:24,2018-10-27 06:54:24
47397164,Bernd,False,2018-01-06 15:53:23,2018-01-06 15:53:23
47402784,Lara,False,2021-11-08 23:33:22,2021-11-08 23:33:22
47409384,Holger,False,2021-10-22 04:42:47,2021-10-22 04:42:47
47452769,Meike,False,2020-11-30 20:49:35,2020-11-30 20:49:35
47454008,Miho,False,2021-11-10 19:57:38,2021-11-10 19:57:38
47456791,Sami,False,2021-11-07 18:47:45,2021-11-07 18:47:45
47458713,Ayelen,False,2021-11-15 03:38:13,2021-11-15 03:38:13
47467330,Elena,True,2018-07-31 02:53:05,2018-07-31 02:53:05
47469652,Tina,False,2017-04-07 20:20:11,2017-04-07 20:20:11
47478452,Sara,False,2015-11-05 20:23:28,2015-11-05 20:23:28
47479755,Katja,False,2021-11-14 23:01:31,2021-11-14 23:01:31
47496936,Ekaterine,False,2017-11-03 12:00:52,2017-11-03 12:00:52
47532556,Julita,False,2019-11-04 03:24:41,2019-11-04 03:24:41
47533432,Moritz,False,2016-09-01 01:53:08,2016-09-01 01:53:08
47544802,Adrian,False,2015-12-26 12:28:40,2015-12-26 12:28:40
47554561,Robert,False,2021-11-16 07:20:22,2021-11-16 07:20:22
47556192,Roland,False,2015-12-16 08:52:03,2015-12-16 08:52:03
47560915,Parima,False,2017-12-21 19:52:47,2017-12-21 19:52:47
47561096,Daniel,False,2020-07-11 05:04:10,2020-07-11 05:04:10
47580317,Stefan,False,2021-11-11 20:43:00,2021-11-11 20:43:00
47580450,Eric,True,2019-06-04 06:50:47,2019-06-04 06:50:47
47594510,Rene,False,2019-08-15 22:43:20,2019-08-15 22:43:20
47614334,Linda,False,2015-12-03 17:35:52,2015-12-03 17:35:52
47619590,Martin,False,2019-12-28 09:28:44,2019-12-28 09:28:44
47625075,Despina,False,2021-11-07 11:27:33,2021-11-07 11:27:33
47640324,Ines + Olaf,False,2021-11-01 12:21:31,2021-11-01 12:21:31
47641026,Damaris,False,2018-12-25 20:14:38,2018-12-25 20:14:38
47658174,Rod,False,2021-03-30 19:34:05,2021-03-30 19:34:05
47680711,Taiga,False,2018-07-28 21:50:01,2018-07-28 21:50:01
47684936,Louise,False,2021-11-10 23:46:41,2021-11-10 23:46:41
47690727,Jakob,False,2017-09-13 22:08:26,2017-09-13 22:08:26
47702685,Paul,False,2017-03-06 05:49:07,2017-03-06 05:49:07
47703190,Liv,False,2015-11-04 14:10:11,2015-11-04 14:10:11
47710864,Lena,False,2021-11-11 15:21:22,2021-11-11 15:21:22
47722314,Paul,False,2017-08-25 23:05:28,2017-08-25 23:05:28
47755065,Francisco,False,2016-03-30 21:50:46,2016-03-30 21:50:46
47795570,David I.,False,2019-12-25 12:03:03,2019-12-25 12:03:03
47861241,Deli,False,2021-11-05 16:08:36,2021-11-05 16:08:36
47879767,Robert,False,2021-11-07 12:39:42,2021-11-07 12:39:42
47884220,Carlos,False,2015-12-25 04:03:04,2015-12-25 04:03:04
47886835,Florentin,False,2015-12-11 11:24:27,2015-12-11 11:24:27
47888163,Lars,False,2015-12-21 22:58:10,2015-12-21 22:58:10
47888597,Christian,False,2019-09-29 13:54:45,2019-09-29 13:54:45
47890530,Jana,False,2016-01-30 10:59:23,2016-01-30 10:59:23
47907928,Tanguy,False,2018-12-20 04:10:30,2018-12-20 04:10:30
47920551,Jürgen,True,2018-10-25 06:35:53,2018-10-25 06:35:53
47941864,O.,False,2017-05-15 14:55:22,2017-05-15 14:55:22
47953713,Grünau,False,2020-08-06 18:20:20,2020-08-06 18:20:20
47963145,Tim,False,2019-02-24 21:34:35,2019-02-24 21:34:35
47997989,Julian,False,2021-11-05 14:59:55,2021-11-05 14:59:55
48036963,Josephine,False,2017-08-25 15:58:41,2017-08-25 15:58:41
48042546,Pascal,False,2017-04-19 01:28:26,2017-04-19 01:28:26
48047539,Sarah,False,2016-03-15 03:54:54,2016-03-15 03:54:54
48067170,Tommy,False,2021-10-21 21:09:25,2021-10-21 21:09:25
48067287,Annina,False,2021-11-11 23:14:07,2021-11-11 23:14:07
48073704,Andrea,True,2019-08-29 20:07:42,2019-08-29 20:07:42
48075317,Lodovica,False,2016-01-01 05:56:08,2016-01-01 05:56:08
48088037,Hendrik,False,2020-07-23 13:36:36,2020-07-23 13:36:36
48090800,Stephan,True,2017-08-11 07:38:09,2017-08-11 07:38:09
48094926,Paul,False,2017-07-07 21:26:29,2017-07-07 21:26:29
48098445,Johanna,False,2017-08-06 14:50:00,2017-08-06 14:50:00
48117755,Diego,False,2018-01-03 02:08:24,2018-01-03 02:08:24
48135956,Katharina,False,2017-07-27 09:26:11,2017-07-27 09:26:11
48143121,Cristina,False,2019-09-19 22:02:51,2019-09-19 22:02:51
48155013,Christine,False,2018-05-13 09:19:45,2018-05-13 09:19:45
48182523,Anupam,False,2020-03-01 21:56:55,2020-03-01 21:56:55
48194724,Marian,True,2020-12-14 02:16:26,2020-12-14 02:16:26
48235962,Lukas,False,2017-08-23 14:49:16,2017-08-23 14:49:16
48242833,Sarah,True,2015-11-05 15:44:12,2015-11-05 15:44:12
48246874,Celine,False,2015-11-07 18:00:37,2015-11-07 18:00:37
48267425,Kalle,False,2021-11-02 06:04:19,2021-11-02 06:04:19
48268160,Reini,False,2021-11-19 01:15:38,2021-11-19 01:15:38
48273473,Marcel,False,2021-11-19 16:52:09,2021-11-19 16:52:09
48304780,Yingya,False,2021-11-09 04:28:50,2021-11-09 04:28:50
48309527,Dominik,False,2021-09-23 10:59:50,2021-09-23 10:59:50
48311536,Jenny,False,2015-12-17 19:36:44,2015-12-17 19:36:44
48315402,Benjamin,False,2021-10-29 22:20:45,2021-10-29 22:20:45
48324223,Lisa,False,2017-07-08 14:05:00,2017-07-08 14:05:00
48330762,Oliver,True,2019-03-09 02:17:05,2019-03-09 02:17:05
48388657,Julia,False,2019-07-18 17:27:37,2019-07-18 17:27:37
48388688,Blandine,False,2015-11-09 12:31:21,2015-11-09 12:31:21
48406225,Boro,False,2015-11-09 19:14:08,2015-11-09 19:14:08
48414419,Si,False,2017-04-09 19:43:34,2017-04-09 19:43:34
48416458,Christoph,False,2015-12-28 09:09:47,2015-12-28 09:09:47
48422365,Berit,False,2016-08-06 08:10:52,2016-08-06 08:10:52
48462085,Franzi Viktualia,False,2019-05-07 15:27:45,2019-05-07 15:27:45
48464380,Wilhelm,False,2019-11-20 07:25:29,2019-11-20 07:25:29
48477297,Vera,False,2017-05-09 13:51:31,2017-05-09 13:51:31
48479194,Tim,False,2017-08-17 20:01:49,2017-08-17 20:01:49
48494537,Marc,False,2020-06-23 11:19:48,2020-06-23 11:19:48
48494867,Fayez,False,2017-08-26 20:53:47,2017-08-26 20:53:47
48503637,Alexandra,False,2016-02-28 07:53:13,2016-02-28 07:53:13
48504151,Lukas,False,2017-01-05 23:39:27,2017-01-05 23:39:27
48505274,Philipp,False,2017-04-03 13:57:51,2017-04-03 13:57:51
48549359,Lise,False,2021-10-29 22:48:48,2021-10-29 22:48:48
48554991,Beate,True,2019-05-03 00:08:22,2019-05-03 00:08:22
48563928,Lisa,False,2021-11-12 21:53:04,2021-11-12 21:53:04
48573522,Markus,False,2020-02-14 02:27:07,2020-02-14 02:27:07
48584829,Thun,False,2019-06-28 04:01:51,2019-06-28 04:01:51
48598844,Astrid,True,2016-04-24 08:57:10,2016-04-24 08:57:10
48600187,Rick Maria,True,2018-12-30 07:24:38,2018-12-30 07:24:38
48608070,Anastasios,False,2015-12-20 08:46:28,2015-12-20 08:46:28
48651119,Hannelore,False,2016-01-31 15:35:04,2016-01-31 15:35:04
48658819,Rocinta,False,2021-11-17 18:40:34,2021-11-17 18:40:34
48660131,Benjamin,False,2018-09-21 05:53:08,2018-09-21 05:53:08
48666378,Maria,True,2018-01-16 14:18:33,2018-01-16 14:18:33
48674492,Hannah,False,2020-02-20 06:31:09,2020-02-20 06:31:09
48681616,Sebastian,False,2017-10-18 11:34:40,2017-10-18 11:34:40
48693209,Clara,False,2019-09-08 07:58:20,2019-09-08 07:58:20
48743231,Faustin,False,2016-05-06 04:54:10,2016-05-06 04:54:10
48746782,Liliana,False,2016-01-05 11:27:03,2016-01-05 11:27:03
48750397,Eva,False,2020-07-03 19:29:26,2020-07-03 19:29:26
48765425,Nadine,False,2017-05-25 16:57:08,2017-05-25 16:57:08
48767494,Mathias,False,2019-07-27 22:17:04,2019-07-27 22:17:04
48772258,Beatrice,False,2020-02-01 15:37:12,2020-02-01 15:37:12
48788385,Kaspar,False,2017-05-21 09:02:29,2017-05-21 09:02:29
48796721,Sascha,False,2019-05-29 09:43:43,2019-05-29 09:43:43
48805100,René,False,2021-10-31 04:40:54,2021-10-31 04:40:54
48830587,Jochen,False,2018-08-16 06:33:40,2018-08-16 06:33:40
48842094,Merve,False,2021-10-11 11:45:26,2021-10-11 11:45:26
48848836,Ekaterina,False,2019-05-13 23:08:22,2019-05-13 23:08:22
48850702,Yuval,False,2019-05-12 02:34:31,2019-05-12 02:34:31
48853122,Antonia,False,2018-09-24 20:49:04,2018-09-24 20:49:04
48858677,Alessandro,False,2019-07-17 05:04:40,2019-07-17 05:04:40
48860904,Juli,False,2017-05-18 13:49:39,2017-05-18 13:49:39
48872858,Robin,False,2021-11-18 09:43:04,2021-11-18 09:43:04
48919884,Aleksandra,False,2021-11-13 13:06:05,2021-11-13 13:06:05
48929254,Vilhelm 7,False,2015-11-18 13:55:50,2015-11-18 13:55:50
48945955,Lariane,False,2021-11-12 16:31:57,2021-11-12 16:31:57
48956046,Heike,False,2021-10-24 14:22:22,2021-10-24 14:22:22
48961235,Stella,False,2015-11-16 19:52:17,2015-11-16 19:52:17
49019837,July,True,2018-07-14 02:50:50,2018-07-14 02:50:50
49068215,Dan & Robert,True,2016-05-06 13:54:34,2016-05-06 13:54:34
49071383,Amina,False,2016-08-13 15:54:13,2016-08-13 15:54:13
49146055,Gabriele,False,2021-11-04 04:55:41,2021-11-04 04:55:41
49233032,Marina,False,2019-04-14 05:09:20,2019-04-14 05:09:20
49234052,Cathleen,False,2015-12-26 05:06:20,2015-12-26 05:06:20
49237705,Tilo,False,2017-10-22 19:14:48,2017-10-22 19:14:48
49239290,Ann,False,2021-11-11 07:11:39,2021-11-11 07:11:39
49252413,Robert,False,2015-12-20 20:28:15,2015-12-20 20:28:15
49331865,Vanni,True,2018-04-23 11:36:14,2018-04-23 11:36:14
49342944,Caro,False,2015-12-25 17:08:56,2015-12-25 17:08:56
49350373,Andrea &Miri,False,2016-09-21 09:28:46,2016-09-21 09:28:46
49360311,Julie,False,2019-09-25 10:10:24,2019-09-25 10:10:24
49404245,Lukas,False,2019-04-14 19:01:50,2019-04-14 19:01:50
49416896,Antonio,False,2021-11-01 18:40:56,2021-11-01 18:40:56
49418427,Pinyapat,False,2021-08-27 23:28:40,2021-08-27 23:28:40
49423227,Svenja,False,2019-05-16 12:11:55,2019-05-16 12:11:55
49423896,Beate,True,2015-11-21 02:49:56,2015-11-21 02:49:56
49432458,Markus,False,2016-02-19 04:46:38,2016-02-19 04:46:38
49467735,Pierre,False,2019-05-26 19:51:42,2019-05-26 19:51:42
49469944,Hannes,False,2021-11-18 03:59:43,2021-11-18 03:59:43
49472627,Michael,False,2018-09-01 03:21:26,2018-09-01 03:21:26
49480576,Vincenzina,True,2017-03-27 09:37:10,2017-03-27 09:37:10
49509822,Ingo,False,2019-06-19 20:26:43,2019-06-19 20:26:43
49562507,Lea,False,2019-04-29 05:00:17,2019-04-29 05:00:17
49563005,Lilli,False,2021-11-08 09:26:56,2021-11-08 09:26:56
49566100,Andrew,False,2020-01-30 09:35:04,2020-01-30 09:35:04
49571456,Linda,False,2015-12-19 11:52:59,2015-12-19 11:52:59
49602552,Boris,False,2018-07-08 16:46:40,2018-07-08 16:46:40
49613218,Babette,False,2016-08-16 08:31:33,2016-08-16 08:31:33
49613896,Lucy,False,2021-11-06 16:43:06,2021-11-06 16:43:06
49616494,Hassan,False,2021-10-25 04:50:26,2021-10-25 04:50:26
49636918,Danukie,False,2016-01-04 20:35:46,2016-01-04 20:35:46
49646679,Katrin,False,2017-02-15 02:40:41,2017-02-15 02:40:41
49655698,Noura,False,2021-10-27 01:48:12,2021-10-27 01:48:12
49687874,Maximilian,False,2021-11-12 21:50:10,2021-11-12 21:50:10
49699722,Timotée (Lily),False,2021-02-23 10:11:54,2021-02-23 10:11:54
49700718,Lily,False,2016-08-10 23:17:45,2016-08-10 23:17:45
49706106,Nico,False,2015-11-26 06:13:30,2015-11-26 06:13:30
49721186,Christian,False,2021-11-17 02:20:41,2021-11-17 02:20:41
49764282,Christopher,False,2016-02-27 10:16:48,2016-02-27 10:16:48
49765839,Daniel,False,2019-10-21 01:15:44,2019-10-21 01:15:44
49768068,Jannis,False,2017-04-04 11:33:34,2017-04-04 11:33:34
49771951,Sören,False,2016-02-02 14:19:05,2016-02-02 14:19:05
49788899,Kieran,False,2021-11-13 23:09:21,2021-11-13 23:09:21
49790112,Valentin,False,2015-12-14 05:44:33,2015-12-14 05:44:33
49795321,Monica,False,2019-09-26 05:44:24,2019-09-26 05:44:24
49801167,Sarah,False,2020-07-10 05:59:54,2020-07-10 05:59:54
49805293,Elisabeth,False,2018-11-16 21:09:10,2018-11-16 21:09:10
49810575,Matthias,False,2017-02-09 14:31:33,2017-02-09 14:31:33
49812588,Ronja,False,2016-03-24 07:51:19,2016-03-24 07:51:19
49815862,Jacob,True,2016-04-27 18:08:01,2016-04-27 18:08:01
49837605,Iris,False,2018-09-26 13:40:21,2018-09-26 13:40:21
49838469,Jacob,False,2021-11-10 10:03:50,2021-11-10 10:03:50
49840372,Ana,False,2019-04-16 02:56:32,2019-04-16 02:56:32
49843827,Helene,False,2018-11-28 10:34:21,2018-11-28 10:34:21
49845399,Daniel,False,2021-11-14 12:02:17,2021-11-14 12:02:17
49846799,David,False,2018-07-14 11:40:25,2018-07-14 11:40:25
49850828,Benjamin,True,2017-03-25 23:11:37,2017-03-25 23:11:37
49862464,Hequn,False,2015-12-19 18:07:51,2015-12-19 18:07:51
49878241,Ezgi,True,2020-01-19 19:47:17,2020-01-19 19:47:17
49883896,Sigrun,False,2015-12-31 01:25:29,2015-12-31 01:25:29
49886215,Sepulveda,False,2015-12-30 03:46:42,2015-12-30 03:46:42
49886297,Lisa,False,2021-11-10 21:29:38,2021-11-10 21:29:38
49893886,Peter,False,2019-08-19 00:38:40,2019-08-19 00:38:40
49908413,Rachel,False,2019-09-16 16:05:25,2019-09-16 16:05:25
49916080,Franziska,True,2019-09-06 23:21:14,2019-09-06 23:21:14
49941234,Katia,False,2015-12-19 05:30:58,2015-12-19 05:30:58
49955987,Klaus,False,2015-12-30 07:06:32,2015-12-30 07:06:32
49971189,Younes,False,2021-11-17 21:12:58,2021-11-17 21:12:58
49980517,Verena,False,2019-06-24 07:59:17,2019-06-24 07:59:17
49982491,Christian,False,2015-12-17 11:39:49,2015-12-17 11:39:49
49985632,Michiel,False,2021-11-11 01:27:59,2021-11-11 01:27:59
49986729,Monika,False,2016-04-24 20:52:32,2016-04-24 20:52:32
50011456,Alysha,False,2016-02-12 08:05:16,2016-02-12 08:05:16
50032593,Irina,False,2015-12-26 08:51:07,2015-12-26 08:51:07
50046135,Betty & Stefan,True,2015-12-19 14:16:26,2015-12-19 14:16:26
50056316,Graf,False,2021-11-05 16:34:59,2021-11-05 16:34:59
50061239,Aida,False,2021-10-31 14:56:44,2021-10-31 14:56:44
50081741,Sarah,False,2021-11-14 16:11:45,2021-11-14 16:11:45
50100689,Guido,True,2017-01-01 08:25:11,2017-01-01 08:25:11
50107682,Katja,False,2021-11-03 04:25:19,2021-11-03 04:25:19
50110974,Cecilia,False,2016-01-09 01:09:41,2016-01-09 01:09:41
50183407,Johann,False,2017-05-23 01:23:57,2017-05-23 01:23:57
50197206,Jurgen,False,2021-11-07 07:06:36,2021-11-07 07:06:36
50198806,Julian,False,2016-02-22 12:31:22,2016-02-22 12:31:22
50203920,Lisa,False,2021-10-30 22:26:21,2021-10-30 22:26:21
50214277,Giuseppe,False,2021-11-14 22:31:17,2021-11-14 22:31:17
50248574,Petra,False,2017-05-18 17:47:29,2017-05-18 17:47:29
50259108,Thais,False,2021-11-09 10:55:32,2021-11-09 10:55:32
50259787,Maren,False,2021-10-25 11:09:41,2021-10-25 11:09:41
50260808,Katharina,False,2017-11-18 23:28:50,2017-11-18 23:28:50
50277048,David,False,2021-11-10 01:59:58,2021-11-10 01:59:58
50277358,Johannes,False,2017-07-05 22:43:58,2017-07-05 22:43:58
50294639,Anja,False,2015-12-22 22:45:55,2015-12-22 22:45:55
50297007,Sarah,False,2016-07-30 05:51:28,2016-07-30 05:51:28
50304667,Janez,False,2021-11-02 00:35:19,2021-11-02 00:35:19
50311596,Lara,False,2021-11-05 04:11:56,2021-11-05 04:11:56
50350370,Matthias,False,2021-11-14 13:24:59,2021-11-14 13:24:59
50360863,Aaron,False,2021-09-22 03:03:32,2021-09-22 03:03:32
50368299,Rafał,False,2018-10-29 21:06:55,2018-10-29 21:06:55
50373075,Benjamin,False,2015-12-20 06:57:47,2015-12-20 06:57:47
50382442,Ramona,False,2017-04-30 15:46:58,2017-04-30 15:46:58
50383687,Constantin,False,2017-04-22 17:06:52,2017-04-22 17:06:52
50393653,Ute,True,2015-12-05 00:31:13,2015-12-05 00:31:13
50423467,Sarah,False,2016-02-23 08:37:38,2016-02-23 08:37:38
50438926,Mats,False,2018-04-02 09:28:00,2018-04-02 09:28:00
50467317,Tara,False,2021-10-21 05:48:08,2021-10-21 05:48:08
50496223,Christoph,False,2016-01-03 23:35:01,2016-01-03 23:35:01
50511360,Felix,False,2016-08-10 13:15:43,2016-08-10 13:15:43
50523833,Tuan,False,2019-03-08 08:42:29,2019-03-08 08:42:29
50526984,Korbi,False,2021-11-14 03:03:46,2021-11-14 03:03:46
50534425,Carolin,False,2016-02-28 04:33:18,2016-02-28 04:33:18
50549834,Rikesh,False,2020-10-06 16:33:02,2020-10-06 16:33:02
50568003,Alexandra,False,2017-06-17 23:29:55,2017-06-17 23:29:55
50569695,Margareta,False,2017-09-17 22:58:43,2017-09-17 22:58:43
50582454,Toni,False,2016-03-03 02:04:59,2016-03-03 02:04:59
50583468,Josefin,False,2021-10-29 02:06:13,2021-10-29 02:06:13
50637258,David,False,2016-01-17 16:28:13,2016-01-17 16:28:13
50644449,Linus,False,2016-08-09 08:35:14,2016-08-09 08:35:14
50649075,Paula,False,2016-01-04 02:52:23,2016-01-04 02:52:23
50653519,Till,False,2017-12-15 21:13:53,2017-12-15 21:13:53
50658705,Paul,True,2020-06-14 13:55:36,2020-06-14 13:55:36
50661784,Pujanito,False,2020-07-17 03:41:43,2020-07-17 03:41:43
50673065,Jeremy,False,2020-10-23 17:40:16,2020-10-23 17:40:16
50673335,Manoj,False,2021-07-10 23:24:31,2021-07-10 23:24:31
50679189,Sanne Maria & Natalie,True,2016-01-03 09:09:38,2016-01-03 09:09:38
50714275,Ly,False,2021-10-22 15:49:14,2021-10-22 15:49:14
50720713,Dwight,False,2020-01-10 09:51:07,2020-01-10 09:51:07
50725594,Franzi,True,2021-05-23 09:21:49,2021-05-23 09:21:49
50728537,Juli,False,2015-12-16 21:11:34,2015-12-16 21:11:34
50736153,Febin,False,2015-12-13 02:39:06,2015-12-13 02:39:06
50737554,Paul,False,2017-12-29 22:30:40,2017-12-29 22:30:40
50745892,N.,False,2015-12-13 06:21:18,2015-12-13 06:21:18
50750555,Dana,False,2016-04-25 20:12:20,2016-04-25 20:12:20
50752827,Kostas,False,2018-10-06 10:51:28,2018-10-06 10:51:28
50758515,Borja,False,2021-10-31 10:33:39,2021-10-31 10:33:39
50792170,Miriam,False,2016-07-13 16:40:48,2016-07-13 16:40:48
50793856,Vasco,False,2020-06-05 12:23:52,2020-06-05 12:23:52
50796520,Karsten,False,2021-11-02 18:20:00,2021-11-02 18:20:00
50796551,Tina,False,2017-07-05 18:21:53,2017-07-05 18:21:53
50798217,Christine,False,2015-12-21 19:02:00,2015-12-21 19:02:00
50800966,Corentine,False,2016-03-18 01:38:34,2016-03-18 01:38:34
50802586,Suzanne,False,2016-07-14 16:03:09,2016-07-14 16:03:09
50805687,Shari,False,2018-04-18 10:21:04,2018-04-18 10:21:04
50814368,Nino,False,2021-11-19 08:07:24,2021-11-19 08:07:24
50820030,Iason,False,2017-11-04 16:04:15,2017-11-04 16:04:15
50820600,Jan,False,2015-12-12 04:26:12,2015-12-12 04:26:12
50821931,Gabriel,False,2021-11-16 14:41:47,2021-11-16 14:41:47
50822706,Davide,False,2021-11-13 16:54:26,2021-11-13 16:54:26
50822759,Laura,False,2015-12-20 01:47:29,2015-12-20 01:47:29
50830032,Kristina,False,2015-12-25 16:36:03,2015-12-25 16:36:03
50832967,Joanne,False,2015-12-22 02:51:57,2015-12-22 02:51:57
50843503,Stefan,False,2016-01-18 07:39:29,2016-01-18 07:39:29
50884171,Lana,True,2018-04-24 12:11:43,2018-04-24 12:11:43
50897882,Laura,False,2016-03-13 23:07:30,2016-03-13 23:07:30
50906247,Kerstin,False,2015-12-30 07:10:04,2015-12-30 07:10:04
50937757,Will,False,2021-07-29 23:53:08,2021-07-29 23:53:08
50964385,Lourdes,False,2021-11-02 10:31:41,2021-11-02 10:31:41
50969015,Juliane,False,2021-10-31 00:47:21,2021-10-31 00:47:21
50976411,Ash,False,2021-10-25 05:20:24,2021-10-25 05:20:24
50979010,Julia,False,2015-12-19 10:43:27,2015-12-19 10:43:27
50995835,Sinah,False,2016-03-25 03:21:42,2016-03-25 03:21:42
50997131,Aisling,False,2021-10-23 13:21:02,2021-10-23 13:21:02
51048394,Britta,False,2016-01-02 01:37:17,2016-01-02 01:37:17
51049226,Anna,False,2016-11-08 09:12:18,2016-11-08 09:12:18
51049470,Pia,False,2017-05-25 22:47:02,2017-05-25 22:47:02
51050498,Jan,False,2017-01-01 23:46:36,2017-01-01 23:46:36
51051469,Aina,False,2018-09-16 01:32:16,2018-09-16 01:32:16
51052515,Asia,False,2016-03-02 15:54:52,2016-03-02 15:54:52
51052716,Violetta,False,2020-01-14 03:38:13,2020-01-14 03:38:13
51068248,Kevin,False,2021-11-11 08:27:26,2021-11-11 08:27:26
51069713,Sebastian,False,2021-11-18 10:16:38,2021-11-18 10:16:38
51107633,Tina,False,2021-11-12 20:41:43,2021-11-12 20:41:43
51122032,Alessandra,False,2019-04-24 02:28:17,2019-04-24 02:28:17
51174259,Sara,False,2018-01-16 06:34:18,2018-01-16 06:34:18
51197882,Lena,False,2017-10-16 04:53:33,2017-10-16 04:53:33
51213122,Elisabeth,False,2020-05-28 02:59:16,2020-05-28 02:59:16
51226717,Christel,False,2016-01-04 11:57:24,2016-01-04 11:57:24
51230229,Julia,False,2016-01-01 01:43:27,2016-01-01 01:43:27
51232479,Tamara,False,2015-12-26 01:13:01,2015-12-26 01:13:01
51239150,Sophia,True,2016-04-26 05:57:21,2016-04-26 05:57:21
51248015,Karolina,False,2016-02-13 05:00:48,2016-02-13 05:00:48
51251225,Alessa,False,2018-12-17 15:06:16,2018-12-17 15:06:16
51255053,Jakob,False,2021-10-22 09:00:34,2021-10-22 09:00:34
51285750,Luca,False,2015-12-23 04:45:21,2015-12-23 04:45:21
51303476,Thanos,False,2021-11-13 19:47:03,2021-11-13 19:47:03
51318915,Albert,False,2016-01-01 16:33:53,2016-01-01 16:33:53
51322446,Andrea,False,2021-10-25 20:49:53,2021-10-25 20:49:53
51352517,Isabella,False,2016-06-29 04:18:12,2016-06-29 04:18:12
51389821,Friedrich,False,2016-02-03 18:20:35,2016-02-03 18:20:35
51396796,Eike,False,2021-10-25 17:10:44,2021-10-25 17:10:44
51402378,Johanna,False,2018-02-25 00:09:29,2018-02-25 00:09:29
51404370,Malon,False,2021-11-03 14:22:32,2021-11-03 14:22:32
51414448,Hendrik,False,2018-03-08 03:51:04,2018-03-08 03:51:04
51416094,Mona,True,2019-12-28 15:20:45,2019-12-28 15:20:45
51420774,Alexis,False,2019-12-25 03:57:59,2019-12-25 03:57:59
51438995,Martin,False,2021-11-09 18:10:40,2021-11-09 18:10:40
51446835,Hannes,False,2018-02-18 14:01:46,2018-02-18 14:01:46
51501207,Torsten,False,2016-01-02 09:27:10,2016-01-02 09:27:10
51505141,Arndt,False,2021-11-08 10:04:01,2021-11-08 10:04:01
51505587,Borja,False,2015-12-20 00:20:03,2015-12-20 00:20:03
51508411,Jessy,True,2015-12-25 13:22:51,2015-12-25 13:22:51
51508677,Janine,False,2021-11-06 02:55:40,2021-11-06 02:55:40
51512740,Katja,False,2015-12-28 23:23:55,2015-12-28 23:23:55
51512938,Max,False,2016-07-13 17:55:40,2016-07-13 17:55:40
51529869,Paul,False,2020-08-01 19:24:36,2020-08-01 19:24:36
51559117,Nino,False,2019-01-03 20:50:11,2019-01-03 20:50:11
51563805,Georgia,False,2021-11-03 03:00:56,2021-11-03 03:00:56
51567830,Robinson,False,2021-10-25 06:16:45,2021-10-25 06:16:45
51568728,Lukas,False,2018-12-25 08:23:07,2018-12-25 08:23:07
51583947,Annelie,False,2015-12-26 14:15:54,2015-12-26 14:15:54
51587389,Laure,False,2015-12-22 19:30:27,2015-12-22 19:30:27
51590153,KwangnO,False,2021-11-14 17:35:29,2021-11-14 17:35:29
51590547,Richard,False,2016-03-02 13:03:02,2016-03-02 13:03:02
51592203,Vincens,False,2021-10-25 09:49:18,2021-10-25 09:49:18
51642830,Caroline,False,2015-12-27 15:00:14,2015-12-27 15:00:14
51643455,Franz,False,2020-09-11 01:18:26,2020-09-11 01:18:26
51643679,Christopher,False,2019-12-19 15:45:40,2019-12-19 15:45:40
51655251,Moni,False,2021-09-19 01:37:19,2021-09-19 01:37:19
51660980,Grazyna,False,2021-10-21 09:55:56,2021-10-21 09:55:56
51667677,Can,False,2015-12-25 18:56:32,2015-12-25 18:56:32
51670549,Paolo,False,2018-01-08 21:48:12,2018-01-08 21:48:12
51671248,Layla,False,2021-11-19 10:43:04,2021-11-19 10:43:04
51713592,Eloy,False,2018-11-02 07:21:28,2018-11-02 07:21:28
51715237,Marie-Louise,False,2017-06-05 21:56:07,2017-06-05 21:56:07
51716465,Martin,False,2021-11-08 09:30:42,2021-11-08 09:30:42
51720664,Stefanie,False,2021-11-15 10:40:13,2021-11-15 10:40:13
51721219,Andrea,False,2021-10-30 11:02:11,2021-10-30 11:02:11
51744892,Georg,False,2017-09-17 00:22:41,2017-09-17 00:22:41
51773775,Oscar,False,2018-12-21 02:43:39,2018-12-21 02:43:39
51776727,Franz,False,2018-06-16 12:23:23,2018-06-16 12:23:23
51790334,Roi,True,2018-04-11 21:28:04,2018-04-11 21:28:04
51797521,Iris,False,2019-11-03 19:53:48,2019-11-03 19:53:48
51817833,Eleni,False,2016-03-20 18:13:06,2016-03-20 18:13:06
51819353,Jan,False,2021-11-04 00:37:49,2021-11-04 00:37:49
51835782,Markus,False,2020-07-13 11:13:30,2020-07-13 11:13:30
51840096,Julia,False,2015-12-21 20:42:00,2015-12-21 20:42:00
51843024,Berlin Innovation StreetService,False,2021-11-14 02:15:22,2021-11-14 02:15:22
51845971,Kev,False,2021-10-28 02:08:14,2021-10-28 02:08:14
51885311,Eric & Gini,True,2015-12-30 03:08:23,2015-12-30 03:08:23
51885813,Vartan,False,2020-07-31 16:15:14,2020-07-31 16:15:14
51891596,Islam,False,2021-06-13 15:32:20,2021-06-13 15:32:20
51894938,Kamal,False,2019-12-01 09:49:14,2019-12-01 09:49:14
51894996,Lara,False,2021-11-13 11:07:06,2021-11-13 11:07:06
51902100,Sarasati,False,2019-03-13 08:02:56,2019-03-13 08:02:56
51906700,Fion,False,2015-12-24 17:27:23,2015-12-24 17:27:23
51910103,Rosa,False,2017-08-14 14:30:10,2017-08-14 14:30:10
51910388,Martin,False,2018-07-23 05:29:04,2018-07-23 05:29:04
51921461,Yakob,False,2015-12-29 20:47:42,2015-12-29 20:47:42
51937300,Nele,False,2018-06-08 17:01:36,2018-06-08 17:01:36
51948019,Hendryk,False,2016-07-24 17:28:17,2016-07-24 17:28:17
51948404,Sam,False,2019-11-18 10:20:47,2019-11-18 10:20:47
51975484,Eva,False,2021-11-14 03:41:09,2021-11-14 03:41:09
51984795,Petra,False,2021-10-22 10:09:12,2021-10-22 10:09:12
51991086,Natalia,False,2019-07-30 11:36:15,2019-07-30 11:36:15
51991295,Marcus,False,2016-03-19 20:13:36,2016-03-19 20:13:36
52028112,Martin,False,2015-12-24 10:36:44,2015-12-24 10:36:44
52029487,Sascha,False,2019-12-25 20:30:15,2019-12-25 20:30:15
52064539,Isa,False,2021-11-16 18:22:09,2021-11-16 18:22:09
52076119,Timocin,False,2021-10-25 09:19:36,2021-10-25 09:19:36
52108855,Andreas,True,2016-01-13 00:23:25,2016-01-13 00:23:25
52118104,Gustavo,False,2016-03-26 07:16:17,2016-03-26 07:16:17
52145267,Angelina,False,2016-03-20 05:02:59,2016-03-20 05:02:59
52147903,Ngoc Anh,False,2016-04-13 13:04:41,2016-04-13 13:04:41
52155493,Simon,False,2018-02-11 09:30:37,2018-02-11 09:30:37
52201553,Johan Philippe,False,2017-05-15 03:56:29,2017-05-15 03:56:29
52202834,Edina,False,2021-10-24 22:52:06,2021-10-24 22:52:06
52224371,Hans-Günter,False,2021-11-04 18:44:57,2021-11-04 18:44:57
52226561,Isabel,False,2021-07-24 00:32:53,2021-07-24 00:32:53
52229437,Reza,False,2016-01-13 09:40:59,2016-01-13 09:40:59
52238768,Claudia,False,2017-04-02 13:29:41,2017-04-02 13:29:41
52263903,Max,False,2018-05-09 00:51:03,2018-05-09 00:51:03
52292041,Sirin,False,2021-07-25 19:38:28,2021-07-25 19:38:28
52296044,Sabine,True,2016-05-22 04:39:50,2016-05-22 04:39:50
52309277,Regina,True,2017-08-30 23:12:31,2017-08-30 23:12:31
52327150,Tanita,False,2021-10-25 17:47:37,2021-10-25 17:47:37
52347599,Felix,True,2018-01-23 23:33:46,2018-01-23 23:33:46
52397861,Klaus,False,2016-02-20 11:48:34,2016-02-20 11:48:34
52411447,Arne,False,2021-10-22 04:35:02,2021-10-22 04:35:02
52413786,Mara,False,2018-06-23 03:25:11,2018-06-23 03:25:11
52429570,Alexandre,False,2017-12-29 09:40:43,2017-12-29 09:40:43
52455568,Leonie-Viktoria,False,2017-09-13 16:12:40,2017-09-13 16:12:40
52474500,Demo,False,2018-12-29 20:56:59,2018-12-29 20:56:59
52498946,Raphael,False,2015-12-28 04:00:17,2015-12-28 04:00:17
52505576,Lisa,False,2020-01-04 14:25:58,2020-01-04 14:25:58
52518826,Susanne,False,2018-04-21 22:43:39,2018-04-21 22:43:39
52538700,Ye,False,2021-10-30 20:30:36,2021-10-30 20:30:36
52547830,Stefan,True,2015-12-25 02:40:03,2015-12-25 02:40:03
52556807,Stephane,False,2019-03-02 00:11:41,2019-03-02 00:11:41
52581674,Michael,False,2015-12-31 20:20:32,2015-12-31 20:20:32
52613128,Benedikt,False,2017-05-31 23:20:38,2017-05-31 23:20:38
52622613,Svenja,False,2016-09-28 22:17:06,2016-09-28 22:17:06
52625108,Christian,False,2019-04-20 12:28:45,2019-04-20 12:28:45
52638602,Lena,False,2021-07-11 13:47:12,2021-07-11 13:47:12
52646342,Stefanie,False,2018-09-03 10:43:01,2018-09-03 10:43:01
52662658,Andrew,False,2021-11-15 07:23:31,2021-11-15 07:23:31
52681915,Kirsten,False,2016-07-28 04:42:51,2016-07-28 04:42:51
52682609,Stella,False,2021-11-06 19:28:12,2021-11-06 19:28:12
52695146,Sebastian & Katya,True,2016-08-30 14:23:09,2016-08-30 14:23:09
52747435,Asel,False,2016-02-26 00:47:09,2016-02-26 00:47:09
52778138,Charlie,False,2015-12-28 17:49:43,2015-12-28 17:49:43
52846636,Timo,True,2016-03-16 05:13:43,2016-03-16 05:13:43
52856310,Benedikt&Edi,True,2017-09-04 04:41:32,2017-09-04 04:41:32
52856486,Jonas,False,2020-12-17 07:23:33,2020-12-17 07:23:33
52873071,Andreas,False,2018-12-26 20:12:32,2018-12-26 20:12:32
52911616,Dorothea,False,2018-10-17 01:34:29,2018-10-17 01:34:29
52913342,Gabriela,False,2016-07-31 10:15:57,2016-07-31 10:15:57
52933591,Scarlett,False,2016-01-18 21:50:23,2016-01-18 21:50:23
53007190,Oxana,False,2021-11-10 19:54:13,2021-11-10 19:54:13
53025541,Jeannine,True,2017-07-13 22:29:01,2017-07-13 22:29:01
53067818,Faivel,False,2016-02-04 22:10:55,2016-02-04 22:10:55
53070331,Jimena,False,2021-11-08 07:06:18,2021-11-08 07:06:18
53120094,Simon,False,2018-08-21 05:04:57,2018-08-21 05:04:57
53142449,Sandra,False,2016-03-22 00:22:07,2016-03-22 00:22:07
53153293,Ida,True,2017-10-31 02:39:04,2017-10-31 02:39:04
53155471,Cedric,False,2021-10-22 15:21:20,2021-10-22 15:21:20
53158363,Christopher,False,2021-11-18 13:12:45,2021-11-18 13:12:45
53175788,Yanina And Maruan,False,2017-05-18 02:32:42,2017-05-18 02:32:42
53178054,Philipp,False,2016-12-26 22:13:38,2016-12-26 22:13:38
53185812,Nelli,False,2021-07-13 09:15:23,2021-07-13 09:15:23
53194897,Keivon,False,2018-02-02 22:31:56,2018-02-02 22:31:56
53195002,Carlotta,True,2020-09-07 15:16:21,2020-09-07 15:16:21
53211747,Alejandro,False,2017-12-25 21:57:23,2017-12-25 21:57:23
53321230,Björn,False,2021-10-23 00:14:51,2021-10-23 00:14:51
53335761,Katharina,False,2017-02-28 09:02:54,2017-02-28 09:02:54
53348908,Gizem,False,2019-09-11 22:45:19,2019-09-11 22:45:19
53371818,Heiko,False,2017-07-02 16:56:25,2017-07-02 16:56:25
53393720,Nikolas,True,2018-08-25 10:55:15,2018-08-25 10:55:15
53403922,Johanna,False,2019-04-21 06:15:44,2019-04-21 06:15:44
53404947,Katja,False,2017-08-22 07:35:18,2017-08-22 07:35:18
53448879,Daniela,False,2021-11-05 05:39:36,2021-11-05 05:39:36
53449782,Michael,False,2018-05-12 02:09:47,2018-05-12 02:09:47
53454109,Myriel,True,2018-03-27 23:03:17,2018-03-27 23:03:17
53477610,Sebastian,False,2021-10-27 14:01:34,2021-10-27 14:01:34
53488427,Cristobal,False,2020-02-12 21:37:11,2020-02-12 21:37:11
53491919,Silvana,False,2021-11-16 18:48:54,2021-11-16 18:48:54
53549768,Valdimar,False,2021-10-27 08:23:02,2021-10-27 08:23:02
53570607,Miguel,False,2016-08-21 14:19:51,2016-08-21 14:19:51
53586404,Andreas,False,2021-10-31 20:51:49,2021-10-31 20:51:49
53589203,Katharina,False,2020-09-27 21:50:40,2020-09-27 21:50:40
53591283,Sören,False,2016-06-14 09:13:25,2016-06-14 09:13:25
53597265,Marlies,False,2017-03-01 22:53:14,2017-03-01 22:53:14
53606053,Blumen,False,2016-05-07 14:16:43,2016-05-07 14:16:43
53612210,Joy,False,2020-01-25 16:26:56,2020-01-25 16:26:56
53623589,Sandra,False,2016-01-17 04:25:06,2016-01-17 04:25:06
53670626,Felix,False,2021-02-03 00:24:22,2021-02-03 00:24:22
53684639,Stefanie Und Otto,True,2016-02-26 02:29:19,2016-02-26 02:29:19
53687492,Mathias,False,2021-10-27 14:32:20,2021-10-27 14:32:20
53693060,Valerie,False,2018-04-08 15:55:01,2018-04-08 15:55:01
53752240,Jan,False,2017-07-15 06:40:01,2017-07-15 06:40:01
53788404,Stefan,False,2017-08-06 04:28:47,2017-08-06 04:28:47
53794130,Gabriel,False,2020-06-30 02:27:26,2020-06-30 02:27:26
53808299,Marlies,True,2021-06-13 01:24:12,2021-06-13 01:24:12
53843329,Francisco,False,2017-06-25 05:34:15,2017-06-25 05:34:15
53851752,Franka,False,2018-11-17 02:27:41,2018-11-17 02:27:41
53872456,Miriam,False,2019-08-24 17:32:49,2019-08-24 17:32:49
53930872,Maria,False,2019-06-23 23:08:57,2019-06-23 23:08:57
53955833,Edna,False,2018-04-05 12:19:47,2018-04-05 12:19:47
53993442,Miguel,False,2021-11-11 06:23:27,2021-11-11 06:23:27
54011227,Nicola,False,2021-11-05 15:23:39,2021-11-05 15:23:39
54015623,Kathrin,False,2016-10-21 15:10:20,2016-10-21 15:10:20
54026785,Lori,False,2018-09-16 16:33:18,2018-09-16 16:33:18
54039179,Lana,False,2016-01-27 21:49:46,2016-01-27 21:49:46
54045095,Carolin,False,2021-10-09 05:17:06,2021-10-09 05:17:06
54084178,Luna,False,2017-12-24 19:33:06,2017-12-24 19:33:06
54084595,Ricardo,False,2016-01-22 16:21:25,2016-01-22 16:21:25
54091912,Nephèle,False,2019-03-21 14:18:28,2019-03-21 14:18:28
54093691,Svea,False,2019-01-21 07:26:26,2019-01-21 07:26:26
54111539,Marieke,False,2020-03-12 16:48:55,2020-03-12 16:48:55
54113594,Gaia,False,2016-01-21 00:37:33,2016-01-21 00:37:33
54117705,Karo,False,2016-01-24 02:42:42,2016-01-24 02:42:42
54120928,Mikka,False,2017-08-20 04:42:52,2017-08-20 04:42:52
54185699,Laura,False,2016-02-01 17:41:55,2016-02-01 17:41:55
54188129,Linda,False,2019-02-28 09:58:54,2019-02-28 09:58:54
54202482,Tavy,False,2017-04-22 07:02:08,2017-04-22 07:02:08
54213236,Stäff,False,2018-12-04 19:29:44,2018-12-04 19:29:44
54224455,,,2016-01-09 12:59:04,2016-01-09 12:59:04
54238656,Sascha,False,2016-02-17 16:23:50,2016-02-17 16:23:50
54250758,Nick,False,2021-08-01 07:02:11,2021-08-01 07:02:11
54292499,Arash,False,2016-05-14 21:43:50,2016-05-14 21:43:50
54307874,Ansgar,False,2021-11-08 06:24:39,2021-11-08 06:24:39
54313999,Sarah,False,2017-08-01 14:31:50,2017-08-01 14:31:50
54335694,Jens & Cynthia,False,2018-04-22 17:36:21,2018-04-22 17:36:21
54377152,Kira,False,2021-11-13 15:53:16,2021-11-13 15:53:16
54389953,Anna,False,2021-11-02 10:37:32,2021-11-02 10:37:32
54391982,Lola,True,2017-11-11 03:42:52,2017-11-11 03:42:52
54392178,Rubens,False,2020-01-23 02:24:13,2020-01-23 02:24:13
54399385,Lew,False,2017-09-15 03:16:58,2017-09-15 03:16:58
54450641,Mathias,False,2021-11-02 02:12:05,2021-11-02 02:12:05
54502064,Basti,False,2017-09-13 07:44:06,2017-09-13 07:44:06
54590771,Vanessa,False,2021-07-31 21:10:04,2021-07-31 21:10:04
54600196,Barbara,False,2017-05-01 11:45:03,2017-05-01 11:45:03
54615245,Lika,False,2016-10-07 13:47:48,2016-10-07 13:47:48
54649737,Scott,False,2017-10-14 05:26:26,2017-10-14 05:26:26
54732878,Yana,False,2021-07-08 16:43:07,2021-07-08 16:43:07
54782146,Mahdi,False,2021-11-17 02:07:13,2021-11-17 02:07:13
54828299,Ida,False,2021-10-28 06:53:06,2021-10-28 06:53:06
54863461,Robert,False,2017-06-27 20:35:07,2017-06-27 20:35:07
54900115,Philipp,False,2017-07-18 21:38:50,2017-07-18 21:38:50
54963541,Marina,False,2017-05-15 23:44:21,2017-05-15 23:44:21
54992855,Felix,False,2021-03-15 09:27:35,2021-03-15 09:27:35
54997884,Stefan,False,2016-04-30 23:17:52,2016-04-30 23:17:52
55002456,Gaelle,False,2016-01-23 18:09:18,2016-01-23 18:09:18
55015962,Jennifer,False,2016-02-15 13:01:59,2016-02-15 13:01:59
55078157,Cristina,False,2019-06-29 15:53:05,2019-06-29 15:53:05
55100686,Celine,False,2021-07-19 12:20:35,2021-07-19 12:20:35
55112486,Aggelos,False,2017-07-11 16:17:39,2017-07-11 16:17:39
55119310,Luis,False,2016-06-13 03:09:29,2016-06-13 03:09:29
55133496,Joana,False,2016-02-07 14:57:33,2016-02-07 14:57:33
55150317,Frank,False,2021-11-11 10:21:25,2021-11-11 10:21:25
55156277,Julian,False,2021-09-29 07:29:49,2021-09-29 07:29:49
55168797,Caroline,False,2021-05-29 03:53:39,2021-05-29 03:53:39
55235883,Christoph,False,2016-03-09 19:34:23,2016-03-09 19:34:23
55282143,Alex,False,2021-11-04 16:46:41,2021-11-04 16:46:41
55312310,Yenon,False,2016-02-24 02:10:23,2016-02-24 02:10:23
55365825,Sebastian,False,2017-11-26 04:47:40,2017-11-26 04:47:40
55367578,Lucia,False,2021-11-14 09:55:06,2021-11-14 09:55:06
55368306,Andrea,False,2017-01-01 04:57:37,2017-01-01 04:57:37
55372447,Joon,False,2018-12-19 07:53:31,2018-12-19 07:53:31
55398739,Laurentiu,False,2016-02-14 13:03:02,2016-02-14 13:03:02
55421464,Janna,False,2018-07-14 23:36:15,2018-07-14 23:36:15
55428645,Ricardo,False,2016-12-15 13:34:19,2016-12-15 13:34:19
55437697,Siam,False,2021-05-10 18:36:26,2021-05-10 18:36:26
55448723,Anouk,False,2021-10-21 19:36:35,2021-10-21 19:36:35
55492341,Natalie,False,2018-06-19 19:04:12,2018-06-19 19:04:12
55498571,Lisa,False,2017-05-21 11:12:40,2017-05-21 11:12:40
55499527,Jan-Friedrich,False,2020-07-04 09:58:52,2020-07-04 09:58:52
55519959,Rolf,False,2020-01-21 21:21:19,2020-01-21 21:21:19
55521033,Bruno,False,2021-11-13 16:07:32,2021-11-13 16:07:32
55575904,Laura,False,2019-12-17 21:57:49,2019-12-17 21:57:49
55580816,Sophia,False,2016-09-22 02:31:04,2016-09-22 02:31:04
55642741,Kati Und Corinna,False,2017-12-29 06:03:08,2017-12-29 06:03:08
55649888,Sani,False,2021-10-22 01:02:15,2021-10-22 01:02:15
55673009,Volker,False,2020-02-15 10:24:17,2020-02-15 10:24:17
55674119,Ute,True,2019-04-17 01:08:19,2019-04-17 01:08:19
55739926,Carolina,False,2017-07-24 11:38:49,2017-07-24 11:38:49
55743225,Nora,True,2017-02-06 23:21:49,2017-02-06 23:21:49
55780190,Fraenze,False,2020-02-04 12:22:21,2020-02-04 12:22:21
55799917,Mika,False,2019-04-20 07:20:26,2019-04-20 07:20:26
55803398,Svea,False,2017-08-02 23:03:35,2017-08-02 23:03:35
55816301,Finn Juniper,False,2016-02-09 15:09:13,2016-02-09 15:09:13
55867725,Anna,False,2019-07-05 21:16:46,2019-07-05 21:16:46
55871108,Lilith,False,2018-12-30 00:57:25,2018-12-30 00:57:25
55901347,Amelie,False,2018-11-08 14:23:09,2018-11-08 14:23:09
55907695,Fabian,False,2016-04-21 08:52:13,2016-04-21 08:52:13
55922747,Jacqueline,False,2019-12-30 22:29:06,2019-12-30 22:29:06
55963418,Jeff,False,2021-10-30 03:57:42,2021-10-30 03:57:42
55965188,Kubilay,False,2017-05-05 14:10:11,2017-05-05 14:10:11
55971801,Jochen,False,2017-12-31 06:55:52,2017-12-31 06:55:52
56013348,Boris,False,2016-03-09 23:35:50,2016-03-09 23:35:50
56014099,Viktoria,True,2017-06-09 13:06:54,2017-06-09 13:06:54
56016871,Katrin,False,2021-10-21 21:15:34,2021-10-21 21:15:34
56044034,Jasmin,False,2016-02-20 10:29:35,2016-02-20 10:29:35
56075624,Janina,False,2016-02-02 10:03:12,2016-02-02 10:03:12
56107463,Kai,False,2019-10-14 07:26:27,2019-10-14 07:26:27
56141754,Romina Schalisar,False,2021-07-23 20:05:15,2021-07-23 20:05:15
56155617,Louise,False,2018-12-23 17:31:20,2018-12-23 17:31:20
56159154,Jan,False,2021-10-30 22:46:53,2021-10-30 22:46:53
56162819,Anne-Britt,False,2016-02-05 05:13:01,2016-02-05 05:13:01
56165003,Rene,False,2021-03-16 05:52:21,2021-03-16 05:52:21
56170557,Julia,True,2016-04-30 02:51:21,2016-04-30 02:51:21
56173831,Amelie,False,2017-03-31 09:28:22,2017-03-31 09:28:22
56179378,Alexandre,True,2019-10-28 15:18:59,2019-10-28 15:18:59
56183072,Bliss,False,2021-11-11 00:42:25,2021-11-11 00:42:25
56188476,Angelique,False,2021-10-01 11:57:22,2021-10-01 11:57:22
56236881,Eric,True,2018-11-13 00:45:09,2018-11-13 00:45:09
56291501,Lutz,False,2018-01-01 20:33:28,2018-01-01 20:33:28
56322931,Dino,False,2016-02-29 04:27:06,2016-02-29 04:27:06
56325270,Sevil,False,2016-05-03 04:07:06,2016-05-03 04:07:06
56349256,Manuela,True,2019-06-03 21:13:40,2019-06-03 21:13:40
56366659,Julian,False,2016-02-26 00:19:14,2016-02-26 00:19:14
56375778,Natalie,False,2016-10-07 20:24:05,2016-10-07 20:24:05
56440069,Michael,False,2019-02-12 07:38:30,2019-02-12 07:38:30
56443445,Lucas,False,2018-09-26 11:49:14,2018-09-26 11:49:14
56470016,Owen,True,2017-12-02 21:49:37,2017-12-02 21:49:37
56471494,Mara,False,2021-10-26 05:19:44,2021-10-26 05:19:44
56484481,Gabriele,False,2021-11-11 20:54:26,2021-11-11 20:54:26
56528258,Alexander,True,2018-05-11 14:59:33,2018-05-11 14:59:33
56532225,Lea,False,2018-09-17 23:21:27,2018-09-17 23:21:27
56573811,Waldemar,True,2021-08-28 17:00:18,2021-08-28 17:00:18
56584911,Benjamin,False,2021-10-23 14:34:58,2021-10-23 14:34:58
56625319,Christa,False,2017-10-24 00:47:05,2017-10-24 00:47:05
56677332,Robea,False,2016-03-30 20:38:58,2016-03-30 20:38:58
56679285,Sagar,False,2021-11-14 21:16:50,2021-11-14 21:16:50
56683403,Franziska,False,2016-02-05 15:31:05,2016-02-05 15:31:05
56744627,Rosie Rui,False,2019-12-27 01:24:40,2019-12-27 01:24:40
56794825,Luciano,False,2018-02-23 05:13:47,2018-02-23 05:13:47
56796487,Helena,True,2016-02-28 21:04:17,2016-02-28 21:04:17
56812807,Fernando,False,2019-10-17 19:30:40,2019-10-17 19:30:40
56854091,Boris,False,2017-07-16 12:18:02,2017-07-16 12:18:02
56855980,Ann,False,2016-04-26 01:08:22,2016-04-26 01:08:22
56862190,Kathrin,False,2021-09-30 22:10:55,2021-09-30 22:10:55
56868136,Alexander,False,2019-09-15 18:14:56,2019-09-15 18:14:56
56876031,Tobi,True,2019-02-18 04:58:14,2019-02-18 04:58:14
56900314,Frank,False,2017-08-24 01:27:17,2017-08-24 01:27:17
56953386,Anne,False,2019-08-15 03:52:49,2019-08-15 03:52:49
56956645,Merel Maan,False,2019-08-12 05:33:33,2019-08-12 05:33:33
56991364,Julian,False,2021-09-09 05:03:13,2021-09-09 05:03:13
57020742,Anna,False,2016-06-07 01:42:10,2016-06-07 01:42:10
57021007,Busch,False,2019-07-05 16:52:11,2019-07-05 16:52:11
57034784,Barbara+Martin,False,2016-03-26 22:15:33,2016-03-26 22:15:33
57080564,Olivier,False,2018-05-29 03:48:09,2018-05-29 03:48:09
57082778,Vici,False,2021-10-28 08:09:10,2021-10-28 08:09:10
57086331,Melanie,False,2019-12-27 02:52:52,2019-12-27 02:52:52
57089655,Reiner,False,2021-11-01 06:43:54,2021-11-01 06:43:54
57105200,Harald,False,2016-03-25 23:52:28,2016-03-25 23:52:28
57113592,Marian,False,2019-12-28 23:47:39,2019-12-28 23:47:39
57133876,Fred,True,2016-07-12 18:34:30,2016-07-12 18:34:30
57137320,Simon Dom,True,2019-12-19 23:20:42,2019-12-19 23:20:42
57148500,Melani,False,2017-05-29 09:37:13,2017-05-29 09:37:13
57173681,Igor,False,2016-04-22 16:18:28,2016-04-22 16:18:28
57226171,Benjamin,False,2016-03-21 10:05:09,2016-03-21 10:05:09
57226699,Lucas,False,2018-03-17 07:00:08,2018-03-17 07:00:08
57233161,Maayan & Roy,False,2017-04-14 16:06:10,2017-04-14 16:06:10
57241645,Klara,False,2021-11-17 13:42:37,2021-11-17 13:42:37
57245428,Selena,False,2020-08-21 08:11:04,2020-08-21 08:11:04
57301036,Chris,False,2021-11-02 07:32:53,2021-11-02 07:32:53
57302248,Tim,False,2021-11-13 09:08:31,2021-11-13 09:08:31
57305253,Anna-Maria,False,2016-09-09 18:53:35,2016-09-09 18:53:35
57341996,Maria,False,2021-10-21 02:32:43,2021-10-21 02:32:43
57353713,Alyona,False,2021-10-27 20:14:24,2021-10-27 20:14:24
57366529,Louise,False,2017-08-11 18:30:23,2017-08-11 18:30:23
57372870,Jeannette,False,2016-04-28 03:57:04,2016-04-28 03:57:04
57375609,Finn,False,2019-07-21 12:22:23,2019-07-21 12:22:23
57386835,Sardor,False,2021-11-10 07:30:24,2021-11-10 07:30:24
57404824,Christian,False,2020-02-17 15:47:46,2020-02-17 15:47:46
57412513,Janik,False,2016-03-18 09:05:09,2016-03-18 09:05:09
57419874,Ina,False,2021-11-11 21:08:29,2021-11-11 21:08:29
57433866,Paul,False,2020-03-03 11:49:47,2020-03-03 11:49:47
57438376,Jan,False,2016-12-27 10:56:12,2016-12-27 10:56:12
57504543,Johannes,False,2021-11-05 08:27:50,2021-11-05 08:27:50
57511828,Xperior,False,2016-02-17 10:13:35,2016-02-17 10:13:35
57531053,Hai,False,2019-07-11 03:11:53,2019-07-11 03:11:53
57539891,Sarah,False,2021-11-11 13:47:28,2021-11-11 13:47:28
57540342,Paul,False,2018-07-30 04:59:42,2018-07-30 04:59:42
57552482,David,False,2021-11-05 23:47:47,2021-11-05 23:47:47
57614831,Tabea,False,2017-06-22 06:08:46,2017-06-22 06:08:46
57620151,Lucie,False,2017-06-16 16:28:55,2017-06-16 16:28:55
57628836,Fabian,False,2017-12-22 06:43:53,2017-12-22 06:43:53
57655540,Rokhaya,False,2019-08-08 00:24:59,2019-08-08 00:24:59
57687798,Milena,False,2016-03-07 13:38:37,2016-03-07 13:38:37
57704817,Jan,False,2021-10-29 13:10:39,2021-10-29 13:10:39
57731537,Olaf,False,2016-05-05 17:02:17,2016-05-05 17:02:17
57745499,Caren,False,2016-02-15 11:42:27,2016-02-15 11:42:27
57748497,Uwe,False,2021-11-10 21:17:10,2021-11-10 21:17:10
57757783,Heidi,False,2016-03-09 11:36:12,2016-03-09 11:36:12
57767279,Artem,False,2021-10-31 02:55:47,2021-10-31 02:55:47
57769991,Max,True,2016-02-05 22:16:14,2016-02-05 22:16:14
57811375,Sophia,False,2018-04-17 11:25:56,2018-04-17 11:25:56
57819829,Yaeli,False,2017-09-12 05:45:31,2017-09-12 05:45:31
57848204,Phuong,False,2016-02-13 16:12:23,2016-02-13 16:12:23
57864044,Ka & Pool,False,2016-06-19 11:33:55,2016-06-19 11:33:55
57876362,Elita,False,2021-10-27 14:31:12,2021-10-27 14:31:12
57881607,Lars,False,2017-07-06 23:29:36,2017-07-06 23:29:36
57881829,Irina,False,2016-02-25 04:43:53,2016-02-25 04:43:53
57888485,Bar,False,2017-08-21 14:30:12,2017-08-21 14:30:12
57899176,Annika,False,2019-04-16 08:27:38,2019-04-16 08:27:38
57917694,Ulrike,False,2021-10-22 13:55:50,2021-10-22 13:55:50
57963738,Erguven,False,2021-11-18 23:42:42,2021-11-18 23:42:42
58012780,Thomas,True,2019-11-08 12:05:27,2019-11-08 12:05:27
58015813,Marck,False,2018-07-04 04:43:34,2018-07-04 04:43:34
58016126,Houssem,True,2021-08-13 11:45:34,2021-08-13 11:45:34
58021390,Seoyoung,False,2016-03-01 09:27:47,2016-03-01 09:27:47
58061545,Saba,False,2016-03-16 04:19:09,2016-03-16 04:19:09
58065885,"Hildegard, Manuela",False,2018-07-02 12:37:21,2018-07-02 12:37:21
58068423,Miro,False,2016-02-27 23:39:05,2016-02-27 23:39:05
58083308,Nicholas,False,2016-02-22 23:36:23,2016-02-22 23:36:23
58083600,Lukas Samuel,False,2021-10-21 15:18:35,2021-10-21 15:18:35
58094207,Huong Lien,False,2019-12-27 20:39:17,2019-12-27 20:39:17
58127486,Edyta,False,2016-03-17 08:54:20,2016-03-17 08:54:20
58152822,Juliane,False,2016-02-09 16:52:34,2016-02-09 16:52:34
58158119,Paulina,False,2021-10-28 06:58:40,2021-10-28 06:58:40
58158328,Christian,False,2018-01-30 11:05:12,2018-01-30 11:05:12
58215670,Jakob,False,2021-11-11 12:01:17,2021-11-11 12:01:17
58223207,Bob,False,2016-03-24 15:32:51,2016-03-24 15:32:51
58229083,Ciara,False,2021-10-25 16:26:24,2021-10-25 16:26:24
58291331,Safa,False,2019-06-28 18:59:35,2019-06-28 18:59:35
58298580,Norbert,False,2017-11-06 19:02:56,2017-11-06 19:02:56
58309097,Julia,True,2019-12-14 06:47:07,2019-12-14 06:47:07
58319595,Lauren,False,2019-04-16 06:02:19,2019-04-16 06:02:19
58360269,Dila,False,2021-11-05 22:10:03,2021-11-05 22:10:03
58367024,Jelle,False,2016-03-06 08:03:17,2016-03-06 08:03:17
58415773,Paloma,False,2017-06-09 10:32:11,2017-06-09 10:32:11
58422296,Bettina,False,2016-02-16 04:25:02,2016-02-16 04:25:02
58425619,Katalin,False,2016-02-19 08:23:41,2016-02-19 08:23:41
58429157,Bárbara  De,False,2021-10-01 05:34:18,2021-10-01 05:34:18
58433789,John,False,2021-11-14 20:41:09,2021-11-14 20:41:09
58435806,Shimrit,False,2019-04-09 09:48:04,2019-04-09 09:48:04
58474737,Jonas,False,2021-11-19 17:01:19,2021-11-19 17:01:19
58476303,Felipe,False,2019-06-12 03:48:33,2019-06-12 03:48:33
58503186,Gunther David,False,2016-05-23 04:38:34,2016-05-23 04:38:34
58543978,Lukas,False,2016-05-14 09:14:30,2016-05-14 09:14:30
58572681,Smbat,False,2018-01-01 11:40:01,2018-01-01 11:40:01
58580360,Lisa,False,2016-04-29 08:48:28,2016-04-29 08:48:28
58590906,Noam,False,2018-08-11 13:23:37,2018-08-11 13:23:37
58621517,Sven,False,2017-09-07 23:11:47,2017-09-07 23:11:47
58670355,Jana,False,2016-08-10 19:38:18,2016-08-10 19:38:18
58685622,Sandra,False,2021-11-08 17:43:27,2021-11-08 17:43:27
58699310,The.Traveler,False,2016-04-10 04:58:50,2016-04-10 04:58:50
58699640,Claudia,False,2021-11-01 08:32:30,2021-11-01 08:32:30
58702250,Natalia,False,2018-06-21 04:39:32,2018-06-21 04:39:32
58709682,Moritz V.,True,2016-03-26 15:09:49,2016-03-26 15:09:49
58712095,Myriam + Mathis,False,2016-03-21 06:29:42,2016-03-21 06:29:42
58729176,Kristina,False,2016-05-01 08:57:24,2016-05-01 08:57:24
58732796,Isabelle,False,2017-08-01 08:00:54,2017-08-01 08:00:54
58756297,Christian,True,2019-03-08 11:18:51,2019-03-08 11:18:51
58760491,Monika,True,2016-02-09 08:05:58,2016-02-09 08:05:58
58769846,Dani,False,2017-10-06 16:59:14,2017-10-06 16:59:14
58793477,Alica,True,2016-08-23 20:31:33,2016-08-23 20:31:33
58843417,Felix,False,2021-10-30 07:20:37,2021-10-30 07:20:37
58877960,Mario Und Gisela,True,2018-02-24 21:06:18,2018-02-24 21:06:18
58893392,Bethany,False,2021-08-12 02:23:03,2021-08-12 02:23:03
58894682,Alina,False,2016-03-19 22:38:05,2016-03-19 22:38:05
58898991,Deja,False,2019-08-15 23:58:44,2019-08-15 23:58:44
58953151,Anne,False,2019-04-20 03:14:22,2019-04-20 03:14:22
58956148,玠庭,False,2017-12-23 12:21:24,2017-12-23 12:21:24
58965501,Manon,False,2018-08-20 11:29:43,2018-08-20 11:29:43
58988589,Defne,False,2020-02-09 21:06:17,2020-02-09 21:06:17
58989886,Yair,False,2016-03-05 03:15:05,2016-03-05 03:15:05
58995578,Susanne,False,2016-05-04 12:50:49,2016-05-04 12:50:49
59011125,Silvio,False,2017-04-12 21:58:41,2017-04-12 21:58:41
59030997,Philipp,False,2018-10-14 07:19:48,2018-10-14 07:19:48
59043399,Nicolas,False,2019-10-20 15:42:56,2019-10-20 15:42:56
59053080,Irina,False,2017-06-23 11:35:56,2017-06-23 11:35:56
59053199,Sonja,False,2021-08-10 03:12:32,2021-08-10 03:12:32
59073111,Konstantin,False,2017-05-09 23:33:36,2017-05-09 23:33:36
59133457,Jannika,False,2021-10-24 10:58:35,2021-10-24 10:58:35
59138020,Matthias,True,2016-07-26 13:28:52,2016-07-26 13:28:52
59183374,Jay,False,2017-07-21 02:37:56,2017-07-21 02:37:56
59233319,Jördis,False,2017-02-19 01:07:27,2017-02-19 01:07:27
59293347,Athanasios,False,2018-08-09 08:00:58,2018-08-09 08:00:58
59325975,Anne,False,2016-08-14 00:56:21,2016-08-14 00:56:21
59355611,Monica,False,2016-03-09 22:00:45,2016-03-09 22:00:45
59420773,Jana,False,2021-10-23 05:33:10,2021-10-23 05:33:10
59426366,Carolina,False,2021-11-18 02:03:38,2021-11-18 02:03:38
59430981,Tom,False,2016-03-06 12:51:31,2016-03-06 12:51:31
59444622,Melanie,False,2021-02-12 18:59:01,2021-02-12 18:59:01
59467923,Jana,False,2017-05-17 07:35:32,2017-05-17 07:35:32
59480002,Emily,False,2019-04-16 10:43:17,2019-04-16 10:43:17
59514628,Stef,False,2021-10-31 15:55:43,2021-10-31 15:55:43
59518142,Max,False,2017-02-12 23:24:52,2017-02-12 23:24:52
59579249,Constantin,False,2018-05-09 22:02:38,2018-05-09 22:02:38
59582559,Rita,False,2018-09-26 02:33:30,2018-09-26 02:33:30
59612353,Sven,True,2017-09-06 13:45:26,2017-09-06 13:45:26
59612406,Pauline,False,2018-03-16 11:00:37,2018-03-16 11:00:37
59620300,Nicole,False,2016-03-07 10:23:31,2016-03-07 10:23:31
59624172,Anna,False,2017-05-01 02:38:21,2017-05-01 02:38:21
59650912,Kevin,False,2019-03-17 18:39:33,2019-03-17 18:39:33
59664105,Kolja,True,2020-09-04 15:12:25,2020-09-04 15:12:25
59695623,Tom,False,2021-06-22 13:20:35,2021-06-22 13:20:35
59724629,Monika U. Uve,True,2016-04-26 01:08:48,2016-04-26 01:08:48
59795743,Jennifer,False,2016-08-03 16:13:19,2016-08-03 16:13:19
59858355,Ece,True,2016-03-19 07:27:45,2016-03-19 07:27:45
59859060,Andreas,False,2017-08-27 23:59:30,2017-08-27 23:59:30
59863274,Silan,False,2019-05-01 12:45:05,2019-05-01 12:45:05
59868782,Katja,False,2021-10-29 00:46:03,2021-10-29 00:46:03
59878089,Maximilian,False,2021-02-15 20:57:32,2021-02-15 20:57:32
59878861,Max,False,2021-10-26 09:29:42,2021-10-26 09:29:42
59896221,Tamara,False,2020-08-04 18:46:21,2020-08-04 18:46:21
59913112,Vilius,False,2017-05-17 15:19:47,2017-05-17 15:19:47
59917656,Lena,False,2021-11-12 03:49:04,2021-11-12 03:49:04
59922375,Alexander,False,2017-04-20 03:33:47,2017-04-20 03:33:47
59927929,Julia,False,2021-11-09 16:54:48,2021-11-09 16:54:48
59933257,Andreas,False,2021-11-15 04:21:34,2021-11-15 04:21:34
59965761,Benita,False,2021-11-02 20:11:16,2021-11-02 20:11:16
60031562,Lukas,False,2021-11-11 12:14:07,2021-11-11 12:14:07
60052672,Chen,False,2019-08-08 01:48:40,2019-08-08 01:48:40
60090071,Thomas,False,2021-10-31 21:02:54,2021-10-31 21:02:54
60104515,Roxy,False,2016-07-23 19:15:24,2016-07-23 19:15:24
60125887,Marian,False,2016-02-20 09:00:54,2016-02-20 09:00:54
60127795,Anthar,False,2021-07-10 17:11:49,2021-07-10 17:11:49
60156650,Jonathan,False,2019-12-26 23:03:43,2019-12-26 23:03:43
60169111,Roland,False,2021-11-08 09:28:07,2021-11-08 09:28:07
60172051,Melanie,False,2021-11-05 01:36:40,2021-11-05 01:36:40
60180410,Lulu,False,2020-07-13 07:31:10,2020-07-13 07:31:10
60199308,L,False,2021-11-02 22:27:43,2021-11-02 22:27:43
60219707,Sally,False,2019-04-08 22:59:19,2019-04-08 22:59:19
60260258,Eric,False,2019-07-24 03:26:42,2019-07-24 03:26:42
60263567,Ulrich,False,2019-07-22 22:39:43,2019-07-22 22:39:43
60301821,Hans-Peter,False,2017-07-01 16:28:01,2017-07-01 16:28:01
60332602,Ada,False,2016-08-02 13:47:37,2016-08-02 13:47:37
60371337,Patrick,False,2016-04-27 06:56:33,2016-04-27 06:56:33
60383418,Teresa,False,2016-11-26 13:57:16,2016-11-26 13:57:16
60391230,Faezeh,False,2018-01-01 05:41:08,2018-01-01 05:41:08
60398146,Angie,False,2021-11-10 00:50:13,2021-11-10 00:50:13
60405369,Aline,False,2021-08-09 00:10:43,2021-08-09 00:10:43
60449205,Andrius,False,2016-03-31 14:18:14,2016-03-31 14:18:14
60453879,Verena,False,2021-10-21 14:01:07,2021-10-21 14:01:07
60496890,Ferid,False,2016-12-20 05:41:24,2016-12-20 05:41:24
60519034,Irina,False,2020-09-30 04:18:21,2020-09-30 04:18:21
60519457,Lea,False,2016-03-10 17:40:13,2016-03-10 17:40:13
60530735,Ivy,False,2016-07-24 19:08:33,2016-07-24 19:08:33
60530801,Carina,False,2017-02-28 13:01:33,2017-02-28 13:01:33
60581773,M. Deniz,False,2021-07-20 14:32:50,2021-07-20 14:32:50
60621595,Zainab,False,2019-01-19 10:43:01,2019-01-19 10:43:01
60664957,Junes,False,2021-06-18 23:21:21,2021-06-18 23:21:21
60709250,Gabriele,True,2016-04-25 13:55:50,2016-04-25 13:55:50
60712748,Hans,True,2016-04-05 06:20:15,2016-04-05 06:20:15
60716680,Amelie,False,2016-09-09 03:14:02,2016-09-09 03:14:02
60720329,Gabriel,False,2017-04-11 00:45:23,2017-04-11 00:45:23
60742163,Jeremias,False,2019-03-27 03:23:52,2019-03-27 03:23:52
60763913,Tim,False,2021-08-08 01:11:28,2021-08-08 01:11:28
60771321,Christiane,False,2019-03-19 12:38:25,2019-03-19 12:38:25
60804383,Martha,False,2017-06-02 01:29:15,2017-06-02 01:29:15
60826363,Su,False,2016-03-13 04:45:36,2016-03-13 04:45:36
60868380,Shridhar,False,2017-12-17 06:20:59,2017-12-17 06:20:59
60892502,Clara,False,2016-10-23 14:33:18,2016-10-23 14:33:18
60892662,Theo,False,2021-10-21 17:26:05,2021-10-21 17:26:05
60897763,Zuzanna,False,2016-10-07 05:35:04,2016-10-07 05:35:04
60898413,Petra Und Ariane,False,2016-04-08 17:54:21,2016-04-08 17:54:21
60899747,Sam,False,2021-11-09 07:08:35,2021-11-09 07:08:35
60917817,Nan,False,2016-09-23 20:08:54,2016-09-23 20:08:54
60981090,Resi,False,2020-10-03 16:33:58,2020-10-03 16:33:58
61038050,Marco,False,2018-04-06 12:27:15,2018-04-06 12:27:15
61053385,Victoria,False,2017-12-13 19:39:31,2017-12-13 19:39:31
61058931,Julius,False,2016-11-09 14:46:51,2016-11-09 14:46:51
61060190,Romain,False,2021-11-15 15:37:23,2021-11-15 15:37:23
61064354,Urte,False,2018-06-14 06:23:05,2018-06-14 06:23:05
61076770,Adrienne,False,2021-11-01 17:49:59,2021-11-01 17:49:59
61083875,Malak,False,2021-11-10 22:00:33,2021-11-10 22:00:33
61098012,Stella,True,2021-05-24 01:55:53,2021-05-24 01:55:53
61105574,Petra,False,2018-07-26 13:14:41,2018-07-26 13:14:41
61129099,Sara,False,2018-03-03 06:32:55,2018-03-03 06:32:55
61129651,Lukas,False,2017-12-03 04:05:19,2017-12-03 04:05:19
61147879,Isabelle,False,2017-10-11 16:42:40,2017-10-11 16:42:40
61150316,Alaa,False,2021-06-27 14:34:12,2021-06-27 14:34:12
61195936,Lukas,False,2021-11-13 03:31:47,2021-11-13 03:31:47
61200675,Alex,False,2016-08-01 21:11:43,2016-08-01 21:11:43
61209463,Sirdin,False,2016-11-12 01:58:27,2016-11-12 01:58:27
61227811,Tcc,False,2021-04-08 03:05:04,2021-04-08 03:05:04
61252547,Loic,False,2019-09-10 01:20:47,2019-09-10 01:20:47
61253363,Madelaine,False,2016-05-24 04:22:50,2016-05-24 04:22:50
61256621,Dustin,False,2016-03-21 11:08:46,2016-03-21 11:08:46
61268701,Marie-Luise,False,2019-08-26 16:03:32,2019-08-26 16:03:32
61271001,Waldemar,False,2019-03-17 17:25:42,2019-03-17 17:25:42
61300139,Justine,False,2021-11-05 12:45:38,2021-11-05 12:45:38
61302720,Marc,False,2016-02-24 13:46:24,2016-02-24 13:46:24
61331613,Nikola,False,2016-04-21 19:10:17,2016-04-21 19:10:17
61347438,Faouzi /Daniela,False,2016-03-23 00:48:57,2016-03-23 00:48:57
61362397,Trésor,False,2017-07-15 09:27:57,2017-07-15 09:27:57
61379918,Markus,False,2016-03-04 04:34:11,2016-03-04 04:34:11
61391295,Uta,False,2016-05-09 03:31:37,2016-05-09 03:31:37
61417977,Hauke,True,2016-04-10 03:25:36,2016-04-10 03:25:36
61429400,Prince,False,2016-03-02 16:05:28,2016-03-02 16:05:28
61478518,Helena,False,2018-04-06 12:45:59,2018-04-06 12:45:59
61506911,Sören,True,2016-03-31 15:30:19,2016-03-31 15:30:19
61509100,Nicky,False,2018-05-04 15:07:25,2018-05-04 15:07:25
61527921,Csaba,False,2016-04-26 13:22:41,2016-04-26 13:22:41
61554733,Johanna,False,2019-12-24 17:34:57,2019-12-24 17:34:57
61572570,Jessi,False,2016-07-30 11:35:08,2016-07-30 11:35:08
61629010,Kristof,False,2021-10-24 02:18:14,2021-10-24 02:18:14
61651399,Janina Marie,False,2017-03-17 11:04:53,2017-03-17 11:04:53
61659173,Julie,False,2020-07-26 01:54:35,2020-07-26 01:54:35
61700071,Data,False,2021-11-15 09:03:12,2021-11-15 09:03:12
61715259,Petra,False,2016-12-06 22:31:59,2016-12-06 22:31:59
61752824,Isabelle,False,2019-06-18 04:59:51,2019-06-18 04:59:51
61783281,Bert,True,2017-08-29 23:26:07,2017-08-29 23:26:07
61789051,Ewa,False,2021-10-27 09:11:27,2021-10-27 09:11:27
61791417,Hannah,False,2017-12-18 21:49:39,2017-12-18 21:49:39
61804359,Alina,False,2021-11-05 04:31:26,2021-11-05 04:31:26
61821361,Cay,False,2019-12-31 17:47:07,2019-12-31 17:47:07
61828618,Alicia,False,2019-06-22 17:18:22,2019-06-22 17:18:22
61830542,Anna & Zamir,False,2016-04-15 21:11:27,2016-04-15 21:11:27
61914374,Parisa,False,2018-04-20 18:06:35,2018-04-20 18:06:35
61933589,Mike,False,2016-05-06 20:59:19,2016-05-06 20:59:19
61963951,Antoine,False,2016-03-23 04:16:09,2016-03-23 04:16:09
61965787,Bartolomeus,False,2019-12-26 00:55:51,2019-12-26 00:55:51
61980341,Luca,False,2016-04-15 23:16:10,2016-04-15 23:16:10
61995297,Frederik,False,2016-03-09 09:52:18,2016-03-09 09:52:18
62006671,Dana,False,2020-10-10 08:43:04,2020-10-10 08:43:04
62015907,Lei,False,2017-07-07 02:32:57,2017-07-07 02:32:57
62055673,Alice,True,2017-11-11 16:54:15,2017-11-11 16:54:15
62085351,Isabelle,False,2018-09-06 00:21:33,2018-09-06 00:21:33
62088260,Leah,True,2018-07-04 03:58:34,2018-07-04 03:58:34
62098133,Tanja,True,2018-07-10 07:06:22,2018-07-10 07:06:22
62105827,Ralf&Áine,True,2018-06-22 09:51:18,2018-06-22 09:51:18
62121792,Sarina,False,2017-10-05 13:14:34,2017-10-05 13:14:34
62126104,Judith,False,2021-11-03 22:53:02,2021-11-03 22:53:02
62128610,Danai,False,2018-02-17 02:25:19,2018-02-17 02:25:19
62136209,Marcel,False,2021-11-01 13:01:23,2021-11-01 13:01:23
62139339,Laura,True,2021-06-28 19:16:56,2021-06-28 19:16:56
62162239,Zeynep,False,2019-09-08 15:49:37,2019-09-08 15:49:37
62209648,Manuel,False,2021-09-20 04:10:38,2021-09-20 04:10:38
62217423,Regitze,False,2017-10-31 08:41:34,2017-10-31 08:41:34
62226642,Lucile,False,2021-11-05 18:20:15,2021-11-05 18:20:15
62231229,Waldemar,False,2021-11-05 12:57:33,2021-11-05 12:57:33
62245695,Vincent,False,2018-03-07 06:59:00,2018-03-07 06:59:00
62257531,Patrycja,False,2017-05-07 14:37:31,2017-05-07 14:37:31
62297614,Brad,True,2016-11-17 20:50:10,2016-11-17 20:50:10
62303873,Luisa,False,2021-11-14 23:48:56,2021-11-14 23:48:56
62304690,Arne,False,2021-11-18 15:32:03,2021-11-18 15:32:03
62374655,Rachel,False,2021-10-05 14:12:13,2021-10-05 14:12:13
62392413,Maurizio,False,2016-03-13 10:22:26,2016-03-13 10:22:26
62436817,Luca,False,2016-06-01 01:07:32,2016-06-01 01:07:32
62493437,Marta,False,2017-04-17 10:10:25,2017-04-17 10:10:25
62495402,Leo,False,2016-06-06 15:31:54,2016-06-06 15:31:54
62503501,Miriam,False,2016-05-13 07:41:53,2016-05-13 07:41:53
62518351,Alex,False,2018-08-14 20:48:33,2018-08-14 20:48:33
62523702,Maximilian,False,2018-02-28 23:32:31,2018-02-28 23:32:31
62534189,Ulrike,False,2021-10-25 05:12:28,2021-10-25 05:12:28
62571313,Boris,True,2020-08-31 00:04:21,2020-08-31 00:04:21
62571948,Matthew,False,2016-11-28 23:16:25,2016-11-28 23:16:25
62606288,Jule,False,2021-11-04 02:16:36,2021-11-04 02:16:36
62614252,Maria,True,2017-12-27 04:02:29,2017-12-27 04:02:29
62616500,Ferdinand,False,2016-03-17 07:28:17,2016-03-17 07:28:17
62619726,Shahana Yeasmin,False,2021-09-18 17:15:26,2021-09-18 17:15:26
62632935,Lalo,False,2021-10-24 02:32:49,2021-10-24 02:32:49
62637965,Birte,False,2018-04-19 09:29:04,2018-04-19 09:29:04
62639492,Eva,False,2016-07-14 14:35:03,2016-07-14 14:35:03
62721857,Kirsten,False,2021-04-11 04:54:44,2021-04-11 04:54:44
62726733,Valeria,False,2016-03-24 03:14:00,2016-03-24 03:14:00
62732163,Florian,False,2019-02-06 22:36:55,2019-02-06 22:36:55
62735554,Przemek,False,2016-04-19 07:44:23,2016-04-19 07:44:23
62747694,Simon,True,2019-04-06 07:47:56,2019-04-06 07:47:56
62752126,Maissa,False,2020-01-18 03:27:00,2020-01-18 03:27:00
62794429,Lydía,False,2016-03-31 15:31:04,2016-03-31 15:31:04
62806514,Igor,True,2021-08-07 09:10:35,2021-08-07 09:10:35
62812112,Yong Hyun,False,2018-08-14 00:41:40,2018-08-14 00:41:40
62819516,Carla & Daniel,True,2016-04-22 23:59:43,2016-04-22 23:59:43
62884180,Markward,False,2016-03-30 00:52:57,2016-03-30 00:52:57
62893953,Saskia,False,2016-03-24 20:50:44,2016-03-24 20:50:44
62952853,Tobias,True,2019-07-18 02:50:22,2019-07-18 02:50:22
63003389,Tex,False,2016-03-22 18:33:06,2016-03-22 18:33:06
63019606,Lexa,False,2021-11-16 22:36:49,2021-11-16 22:36:49
63024250,Robert,False,2019-11-25 00:18:37,2019-11-25 00:18:37
63036794,Peter,False,2017-08-13 11:30:19,2017-08-13 11:30:19
63055259,Joana,False,2016-08-19 18:25:08,2016-08-19 18:25:08
63059658,Jana,False,2016-03-28 06:51:43,2016-03-28 06:51:43
63081753,Nader,False,2017-05-17 17:33:02,2017-05-17 17:33:02
63091460,Ricarda,False,2021-11-04 09:15:31,2021-11-04 09:15:31
63093722,Franziska,False,2017-05-20 19:48:29,2017-05-20 19:48:29
63155773,Dounia,False,2021-04-10 03:00:56,2021-04-10 03:00:56
63195503,Gerrit,False,2017-08-31 13:08:17,2017-08-31 13:08:17
63232479,Jürgen,True,2020-02-11 02:38:45,2020-02-11 02:38:45
63252838,Lukas,False,2021-11-19 08:25:35,2021-11-19 08:25:35
63254920,Sebastian,False,2019-07-29 09:02:53,2019-07-29 09:02:53
63298493,Kruno,True,2017-12-18 17:36:09,2017-12-18 17:36:09
63314427,Véronique,False,2021-11-01 04:56:45,2021-11-01 04:56:45
63317544,Stephanie,False,2019-06-17 12:55:13,2019-06-17 12:55:13
63327541,Leopold,False,2016-03-25 08:44:20,2016-03-25 08:44:20
63334383,Anna,False,2017-12-17 16:44:04,2017-12-17 16:44:04
63358531,Philipp,False,2016-05-28 22:34:16,2016-05-28 22:34:16
63362619,Lotus,False,2020-08-15 18:00:38,2020-08-15 18:00:38
63367802,Moritz,False,2021-11-15 20:38:26,2021-11-15 20:38:26
63371290,Farid,False,2021-07-04 02:49:18,2021-07-04 02:49:18
63423885,Thomas,False,2020-10-04 19:18:36,2020-10-04 19:18:36
63463003,Friederike,False,2021-11-19 19:08:45,2021-11-19 19:08:45
63501313,Nick,False,2017-09-01 19:43:09,2017-09-01 19:43:09
63524329,Taniya,False,2021-11-06 07:09:49,2021-11-06 07:09:49
63565718,Sidonie,False,2019-09-07 22:40:29,2019-09-07 22:40:29
63574799,Pia,False,2019-07-03 11:40:33,2019-07-03 11:40:33
63577664,Marta,True,2020-02-06 15:48:21,2020-02-06 15:48:21
63578281,Elsa,False,2020-03-14 18:53:28,2020-03-14 18:53:28
63585146,Jim,False,2019-12-16 23:31:17,2019-12-16 23:31:17
63587105,Bettina,False,2017-09-21 17:37:23,2017-09-21 17:37:23
63600981,Anna-Maria,False,2021-10-28 19:39:48,2021-10-28 19:39:48
63615580,Lily,False,2017-03-08 04:47:37,2017-03-08 04:47:37
63643621,Aksel,False,2021-10-22 00:13:24,2021-10-22 00:13:24
63704154,Asila,False,2018-04-19 12:42:01,2018-04-19 12:42:01
63729517,Juliane,False,2021-07-15 20:03:29,2021-07-15 20:03:29
63730672,Marsal,False,2016-04-08 13:16:30,2016-04-08 13:16:30
63739282,Katja,False,2017-07-02 15:56:38,2017-07-02 15:56:38
63745452,Jaron,False,2021-10-27 10:19:00,2021-10-27 10:19:00
63749755,Muriel Rebecca,False,2016-03-28 07:22:05,2016-03-28 07:22:05
63779918,Marieke,False,2021-11-08 00:35:22,2021-11-08 00:35:22
63786570,Michelle,False,2021-10-27 14:49:16,2021-10-27 14:49:16
63825124,Jennifer,False,2017-07-09 19:11:34,2017-07-09 19:11:34
63838688,Jo,False,2016-03-29 18:24:56,2016-03-29 18:24:56
63839916,Lena,False,2018-02-21 14:01:06,2018-02-21 14:01:06
63847294,Uwe & Elke,True,2017-08-25 14:46:47,2017-08-25 14:46:47
63864498,Ricky,False,2016-04-26 07:45:02,2016-04-26 07:45:02
63873726,Nikolas,False,2017-04-13 07:10:16,2017-04-13 07:10:16
63884016,Marie,False,2016-04-16 20:35:23,2016-04-16 20:35:23
63897470,Sylvia,False,2021-10-28 21:57:07,2021-10-28 21:57:07
63897670,Marius,True,2020-11-06 15:40:08,2020-11-06 15:40:08
63899190,Natalia,False,2017-08-19 23:34:16,2017-08-19 23:34:16
63913360,Mathis,False,2021-08-11 03:11:33,2021-08-11 03:11:33
63916127,Otis,False,2018-03-01 10:08:21,2018-03-01 10:08:21
63939200,Vincent,False,2017-04-09 16:40:25,2017-04-09 16:40:25
63951654,Jan,True,2017-07-21 19:11:25,2017-07-21 19:11:25
64027411,Sina,False,2016-06-30 11:39:44,2016-06-30 11:39:44
64062132,Hops,False,2017-10-19 10:43:53,2017-10-19 10:43:53
64070571,Katrin,False,2019-12-30 01:07:20,2019-12-30 01:07:20
64071487,Maxime,False,2016-04-04 02:54:07,2016-04-04 02:54:07
64093452,Luka,False,2016-05-18 09:50:31,2016-05-18 09:50:31
64093922,Peter,False,2016-04-04 08:13:21,2016-04-04 08:13:21
64117760,Marie,False,2017-09-07 09:09:31,2017-09-07 09:09:31
64132839,Eva,True,2016-06-03 06:00:42,2016-06-03 06:00:42
64136102,Tim,False,2021-11-13 10:11:29,2021-11-13 10:11:29
64147753,Shreyas,False,2020-01-29 17:27:55,2020-01-29 17:27:55
64166708,María Del Mar,True,2016-11-02 01:03:55,2016-11-02 01:03:55
64186649,James,False,2018-08-12 12:44:05,2018-08-12 12:44:05
64195170,Richard,False,2019-06-03 08:44:53,2019-06-03 08:44:53
64199234,Markus,True,2016-04-07 20:24:29,2016-04-07 20:24:29
64199321,Kostis,False,2018-06-17 18:41:33,2018-06-17 18:41:33
64264322,Andreas,False,2020-08-01 15:56:25,2020-08-01 15:56:25
64265667,Lea,False,2016-04-04 21:33:56,2016-04-04 21:33:56
64266714,Yvonne,False,2021-10-26 14:06:45,2021-10-26 14:06:45
64267999,Angela,True,2016-05-15 03:23:49,2016-05-15 03:23:49
64272042,Karolina,False,2016-03-18 07:18:20,2016-03-18 07:18:20
64272645,Santiago,False,2016-10-11 16:23:25,2016-10-11 16:23:25
64283028,Hannah,False,2016-03-29 21:12:41,2016-03-29 21:12:41
64288768,Tim,False,2016-03-27 20:34:56,2016-03-27 20:34:56
64304129,Johanna,False,2017-12-04 04:02:47,2017-12-04 04:02:47
64325682,Sandra,False,2018-04-12 00:59:13,2018-04-12 00:59:13
64327578,Marius,False,2021-10-27 05:22:25,2021-10-27 05:22:25
64327694,Doris,False,2020-09-17 17:21:23,2020-09-17 17:21:23
64328126,Henriette,False,2021-11-15 10:53:24,2021-11-15 10:53:24
64343627,Miriam,False,2018-04-19 19:27:19,2018-04-19 19:27:19
64345071,Fenja,False,2018-11-07 19:32:41,2018-11-07 19:32:41
64411319,Rica,False,2016-04-23 09:09:54,2016-04-23 09:09:54
64423499,Marie,False,2016-04-12 02:50:58,2016-04-12 02:50:58
64445553,Andrea,False,2021-08-28 08:29:06,2021-08-28 08:29:06
64504628,Elisabetta,False,2016-07-05 02:32:38,2016-07-05 02:32:38
64507506,Yoren,False,2018-08-19 13:25:22,2018-08-19 13:25:22
64508896,Vitalii,False,2016-06-04 05:26:16,2016-06-04 05:26:16
64511203,Micha,False,2016-05-24 01:15:14,2016-05-24 01:15:14
64512295,Niek,False,2016-06-26 10:10:58,2016-06-26 10:10:58
64513223,Alain,False,2016-07-10 11:16:36,2016-07-10 11:16:36
64515974,Caterina,False,2016-04-19 20:42:35,2016-04-19 20:42:35
64572073,Thomas,False,2020-08-11 01:02:00,2020-08-11 01:02:00
64609445,Ina,False,2017-04-27 15:51:38,2017-04-27 15:51:38
64641410,Alexandra,False,2018-07-01 15:19:26,2018-07-01 15:19:26
64708663,Mona,False,2021-10-29 11:01:53,2021-10-29 11:01:53
64718074,Chris,False,2017-02-14 06:17:47,2017-02-14 06:17:47
64732992,Hasna,False,2017-08-30 10:23:03,2017-08-30 10:23:03
64734335,Alex,False,2017-05-21 14:56:01,2017-05-21 14:56:01
64736404,Greta,False,2018-10-02 15:42:38,2018-10-02 15:42:38
64749230,Fabian,False,2016-05-06 23:10:15,2016-05-06 23:10:15
64754253,Yan Paul,False,2021-11-04 21:23:42,2021-11-04 21:23:42
64778126,Kristen,False,2021-10-26 20:04:12,2021-10-26 20:04:12
64795600,Jan,True,2016-08-13 04:56:05,2016-08-13 04:56:05
64843165,Kay,True,2017-10-08 13:06:20,2017-10-08 13:06:20
64892773,Toya,False,2017-10-01 10:50:02,2017-10-01 10:50:02
64917845,André,False,2016-04-05 07:56:20,2016-04-05 07:56:20
64923801,Gökhan,False,2021-11-02 07:59:40,2021-11-02 07:59:40
64941677,Ingo,False,2020-01-07 22:41:00,2020-01-07 22:41:00
64999998,Theresia,False,2021-10-30 15:56:54,2021-10-30 15:56:54
65005808,Jürgen,True,2016-04-09 04:40:11,2016-04-09 04:40:11
65013887,Niko,False,2019-05-14 04:09:30,2019-05-14 04:09:30
65014731,Lisandro,False,2017-08-06 17:52:32,2017-08-06 17:52:32
65025515,Antonio,False,2016-08-13 17:22:57,2016-08-13 17:22:57
65028804,Izabella,False,2019-06-08 19:32:44,2019-06-08 19:32:44
65046030,Rike,False,2017-07-16 18:01:21,2017-07-16 18:01:21
65063783,Angelika,True,2020-10-29 19:49:59,2020-10-29 19:49:59
65122878,Adey,False,2021-09-10 11:29:08,2021-09-10 11:29:08
65126875,Joshua,False,2016-03-29 23:10:09,2016-03-29 23:10:09
65129667,Julia,True,2021-08-15 03:48:59,2021-08-15 03:48:59
65202128,Timo,False,2017-09-08 22:48:43,2017-09-08 22:48:43
65226110,Maik,False,2021-11-15 06:58:53,2021-11-15 06:58:53
65230566,Daria,True,2019-06-13 14:42:26,2019-06-13 14:42:26
65231755,Pia,False,2018-02-26 12:09:44,2018-02-26 12:09:44
65271566,Amin,False,2017-04-03 15:41:44,2017-04-03 15:41:44
65325630,Alessandra,False,2021-11-10 16:46:58,2021-11-10 16:46:58
65332545,Jo Jakob,False,2017-04-20 13:35:00,2017-04-20 13:35:00
65341940,Tobias,False,2017-04-08 09:30:55,2017-04-08 09:30:55
65350610,Michele,False,2016-04-11 05:20:57,2016-04-11 05:20:57
65365224,Alina,False,2017-11-24 04:53:35,2017-11-24 04:53:35
65400714,Catharina,False,2017-04-02 21:35:09,2017-04-02 21:35:09
65434751,Ricardo,False,2021-08-26 00:31:11,2021-08-26 00:31:11
65464380,Carolin,False,2019-08-28 09:06:06,2019-08-28 09:06:06
65528391,Tatjana,False,2021-08-04 05:41:51,2021-08-04 05:41:51
65540111,Raphaela,False,2016-09-18 21:55:27,2016-09-18 21:55:27
65546196,Hausboot,False,2017-02-07 22:58:27,2017-02-07 22:58:27
65630168,Julia,False,2017-07-29 17:27:47,2017-07-29 17:27:47
65643050,Donna,False,2017-12-23 08:36:25,2017-12-23 08:36:25
65741956,Stefanie,False,2021-11-07 17:54:44,2021-11-07 17:54:44
65746780,Lena,False,2016-04-27 09:23:19,2016-04-27 09:23:19
65756331,Arabella,False,2021-11-02 05:49:27,2021-11-02 05:49:27
65776384,Alex,False,2016-04-23 20:31:33,2016-04-23 20:31:33
65783713,Christo,False,2016-10-20 17:42:59,2016-10-20 17:42:59
65796946,Constanze,False,2021-10-22 02:45:04,2021-10-22 02:45:04
65801170,Alex,True,2019-05-02 13:50:52,2019-05-02 13:50:52
65843690,Laura,False,2016-10-28 18:15:16,2016-10-28 18:15:16
65844660,Giulia,False,2016-07-10 10:04:08,2016-07-10 10:04:08
65867906,Andrius,False,2016-04-07 05:34:18,2016-04-07 05:34:18
65874109,Amadou,False,2021-11-06 10:57:59,2021-11-06 10:57:59
65888346,Sean Lamont,False,2021-10-31 22:16:59,2021-10-31 22:16:59
65924455,Philip,True,2017-02-25 14:48:09,2017-02-25 14:48:09
65956547,Fernanda,False,2017-11-03 14:52:24,2017-11-03 14:52:24
65993582,Jan,False,2017-12-26 06:42:34,2017-12-26 06:42:34
66009357,Niloo,False,2019-12-06 08:41:29,2019-12-06 08:41:29
66015838,Johanna,False,2017-10-21 03:18:37,2017-10-21 03:18:37
66020516,Sofia,False,2021-10-22 02:00:57,2021-10-22 02:00:57
66027039,Naz,False,2020-11-12 09:23:00,2020-11-12 09:23:00
66060971,Max,True,2017-07-18 18:05:40,2017-07-18 18:05:40
66069238,Maria,False,2018-01-21 10:45:43,2018-01-21 10:45:43
66074539,Leif,False,2016-04-27 02:45:22,2016-04-27 02:45:22
66094807,Camilo,False,2020-01-21 00:43:52,2020-01-21 00:43:52
66145126,Lisa,False,2021-10-06 05:01:25,2021-10-06 05:01:25
66242460,Lisa,False,2017-03-25 10:06:00,2017-03-25 10:06:00
66256572,Roukaya,False,2016-05-01 21:20:42,2016-05-01 21:20:42
66297515,Fran,False,2018-05-05 01:26:34,2018-05-05 01:26:34
66309353,Thora,False,2016-07-26 10:37:23,2016-07-26 10:37:23
66314911,Dirk,False,2019-03-24 14:18:30,2019-03-24 14:18:30
66352019,Liubov,False,2021-11-15 16:24:03,2021-11-15 16:24:03
66375991,Mario,False,2021-10-25 13:49:08,2021-10-25 13:49:08
66424364,Toni,False,2016-09-29 09:12:44,2016-09-29 09:12:44
66481222,Konrad,False,2018-08-14 07:21:00,2018-08-14 07:21:00
66484573,Sandra,False,2016-04-25 13:10:24,2016-04-25 13:10:24
66524557,Katinka,False,2019-09-15 13:37:51,2019-09-15 13:37:51
66540924,Marry,False,2020-01-22 11:25:32,2020-01-22 11:25:32
66561719,Saty,False,2019-01-24 18:33:00,2019-01-24 18:33:00
66576238,Angelika,True,2016-04-28 01:23:37,2016-04-28 01:23:37
66587789,Sophie,False,2016-04-06 11:07:36,2016-04-06 11:07:36
66589507,J.,False,2016-05-25 04:44:24,2016-05-25 04:44:24
66598123,Sabine,True,2016-04-12 10:17:10,2016-04-12 10:17:10
66602341,Fathy,False,2019-06-03 20:02:18,2019-06-03 20:02:18
66612202,Maik,False,2017-12-25 22:45:50,2017-12-25 22:45:50
66690175,Brankica,False,2017-06-26 16:16:53,2017-06-26 16:16:53
66696736,Jessica,False,2021-11-04 08:58:52,2021-11-04 08:58:52
66698720,Adriaan  Cleton,False,2016-06-21 00:48:48,2016-06-21 00:48:48
66701551,Miri,True,2019-04-04 10:46:04,2019-04-04 10:46:04
66764206,Axel,False,2016-04-22 05:35:19,2016-04-22 05:35:19
66771611,Jonathan,False,2016-12-27 02:14:08,2016-12-27 02:14:08
66790876,Vasiliki,False,2021-10-23 08:46:02,2021-10-23 08:46:02
66842375,Hans,False,2021-10-24 06:46:26,2021-10-24 06:46:26
66875618,Ina,True,2016-05-27 10:57:18,2016-05-27 10:57:18
66880953,Kerstin,False,2021-11-08 22:14:22,2021-11-08 22:14:22
66897086,Lucas,False,2021-09-26 03:55:09,2021-09-26 03:55:09
66927578,Hannes,False,2018-02-16 17:31:28,2018-02-16 17:31:28
67002483,Arne,False,2021-11-09 06:49:36,2021-11-09 06:49:36
67010346,Zaher,False,2020-02-28 05:32:04,2020-02-28 05:32:04
67016434,Sami,False,2016-10-30 15:53:57,2016-10-30 15:53:57
67022569,Наталья,False,2019-08-30 05:11:25,2019-08-30 05:11:25
67024403,Detlef,False,2021-10-24 15:34:32,2021-10-24 15:34:32
67038038,Johannes,False,2016-04-26 01:23:55,2016-04-26 01:23:55
67060786,Javier,False,2021-11-18 05:29:20,2021-11-18 05:29:20
67062964,Lisa,False,2016-04-19 02:46:39,2016-04-19 02:46:39
67093140,Anni,False,2017-08-24 08:45:37,2017-08-24 08:45:37
67093464,Stephan,False,2016-08-17 09:57:25,2016-08-17 09:57:25
67152863,Regine,False,2020-07-09 12:42:03,2020-07-09 12:42:03
67163897,M.,False,2016-06-21 20:24:46,2016-06-21 20:24:46
67194213,Anke,False,2021-11-01 19:38:10,2021-11-01 19:38:10
67242547,Leticia A.,False,2017-12-28 17:44:40,2017-12-28 17:44:40
67287160,Milos,False,2019-10-05 13:33:16,2019-10-05 13:33:16
67320467,Ekku,False,2021-11-11 13:52:22,2021-11-11 13:52:22
67326451,Philipp,False,2017-05-26 18:00:25,2017-05-26 18:00:25
67350806,Paul,False,2016-04-25 20:33:47,2016-04-25 20:33:47
67357127,Anna,False,2021-06-04 10:40:24,2021-06-04 10:40:24
67392939,Jonas,False,2018-06-12 08:28:31,2018-06-12 08:28:31
67412347,Doris,False,2019-09-30 16:01:59,2019-09-30 16:01:59
67420793,Sonia,False,2019-08-29 23:07:57,2019-08-29 23:07:57
67456052,Dan,False,2017-07-06 03:27:18,2017-07-06 03:27:18
67500313,Jamila,False,2021-11-10 05:24:54,2021-11-10 05:24:54
67565809,Hella,False,2021-01-24 04:28:54,2021-01-24 04:28:54
67572356,Katharina,False,2016-12-30 23:18:20,2016-12-30 23:18:20
67575589,René,False,2016-08-11 09:16:05,2016-08-11 09:16:05
67582543,Eli,False,2021-11-14 07:15:09,2021-11-14 07:15:09
67620310,Olga,False,2017-06-18 16:01:50,2017-06-18 16:01:50
67635547,Lily,False,2021-09-12 18:17:56,2021-09-12 18:17:56
67691029,Malena,False,2021-11-02 14:11:25,2021-11-02 14:11:25
67694094,Nina,False,2017-04-15 11:56:33,2017-04-15 11:56:33
67711531,Leonid,False,2016-05-18 18:22:48,2016-05-18 18:22:48
67720300,Leonid,False,2016-05-13 05:51:34,2016-05-13 05:51:34
67724711,Johanna Marie,False,2017-07-27 02:22:09,2017-07-27 02:22:09
67746610,Sami,False,2021-10-27 00:19:13,2021-10-27 00:19:13
67755967,Leonie,False,2016-07-20 18:52:03,2016-07-20 18:52:03
67792255,Helmut,True,2017-03-25 10:49:14,2017-03-25 10:49:14
67805746,Ibrahim,False,2020-09-15 06:36:24,2020-09-15 06:36:24
67864369,Kathryn,True,2019-08-27 12:14:09,2019-08-27 12:14:09
67881078,Dirk,False,2018-03-19 05:25:55,2018-03-19 05:25:55
67889916,Tori,False,2019-02-04 03:41:09,2019-02-04 03:41:09
67891464,Marta,False,2021-11-13 02:19:42,2021-11-13 02:19:42
67896776,Iru,False,2019-12-20 04:28:19,2019-12-20 04:28:19
67915368,Laura,False,2016-04-16 00:57:32,2016-04-16 00:57:32
67937729,Maxim,False,2016-04-21 20:41:40,2016-04-21 20:41:40
67964161,Caroline,False,2019-11-04 14:45:39,2019-11-04 14:45:39
68013211,Jana,False,2016-04-18 23:20:36,2016-04-18 23:20:36
68033150,Caroline,False,2019-06-30 12:53:08,2019-06-30 12:53:08
68033159,Matthieu,True,2016-05-01 12:57:51,2016-05-01 12:57:51
68052439,Henrike,False,2016-07-12 13:30:13,2016-07-12 13:30:13
68094397,Lydia Nadia,False,2021-11-17 16:24:08,2021-11-17 16:24:08
68108970,Jasmin,False,2017-10-20 10:24:51,2017-10-20 10:24:51
68110812,Anki,False,2019-11-30 00:42:32,2019-11-30 00:42:32
68120677,Sascha,False,2017-07-03 07:14:50,2017-07-03 07:14:50
68124661,Deya,False,2016-05-11 10:32:19,2016-05-11 10:32:19
68128660,Mila,False,2017-03-01 10:51:51,2017-03-01 10:51:51
68182291,Lucy,False,2021-11-04 00:55:01,2021-11-04 00:55:01
68223723,Sina,False,2017-09-03 20:39:04,2017-09-03 20:39:04
68250812,Paloma,False,2017-08-09 10:35:46,2017-08-09 10:35:46
68274690,Sophie,False,2016-07-06 01:45:58,2016-07-06 01:45:58
68344334,Pietje,False,2019-06-22 21:23:34,2019-06-22 21:23:34
68430468,Samantha,False,2021-03-28 22:48:25,2021-03-28 22:48:25
68548589,George,False,2021-11-18 23:19:00,2021-11-18 23:19:00
68554371,Jens,False,2016-10-15 07:31:18,2016-10-15 07:31:18
68555431,Nadine,False,2019-11-05 19:21:16,2019-11-05 19:21:16
68568305,Linus,False,2021-10-22 03:47:40,2021-10-22 03:47:40
68585977,Hen,False,2019-01-28 19:44:57,2019-01-28 19:44:57
68606751,Anna,False,2016-08-15 12:20:44,2016-08-15 12:20:44
68622662,Sali,False,2017-05-16 23:08:10,2017-05-16 23:08:10
68639985,George,False,2016-04-14 17:52:52,2016-04-14 17:52:52
68656621,Ido,False,2021-11-17 23:20:34,2021-11-17 23:20:34
68684251,Samra,False,2020-03-24 04:52:21,2020-03-24 04:52:21
68690390,Lia,False,2019-10-09 01:59:32,2019-10-09 01:59:32
68700314,Denise & Jürgen,True,2018-06-30 09:41:29,2018-06-30 09:41:29
68705877,Olimpia,False,2021-10-26 20:57:16,2021-10-26 20:57:16
68746536,Titus,False,2020-08-10 15:55:22,2020-08-10 15:55:22
68759931,Johannes,False,2021-10-29 13:46:39,2021-10-29 13:46:39
68804999,Maria,False,2016-08-05 23:03:03,2016-08-05 23:03:03
68815733,Verena,False,2019-07-25 16:19:55,2019-07-25 16:19:55
68815779,Ariana,True,2016-11-13 22:40:40,2016-11-13 22:40:40
68820574,Jana,False,2021-07-18 03:42:41,2021-07-18 03:42:41
68872153,Leonid,False,2016-11-18 21:32:53,2016-11-18 21:32:53
68895924,Naomi,False,2019-12-21 01:39:38,2019-12-21 01:39:38
68907115,Siobhan,False,2019-05-28 09:18:42,2019-05-28 09:18:42
68924778,Marco,True,2019-09-26 09:57:39,2019-09-26 09:57:39
68930212,Hans,False,2021-01-10 22:52:12,2021-01-10 22:52:12
68980325,Anna,False,2020-06-24 09:21:43,2020-06-24 09:21:43
68992345,Maja,False,2018-05-06 23:11:22,2018-05-06 23:11:22
69016111,Alrun,False,2021-10-23 03:28:02,2021-10-23 03:28:02
69072790,Patrizia,False,2016-04-20 01:06:50,2016-04-20 01:06:50
69092800,Derya,False,2021-09-24 21:08:17,2021-09-24 21:08:17
69136039,Elias,False,2020-03-04 12:37:41,2020-03-04 12:37:41
69177414,Sophia,False,2018-02-16 16:54:07,2018-02-16 16:54:07
69210168,Julia,False,2016-07-25 01:36:01,2016-07-25 01:36:01
69230077,Katja,False,2016-05-06 04:11:25,2016-05-06 04:11:25
69245029,Ade,False,2021-11-17 03:58:01,2021-11-17 03:58:01
69310706,Madleine,False,2018-05-10 07:02:49,2018-05-10 07:02:49
69311530,Yvonne,False,2016-05-13 08:43:39,2016-05-13 08:43:39
69316355,Markus,False,2021-10-21 07:02:38,2021-10-21 07:02:38
69323623,Kati,False,2018-05-18 08:18:11,2018-05-18 08:18:11
69422661,Branislav,False,2021-11-19 23:34:46,2021-11-19 23:34:46
69514536,Marcel,True,2018-02-19 17:43:32,2018-02-19 17:43:32
69593480,Jessie,True,2018-04-26 15:26:10,2018-04-26 15:26:10
69609227,Joan,False,2016-05-14 23:01:16,2016-05-14 23:01:16
69625119,Henrik,False,2021-10-28 14:07:02,2021-10-28 14:07:02
69682544,Karina,False,2019-06-23 13:25:14,2019-06-23 13:25:14
69738956,Paulina,False,2016-04-24 14:38:23,2016-04-24 14:38:23
69773847,Katrin,False,2019-09-26 09:17:20,2019-09-26 09:17:20
69808508,Burkhard,False,2021-10-27 18:49:36,2021-10-27 18:49:36
69907642,Ralf,False,2018-02-09 16:44:39,2018-02-09 16:44:39
69916445,Christina,False,2017-04-28 08:14:29,2017-04-28 08:14:29
69925667,Ina,False,2016-05-15 01:22:58,2016-05-15 01:22:58
69960776,Arne,False,2019-04-08 21:42:18,2019-04-08 21:42:18
70009491,Martin,False,2016-06-02 20:32:31,2016-06-02 20:32:31
70019260,Grit,True,2017-07-22 10:52:54,2017-07-22 10:52:54
70045074,Luisa,False,2020-03-23 03:54:38,2020-03-23 03:54:38
70140924,Christina,True,2016-04-29 20:40:48,2016-04-29 20:40:48
70148130,Alex,False,2016-09-30 04:51:41,2016-09-30 04:51:41
70162844,Ebram,False,2021-11-18 19:09:00,2021-11-18 19:09:00
70168685,Cyril,False,2021-11-18 00:41:32,2021-11-18 00:41:32
70181321,Gosia,False,2021-10-27 22:25:02,2021-10-27 22:25:02
70185347,Isabel,False,2017-07-03 08:32:50,2017-07-03 08:32:50
70192367,Wesley,False,2021-11-14 13:41:28,2021-11-14 13:41:28
70192770,Maruxa,False,2018-12-18 22:40:03,2018-12-18 22:40:03
70269860,Alexandru,False,2017-12-13 09:17:22,2017-12-13 09:17:22
70300971,Sami,False,2021-09-18 15:10:28,2021-09-18 15:10:28
70340478,Ksenia,False,2021-10-26 08:33:38,2021-10-26 08:33:38
70342026,Miguel,False,2021-08-02 14:24:34,2021-08-02 14:24:34
70443866,Niklas,False,2017-03-16 03:30:08,2017-03-16 03:30:08
70448673,Olga,False,2019-07-21 20:45:57,2019-07-21 20:45:57
70456849,Guglielmina,False,2019-02-27 10:22:56,2019-02-27 10:22:56
70461999,Wale,False,2020-05-18 08:52:02,2020-05-18 08:52:02
70462237,Anastasia,True,2018-10-24 12:10:51,2018-10-24 12:10:51
70552356,Mona,False,2021-11-08 03:47:15,2021-11-08 03:47:15
70554440,Björn,False,2021-11-11 06:55:59,2021-11-11 06:55:59
70620398,Stefan,False,2019-07-16 07:08:18,2019-07-16 07:08:18
70628860,Mabyn,False,2017-04-23 02:50:28,2017-04-23 02:50:28
70643670,Sofie,False,2019-07-14 19:08:48,2019-07-14 19:08:48
70724549,Caroline,True,2017-06-12 02:52:40,2017-06-12 02:52:40
70739674,Rich,True,2017-03-20 00:28:32,2017-03-20 00:28:32
70748690,Miège,False,2021-11-14 16:34:59,2021-11-14 16:34:59
70812796,Robert,False,2016-09-05 04:15:49,2016-09-05 04:15:49
70880731,Francisca,False,2016-12-19 17:43:22,2016-12-19 17:43:22
70898532,Dominik,False,2016-08-23 10:56:10,2016-08-23 10:56:10
70921239,Germán,True,2020-08-19 07:44:14,2020-08-19 07:44:14
70945062,Miriam,False,2017-03-25 05:37:32,2017-03-25 05:37:32
70952834,Ligal,False,2021-10-24 06:02:23,2021-10-24 06:02:23
70954933,Marcel,False,2019-06-10 05:30:43,2019-06-10 05:30:43
70970874,Bea,False,2018-12-16 02:23:24,2018-12-16 02:23:24
70986085,Janine,False,2018-01-30 12:27:53,2018-01-30 12:27:53
71055664,Livia,True,2017-08-16 22:46:35,2017-08-16 22:46:35
71058151,Fabian,False,2016-06-08 15:19:08,2016-06-08 15:19:08
71064300,Oya,False,2017-11-21 08:01:19,2017-11-21 08:01:19
71079656,Stephanie,False,2017-12-29 15:16:18,2017-12-29 15:16:18
71113592,Aylin,False,2021-10-21 14:53:00,2021-10-21 14:53:00
71126388,Mona,False,2016-09-09 10:55:23,2016-09-09 10:55:23
71194633,Molly,False,2021-03-16 20:30:18,2021-03-16 20:30:18
71232528,Markus,False,2016-06-21 18:19:46,2016-06-21 18:19:46
71284069,Pavel,True,2021-05-05 09:05:51,2021-05-05 09:05:51
71365406,Audrey,False,2021-11-19 00:51:08,2021-11-19 00:51:08
71388813,Kadin,False,2016-07-08 00:34:38,2016-07-08 00:34:38
71442210,Illés,False,2016-06-29 20:43:20,2016-06-29 20:43:20
71476022,Doz,False,2017-12-22 04:12:39,2017-12-22 04:12:39
71509888,Oliver,False,2017-06-28 20:37:02,2017-06-28 20:37:02
71523227,Caar,False,2021-11-02 19:47:59,2021-11-02 19:47:59
71553253,Berto,True,2016-11-05 09:20:16,2016-11-05 09:20:16
71595442,Antonin & Waranda,False,2021-10-22 05:12:12,2021-10-22 05:12:12
71613847,Anne,False,2016-05-11 01:03:58,2016-05-11 01:03:58
71626260,Josefina,True,2020-07-10 19:52:42,2020-07-10 19:52:42
71639347,Philipp,False,2018-09-03 09:08:52,2018-09-03 09:08:52
71652298,Uma,False,2021-10-26 11:56:21,2021-10-26 11:56:21
71670497,Florian,False,2021-10-25 04:09:19,2021-10-25 04:09:19
71794182,Lindita,False,2021-11-10 17:23:25,2021-11-10 17:23:25
71794597,Tiphaine,False,2016-05-01 04:02:05,2016-05-01 04:02:05
71810428,Manuel,False,2019-07-04 16:34:44,2019-07-04 16:34:44
71837146,Clara,False,2021-09-15 01:29:33,2021-09-15 01:29:33
71840750,Iria,False,2021-10-29 14:45:11,2021-10-29 14:45:11
71923378,Lulu,False,2021-10-22 12:08:16,2021-10-22 12:08:16
71934837,Tassilo,False,2021-10-29 05:36:45,2021-10-29 05:36:45
71986009,Bent,False,2016-06-06 23:50:40,2016-06-06 23:50:40
71998042,Anne,False,2016-10-07 01:10:42,2016-10-07 01:10:42
72077694,Juliane,False,2021-10-24 13:11:46,2021-10-24 13:11:46
72109274,Nadja,False,2021-11-13 16:25:19,2021-11-13 16:25:19
72119321,Marc,False,2019-07-01 13:02:49,2019-07-01 13:02:49
72162602,Anne & Judith,True,2016-07-05 23:02:10,2016-07-05 23:02:10
72240067,Steffi,False,2021-11-06 15:37:51,2021-11-06 15:37:51
72240858,Klemens,False,2016-08-03 02:29:00,2016-08-03 02:29:00
72242359,Linda,False,2018-10-29 03:03:59,2018-10-29 03:03:59
72257765,Toni,True,2016-09-08 09:39:18,2016-09-08 09:39:18
72265204,Gunter,False,2021-11-01 01:48:39,2021-11-01 01:48:39
72289118,Günter,False,2016-08-30 22:24:49,2016-08-30 22:24:49
72310869,Mat,False,2018-05-10 06:36:26,2018-05-10 06:36:26
72313581,Danniela,False,2019-07-23 18:48:38,2019-07-23 18:48:38
72328780,Tim,False,2021-08-05 19:01:17,2021-08-05 19:01:17
72335504,Sven,False,2016-05-26 19:50:48,2016-05-26 19:50:48
72353846,Andrea,False,2019-03-14 07:04:22,2019-03-14 07:04:22
72364634,Ahmed,False,2019-08-15 11:30:51,2019-08-15 11:30:51
72431890,Vanessa,False,2017-09-06 07:23:01,2017-09-06 07:23:01
72439399,Leonid,False,2017-02-25 20:57:24,2017-02-25 20:57:24
72440118,Anna,False,2018-08-04 01:28:07,2018-08-04 01:28:07
72442040,Michael,True,2019-10-31 18:46:29,2019-10-31 18:46:29
72447965,Helen,True,2016-06-02 06:34:03,2016-06-02 06:34:03
72449625,Svenja,False,2016-06-16 22:04:57,2016-06-16 22:04:57
72451755,Claudia,False,2016-06-17 17:18:38,2016-06-17 17:18:38
72471738,Sandrina,True,2017-10-16 09:37:50,2017-10-16 09:37:50
72522890,Corrie,False,2016-05-16 02:57:15,2016-05-16 02:57:15
72554641,Nina,False,2019-05-21 18:24:27,2019-05-21 18:24:27
72555952,Martin,False,2019-10-02 21:25:43,2019-10-02 21:25:43
72652631,Maja,False,2016-07-24 06:29:24,2016-07-24 06:29:24
72654176,Alida,False,2021-11-04 12:50:03,2021-11-04 12:50:03
72688639,Lisa,True,2016-06-21 04:44:28,2016-06-21 04:44:28
72716547,Timur,False,2021-11-07 22:05:05,2021-11-07 22:05:05
72766229,Oliver,False,2021-11-19 10:13:43,2021-11-19 10:13:43
72815159,Tatjana,True,2016-07-16 18:29:01,2016-07-16 18:29:01
72824408,Medhat,False,2019-06-26 22:29:13,2019-06-26 22:29:13
72857320,Héctor,False,2016-10-26 00:15:23,2016-10-26 00:15:23
72905027,Annika,False,2016-09-30 16:40:46,2016-09-30 16:40:46
72930955,Mzungu,False,2016-11-15 16:26:05,2016-11-15 16:26:05
72934703,Toby,False,2018-06-03 21:13:14,2018-06-03 21:13:14
72973035,Fiorella,False,2021-10-21 14:39:13,2021-10-21 14:39:13
73000854,Arne,False,2017-09-09 15:17:19,2017-09-09 15:17:19
73018934,Fidel,False,2017-08-05 04:50:23,2017-08-05 04:50:23
73067358,Clara,False,2019-03-19 17:24:06,2019-03-19 17:24:06
73088810,George Yanni,False,2019-09-13 11:22:28,2019-09-13 11:22:28
73161620,Domenico,False,2021-09-12 18:03:32,2021-09-12 18:03:32
73174907,Ani,False,2016-05-26 13:07:04,2016-05-26 13:07:04
73322120,Veronika,False,2017-08-19 22:32:34,2017-08-19 22:32:34
73342683,Dario,False,2017-04-13 17:49:01,2017-04-13 17:49:01
73370091,Javi,True,2016-05-17 04:19:24,2016-05-17 04:19:24
73471787,Gabriella,False,2019-12-31 05:55:32,2019-12-31 05:55:32
73473313,Mara,False,2021-11-05 20:28:28,2021-11-05 20:28:28
73475523,Erika,False,2018-03-26 13:20:06,2018-03-26 13:20:06
73491067,Norman,False,2016-06-15 06:36:52,2016-06-15 06:36:52
73494617,Gerald,False,2016-08-16 13:09:05,2016-08-16 13:09:05
73502259,Matthew,False,2021-10-29 08:51:39,2021-10-29 08:51:39
73542338,Hannah,False,2021-11-18 11:47:34,2021-11-18 11:47:34
73542883,Jakob,False,2021-11-04 11:55:04,2021-11-04 11:55:04
73562643,Stephanie,False,2018-04-24 19:07:08,2018-04-24 19:07:08
73588899,Laura,False,2019-08-11 11:33:06,2019-08-11 11:33:06
73682247,Ilona,False,2021-09-28 01:51:48,2021-09-28 01:51:48
73691876,Nana,False,2018-07-13 13:10:57,2018-07-13 13:10:57
73697763,Stefan,False,2016-12-04 12:28:57,2016-12-04 12:28:57
73706066,Marls,False,2016-09-13 09:32:44,2016-09-13 09:32:44
73713144,Dennis,False,2016-06-18 07:42:28,2016-06-18 07:42:28
73752556,Hong,True,2021-02-28 20:27:42,2021-02-28 20:27:42
73780357,Laura,False,2017-09-25 14:19:18,2017-09-25 14:19:18
73788927,Erika,False,2016-09-03 05:45:37,2016-09-03 05:45:37
73805884,Adania,False,2016-06-16 22:24:38,2016-06-16 22:24:38
73828853,Moritz,False,2021-11-16 07:32:38,2021-11-16 07:32:38
73837237,Salva,False,2016-05-28 23:49:40,2016-05-28 23:49:40
73885088,Pascal,False,2016-06-21 21:23:07,2016-06-21 21:23:07
73887217,Julian,False,2016-10-25 01:40:19,2016-10-25 01:40:19
73897082,Ciara-Angela,False,2019-06-22 15:54:35,2019-06-22 15:54:35
73899679,Son,False,2017-04-08 00:42:54,2017-04-08 00:42:54
73921408,Canek,False,2019-08-01 10:45:30,2019-08-01 10:45:30
73996689,Clara Maj,False,2016-08-03 16:31:17,2016-08-03 16:31:17
73997598,Daniel,False,2021-11-06 01:42:00,2021-11-06 01:42:00
73999133,Helen,False,2019-08-26 16:47:52,2019-08-26 16:47:52
74075195,Paul,True,2016-07-04 18:54:10,2016-07-04 18:54:10
74078422,Kaja,False,2019-03-21 07:02:35,2019-03-21 07:02:35
74097470,Valeria,False,2019-05-05 05:15:51,2019-05-05 05:15:51
74120918,Julia,False,2021-10-26 23:44:33,2021-10-26 23:44:33
74126798,Emanuel,False,2017-11-19 01:07:43,2017-11-19 01:07:43
74144895,Fabian,False,2016-06-15 06:41:00,2016-06-15 06:41:00
74151633,Linda,True,2016-11-18 01:41:08,2016-11-18 01:41:08
74162849,Stefanie,False,2018-10-23 06:51:20,2018-10-23 06:51:20
74165726,Jeremiah,False,2016-07-04 11:12:16,2016-07-04 11:12:16
74248483,Ruth,False,2017-12-23 12:50:08,2017-12-23 12:50:08
74297835,Serena,False,2016-07-07 20:22:36,2016-07-07 20:22:36
74326258,Emmanuel,False,2020-07-20 08:40:47,2020-07-20 08:40:47
74329216,Yannick,False,2016-05-26 18:23:21,2016-05-26 18:23:21
74361209,Éric,False,2021-07-21 10:15:20,2021-07-21 10:15:20
74404747,Luisa,False,2019-03-04 22:46:11,2019-03-04 22:46:11
74499481,Lin,True,2020-02-14 03:50:32,2020-02-14 03:50:32
74507546,Katharina,False,2016-06-12 11:55:44,2016-06-12 11:55:44
74515140,Mayra,False,2021-06-19 05:51:42,2021-06-19 05:51:42
74550374,I.,False,2016-06-19 20:05:47,2016-06-19 20:05:47
74558752,Philip,True,2017-03-10 08:44:14,2017-03-10 08:44:14
74574937,Sinan,False,2021-11-08 22:24:39,2021-11-08 22:24:39
74580038,Ramin,False,2016-05-29 01:49:08,2016-05-29 01:49:08
74613212,Johanna,False,2021-11-05 16:13:35,2021-11-05 16:13:35
74629223,Ewa,False,2021-07-30 21:34:57,2021-07-30 21:34:57
74632259,Sybille,False,2016-07-27 07:51:14,2016-07-27 07:51:14
74639052,Maia,False,2021-10-25 23:34:51,2021-10-25 23:34:51
74675449,Imon,False,2017-03-06 04:09:54,2017-03-06 04:09:54
74694342,Anja,False,2016-07-22 08:18:53,2016-07-22 08:18:53
74744455,David,False,2021-10-22 13:25:59,2021-10-22 13:25:59
74747110,Kerstin,False,2016-07-29 23:20:10,2016-07-29 23:20:10
74750098,Ben,False,2018-01-30 04:40:55,2018-01-30 04:40:55
74750315,Glenn,False,2016-06-02 08:46:19,2016-06-02 08:46:19
74750949,Chams,False,2017-06-20 15:53:10,2017-06-20 15:53:10
74752664,Maru,False,2016-06-16 03:22:42,2016-06-16 03:22:42
74777299,Isa,False,2018-07-15 07:43:13,2018-07-15 07:43:13
74777374,Anastasia,False,2016-06-19 16:15:33,2016-06-19 16:15:33
74781619,Eva,False,2016-06-20 01:25:48,2016-06-20 01:25:48
74796141,J,False,2016-06-28 09:26:24,2016-06-28 09:26:24
74816112,Carla,False,2021-10-21 04:05:54,2021-10-21 04:05:54
74822680,Christoph,False,2016-07-22 14:49:27,2016-07-22 14:49:27
74848691,Tobias,False,2021-11-10 20:11:17,2021-11-10 20:11:17
74864800,Anne,True,2016-12-13 14:08:43,2016-12-13 14:08:43
74871754,Laura,False,2021-11-13 06:48:44,2021-11-13 06:48:44
74909438,Ken,False,2019-04-15 06:06:50,2019-04-15 06:06:50
74943200,Jule,False,2016-08-05 09:47:23,2016-08-05 09:47:23
74961861,Dana,False,2021-10-27 17:43:43,2021-10-27 17:43:43
75049576,Frederik,True,2016-06-05 01:22:55,2016-06-05 01:22:55
75158426,Florian,False,2021-11-16 12:36:21,2021-11-16 12:36:21
75158811,Yvi,False,2016-06-01 17:15:21,2016-06-01 17:15:21
75177221,Julian,False,2021-09-28 18:25:24,2021-09-28 18:25:24
75210772,Angel,False,2017-07-01 05:35:43,2017-07-01 05:35:43
75216153,Virginia,False,2021-04-24 07:15:20,2021-04-24 07:15:20
75268358,Ida,False,2021-11-01 23:41:05,2021-11-01 23:41:05
75268813,Vanessa,False,2021-11-05 05:22:12,2021-11-05 05:22:12
75327580,Sven,True,2016-06-13 08:25:07,2016-06-13 08:25:07
75338178,Loni,False,2018-12-23 00:46:17,2018-12-23 00:46:17
75343949,Clara,False,2017-08-29 20:51:02,2017-08-29 20:51:02
75353292,Rainer,False,2021-11-07 12:38:59,2021-11-07 12:38:59
75442632,Lisa,False,2016-07-24 02:37:50,2016-07-24 02:37:50
75460170,Izabela,False,2016-12-26 02:55:44,2016-12-26 02:55:44
75531056,Michael,True,2016-06-04 21:47:48,2016-06-04 21:47:48
75559255,Luise,False,2021-11-15 16:00:21,2021-11-15 16:00:21
75595521,Seratul,False,2021-07-23 03:07:13,2021-07-23 03:07:13
75612546,Tatiana,False,2016-07-09 15:38:57,2016-07-09 15:38:57
75616073,Björn,True,2019-02-08 06:21:04,2019-02-08 06:21:04
75652640,David,False,2019-02-18 17:20:48,2019-02-18 17:20:48
75689890,Alexander,False,2016-05-24 11:44:03,2016-05-24 11:44:03
75759783,Lars,False,2020-09-17 08:02:37,2020-09-17 08:02:37
75762814,Luise,False,2017-05-24 04:44:15,2017-05-24 04:44:15
75774508,Claire,False,2018-08-13 04:00:02,2018-08-13 04:00:02
75774649,Johanna,False,2018-08-25 02:41:46,2018-08-25 02:41:46
75776324,Olaf,True,2016-08-25 01:44:47,2016-08-25 01:44:47
75787504,Sophie,False,2018-06-19 05:43:37,2018-06-19 05:43:37
75869408,Vivi,False,2016-06-07 12:59:11,2016-06-07 12:59:11
75877577,Tim,False,2018-06-16 16:51:45,2018-06-16 16:51:45
75890451,Adele,False,2016-08-12 22:53:24,2016-08-12 22:53:24
75905090,Ana,False,2017-06-23 09:18:10,2017-06-23 09:18:10
75943990,Ulrike,False,2019-07-29 12:15:26,2019-07-29 12:15:26
76060471,Fatime,False,2017-05-09 08:53:03,2017-05-09 08:53:03
76069504,Karin,False,2017-09-01 13:16:35,2017-09-01 13:16:35
76086508,Fine,False,2016-05-28 20:02:30,2016-05-28 20:02:30
76091555,Tobias,False,2018-08-11 14:28:30,2018-08-11 14:28:30
76116125,Felicitas,False,2021-08-13 03:17:21,2021-08-13 03:17:21
76146934,Max,False,2016-05-30 05:58:51,2016-05-30 05:58:51
76148857,Gabriele,False,2018-06-06 06:41:16,2018-06-06 06:41:16
76163058,Sophie,False,2017-07-30 03:51:41,2017-07-30 03:51:41
76163996,Christina,False,2017-08-28 02:57:32,2017-08-28 02:57:32
76340603,Rolf & Francois,True,2017-07-31 08:25:49,2017-07-31 08:25:49
76491096,Elisa,False,2016-07-05 19:35:22,2016-07-05 19:35:22
76514831,Alexander,False,2016-06-14 21:57:15,2016-06-14 21:57:15
76562028,Marleen,False,2017-08-29 18:16:30,2017-08-29 18:16:30
76615730,Manuel,False,2018-03-11 06:15:07,2018-03-11 06:15:07
76628529,Tom,True,2017-05-20 08:02:52,2017-05-20 08:02:52
76640350,Fraser,False,2021-10-24 19:17:48,2021-10-24 19:17:48
76641332,Stefan,False,2020-02-05 14:56:41,2020-02-05 14:56:41
76683934,Alexander,False,2017-03-02 18:53:20,2017-03-02 18:53:20
76703729,Menal,False,2021-11-06 16:12:03,2021-11-06 16:12:03
76721755,Lina,False,2021-09-07 09:06:36,2021-09-07 09:06:36
76794713,Hannes,False,2018-09-15 01:32:23,2018-09-15 01:32:23
76796540,Sandra,False,2016-08-10 05:27:28,2016-08-10 05:27:28
76823362,Sven,False,2018-07-17 01:58:56,2018-07-17 01:58:56
76845903,Luisa,False,2016-12-18 13:48:01,2016-12-18 13:48:01
76875398,Felix,False,2017-12-06 14:24:57,2017-12-06 14:24:57
76875613,Johannes,False,2021-10-27 13:12:14,2021-10-27 13:12:14
76906838,Björn,False,2021-11-10 02:09:56,2021-11-10 02:09:56
76923074,Julia,False,2021-10-26 23:43:19,2021-10-26 23:43:19
76945744,Philipp,False,2016-06-14 11:40:26,2016-06-14 11:40:26
76948901,Alba,False,2016-06-10 04:01:55,2016-06-10 04:01:55
76959766,Tomi,False,2021-11-17 00:49:40,2021-11-17 00:49:40
77079619,Ursula,False,2017-02-16 08:44:10,2017-02-16 08:44:10
77099099,Denise,False,2021-11-13 07:37:52,2021-11-13 07:37:52
77159849,Angelina,False,2020-08-02 10:18:52,2020-08-02 10:18:52
77203278,Ayla,False,2021-10-25 13:46:37,2021-10-25 13:46:37
77214209,Ali,False,2016-10-30 08:35:01,2016-10-30 08:35:01
77248034,Jörg,False,2017-08-09 15:17:33,2017-08-09 15:17:33
77249432,Armin,False,2018-04-13 21:50:28,2018-04-13 21:50:28
77261793,Magdalena,False,2016-06-07 00:49:39,2016-06-07 00:49:39
77262771,Alex,False,2018-11-11 10:08:37,2018-11-11 10:08:37
77439052,Luise,False,2016-06-16 17:31:15,2016-06-16 17:31:15
77485760,Hannah,False,2016-06-19 12:29:43,2016-06-19 12:29:43
77509397,Sarah,False,2019-10-16 21:45:36,2019-10-16 21:45:36
77514719,Sabriye,False,2016-07-22 15:05:11,2016-07-22 15:05:11
77519364,Karaki,False,2018-05-05 04:22:44,2018-05-05 04:22:44
77522210,Chloe,False,2021-11-17 06:27:31,2021-11-17 06:27:31
77561751,Diana,False,2021-11-10 05:48:26,2021-11-10 05:48:26
77631123,Feng,False,2021-11-19 10:07:15,2021-11-19 10:07:15
77695541,Martin,False,2018-08-18 06:26:26,2018-08-18 06:26:26
77767523,Enver,False,2016-08-14 21:31:07,2016-08-14 21:31:07
77774265,Tormod,False,2019-12-12 13:52:19,2019-12-12 13:52:19
77781707,Diogo Leandro,True,2017-04-22 21:03:51,2017-04-22 21:03:51
77845975,Benjamin,False,2017-06-18 17:38:59,2017-06-18 17:38:59
77859450,Yasemin,False,2021-10-22 05:56:24,2021-10-22 05:56:24
77890643,Kathrin,False,2020-01-20 08:29:41,2020-01-20 08:29:41
77923222,Andrea,False,2017-02-03 02:32:44,2017-02-03 02:32:44
77943199,Uta,False,2017-04-10 14:16:19,2017-04-10 14:16:19
77964725,Thomas,True,2020-05-30 03:43:25,2020-05-30 03:43:25
78069686,Julien,False,2021-11-05 19:47:22,2021-11-05 19:47:22
78167637,Emanuele,False,2018-08-13 14:27:28,2018-08-13 14:27:28
78220240,Katharina,False,2019-10-12 10:15:52,2019-10-12 10:15:52
78250834,Emily,False,2016-12-04 05:47:17,2016-12-04 05:47:17
78319502,Yvonne,False,2017-05-07 12:37:51,2017-05-07 12:37:51
78385580,Lior,False,2021-11-13 09:30:25,2021-11-13 09:30:25
78385711,Isabel,False,2021-08-08 00:25:59,2021-08-08 00:25:59
78387405,Michael,False,2021-08-17 02:46:06,2021-08-17 02:46:06
78388004,Katja,False,2021-11-02 00:12:34,2021-11-02 00:12:34
78396686,Samira,False,2021-11-19 07:04:54,2021-11-19 07:04:54
78484510,Aman,False,2020-07-26 02:33:30,2020-07-26 02:33:30
78493498,Jie,False,2019-05-25 10:43:33,2019-05-25 10:43:33
78562588,Susana C.,False,2016-06-12 21:56:31,2016-06-12 21:56:31
78571663,Nina,False,2018-08-31 14:51:50,2018-08-31 14:51:50
78585728,Marie,True,2020-10-01 03:24:01,2020-10-01 03:24:01
78606563,Edda,False,2017-09-12 23:41:24,2017-09-12 23:41:24
78664104,Jan,False,2019-05-02 07:13:19,2019-05-02 07:13:19
78670151,Theresa,False,2017-09-13 18:46:59,2017-09-13 18:46:59
78804357,Alexis,False,2019-12-24 00:27:34,2019-12-24 00:27:34
78831560,Andrew,True,2017-10-25 18:24:23,2017-10-25 18:24:23
78877840,Stefan,False,2018-06-01 05:19:52,2018-06-01 05:19:52
78997846,Laura,False,2017-09-08 02:10:22,2017-09-08 02:10:22
79000226,Sabine,False,2016-07-13 11:54:58,2016-07-13 11:54:58
79002334,Laura,False,2018-08-04 18:53:19,2018-08-04 18:53:19
79089196,Jan,False,2018-12-21 03:00:24,2018-12-21 03:00:24
79100438,Edith,False,2019-05-28 19:05:28,2019-05-28 19:05:28
79251441,Karim,False,2021-11-05 10:30:50,2021-11-05 10:30:50
79255369,Sven,True,2016-07-08 03:18:09,2016-07-08 03:18:09
79285106,Lana,False,2016-07-04 15:10:48,2016-07-04 15:10:48
79312888,Songül,False,2017-05-20 06:33:47,2017-05-20 06:33:47
79323327,Elene,False,2017-03-16 14:21:55,2017-03-16 14:21:55
79325511,Maximilian,False,2021-08-27 04:42:40,2021-08-27 04:42:40
79413758,Roland,False,2016-08-08 04:40:09,2016-08-08 04:40:09
79416558,Julia,False,2020-08-24 06:14:55,2020-08-24 06:14:55
79421287,Carolin,False,2018-12-29 15:18:14,2018-12-29 15:18:14
79430806,Katya,False,2016-12-13 08:52:16,2016-12-13 08:52:16
79469238,Sebastian,False,2016-08-08 04:06:48,2016-08-08 04:06:48
79518134,Julia,False,2018-06-27 23:05:07,2018-06-27 23:05:07
79533499,Frank,False,2021-11-13 00:06:36,2021-11-13 00:06:36
79703073,Christian,False,2019-03-30 07:48:32,2019-03-30 07:48:32
79713666,Sonsie,False,2018-08-15 04:45:36,2018-08-15 04:45:36
79781318,Danaisy,False,2016-07-24 05:55:17,2016-07-24 05:55:17
79838252,Daus,False,2021-10-23 09:00:46,2021-10-23 09:00:46
79844130,Zora,False,2017-08-09 02:44:37,2017-08-09 02:44:37
79875465,Janet,False,2016-07-16 14:34:27,2016-07-16 14:34:27
79882296,Julie,True,2016-06-28 23:42:31,2016-06-28 23:42:31
79948380,Ricardo,False,2021-04-24 08:56:14,2021-04-24 08:56:14
79950390,Balázs,True,2019-04-08 10:17:26,2019-04-08 10:17:26
80009613,Luzie,False,2018-08-04 04:34:45,2018-08-04 04:34:45
80069135,Natalia,True,2016-07-01 12:13:37,2016-07-01 12:13:37
80093638,Robbi,False,2019-12-04 03:45:11,2019-12-04 03:45:11
80188984,Fabian,False,2016-08-15 23:49:52,2016-08-15 23:49:52
80206184,Toni,False,2021-10-31 01:51:01,2021-10-31 01:51:01
80212545,Wiebke,False,2018-08-25 23:51:39,2018-08-25 23:51:39
80214104,María,False,2019-04-12 02:10:59,2019-04-12 02:10:59
80282218,Lena,False,2016-07-28 22:15:11,2016-07-28 22:15:11
80286078,Franziska,False,2017-03-10 19:04:43,2017-03-10 19:04:43
80293234,Claudia,False,2016-08-07 05:04:28,2016-08-07 05:04:28
80394592,Diego,False,2021-10-26 10:03:27,2021-10-26 10:03:27
80410216,Janne,False,2016-06-14 05:52:49,2016-06-14 05:52:49
80424192,Sven,True,2016-06-22 08:22:10,2016-06-22 08:22:10
80426890,Johannes,False,2016-09-14 03:19:34,2016-09-14 03:19:34
80459351,Prenzlauer,False,2016-09-19 19:18:09,2016-09-19 19:18:09
80464141,Maik,False,2021-10-26 18:26:35,2021-10-26 18:26:35
80482488,Sonja,False,2021-11-18 16:21:52,2021-11-18 16:21:52
80484044,Julia,False,2016-10-01 00:42:16,2016-10-01 00:42:16
80501251,Louisa,False,2017-01-05 19:47:50,2017-01-05 19:47:50
80511759,Till,False,2017-07-28 22:42:53,2017-07-28 22:42:53
80616892,Tim,False,2016-08-04 01:41:54,2016-08-04 01:41:54
80625117,Isabelle,True,2018-07-17 09:47:01,2018-07-17 09:47:01
80640615,Morsy,True,2016-07-25 14:31:42,2016-07-25 14:31:42
80647411,Oren,False,2017-03-19 22:36:58,2017-03-19 22:36:58
80675177,Sven,True,2016-06-25 04:18:59,2016-06-25 04:18:59
80714211,Renald,False,2016-07-02 03:12:54,2016-07-02 03:12:54
80728051,Dorothea,False,2017-04-28 20:06:13,2017-04-28 20:06:13
80735678,Jan,True,2018-04-07 07:48:25,2018-04-07 07:48:25
80817957,Nina,False,2019-05-23 14:10:33,2019-05-23 14:10:33
80834351,Alexander,False,2020-06-20 07:50:21,2020-06-20 07:50:21
80837749,Luca,False,2016-06-20 01:23:00,2016-06-20 01:23:00
80847258,Rajab,False,2018-01-30 04:44:00,2018-01-30 04:44:00
80852682,Roberto,False,2021-07-24 03:11:24,2021-07-24 03:11:24
80857479,Jan,False,2016-07-20 04:28:26,2016-07-20 04:28:26
80861096,Dimitri,False,2019-07-15 16:42:50,2019-07-15 16:42:50
80861390,Alexandra,True,2017-04-11 07:10:42,2017-04-11 07:10:42
80876529,Katharina,False,2021-11-07 01:23:41,2021-11-07 01:23:41
80887087,Carlos,False,2016-08-28 11:15:30,2016-08-28 11:15:30
80900552,Markus,False,2016-06-28 09:11:06,2016-06-28 09:11:06
80919335,Frank,False,2017-04-11 21:17:42,2017-04-11 21:17:42
81030660,Isabell,False,2016-09-06 16:37:17,2016-09-06 16:37:17
81059378,Janosch,False,2020-02-24 16:00:00,2020-02-24 16:00:00
81075540,Sonja,False,2016-09-11 20:47:44,2016-09-11 20:47:44
81076419,Avitosh,False,2021-10-21 13:05:41,2021-10-21 13:05:41
81087674,Mischa,False,2016-07-03 02:56:17,2016-07-03 02:56:17
81123292,Klaus,False,2016-07-10 07:14:15,2016-07-10 07:14:15
81163337,Markus,False,2021-02-21 11:59:27,2021-02-21 11:59:27
81229283,Claudia,True,2021-05-14 16:12:35,2021-05-14 16:12:35
81291180,Pascal,False,2016-08-05 17:55:48,2016-08-05 17:55:48
81311399,Oded,False,2017-07-05 08:03:03,2017-07-05 08:03:03
81311773,Tai Chi,False,2019-06-27 03:17:13,2019-06-27 03:17:13
81586679,Sofia,True,2020-07-05 10:21:04,2020-07-05 10:21:04
81597564,Francesco,False,2017-07-07 02:37:47,2017-07-07 02:37:47
81653648,Teddy,False,2021-09-21 14:26:49,2021-09-21 14:26:49
81657547,Robert,True,2018-07-23 01:47:46,2018-07-23 01:47:46
81729002,Emilie Thit,False,2021-10-22 08:57:30,2021-10-22 08:57:30
81804128,Aurica,False,2016-09-18 12:03:45,2016-09-18 12:03:45
81816312,Ilka,False,2016-06-29 17:52:56,2016-06-29 17:52:56
81819420,Tim,False,2021-10-25 21:46:50,2021-10-25 21:46:50
81826394,Liya,False,2019-08-17 20:26:11,2019-08-17 20:26:11
81835621,Soffi,False,2019-08-17 17:53:45,2019-08-17 17:53:45
81920317,Hilde,False,2021-10-27 16:06:52,2021-10-27 16:06:52
81941440,Cornelia,False,2016-07-11 13:03:45,2016-07-11 13:03:45
81984654,Anna,False,2018-12-28 10:13:46,2018-12-28 10:13:46
82030459,Kim,False,2016-06-24 12:25:24,2016-06-24 12:25:24
82038375,Werner,False,2021-10-29 00:21:29,2021-10-29 00:21:29
82047662,Kirsten,True,2016-09-27 05:10:51,2016-09-27 05:10:51
82056795,Erik,False,2019-03-15 18:08:50,2019-03-15 18:08:50
82060224,Marleen,False,2017-08-19 18:27:17,2017-08-19 18:27:17
82105508,Marlene,False,2018-05-31 10:20:24,2018-05-31 10:20:24
82120381,Fanny,False,2021-11-03 05:01:00,2021-11-03 05:01:00
82142678,Rafael,False,2021-10-25 05:14:44,2021-10-25 05:14:44
82144943,Markus And Hugo,False,2016-07-11 03:46:58,2016-07-11 03:46:58
82152793,Katrin,True,2019-12-20 04:49:40,2019-12-20 04:49:40
82160071,Nicole,False,2018-08-29 06:33:10,2018-08-29 06:33:10
82218136,Merlin,False,2016-09-25 08:18:09,2016-09-25 08:18:09
82232269,David,False,2016-07-26 12:26:24,2016-07-26 12:26:24
82238994,Serkan,True,2016-12-28 09:32:33,2016-12-28 09:32:33
82245405,Klemens,False,2021-11-19 09:26:53,2021-11-19 09:26:53
82255686,Scarlett,False,2021-09-15 22:47:46,2021-09-15 22:47:46
82279491,Nehemiah,False,2019-08-14 23:14:05,2019-08-14 23:14:05
82299810,Karolina,True,2016-08-01 18:43:11,2016-08-01 18:43:11
82302472,Claudia,False,2017-08-21 07:19:10,2017-08-21 07:19:10
82324046,Ahmed Amine,True,2020-09-22 05:33:54,2020-09-22 05:33:54
82427093,Martha,False,2016-06-29 20:42:33,2016-06-29 20:42:33
82440638,Nastasia,False,2021-07-15 10:05:22,2021-07-15 10:05:22
82444389,Leonard,False,2021-11-03 16:21:13,2021-11-03 16:21:13
82453371,Berna,False,2018-05-23 19:30:38,2018-05-23 19:30:38
82473711,Christian & Vemo,False,2016-07-03 07:17:27,2016-07-03 07:17:27
82553883,Grit,False,2017-12-22 03:25:29,2017-12-22 03:25:29
82630344,Sabrina,False,2021-09-04 23:29:46,2021-09-04 23:29:46
82634321,Frederic,False,2019-04-05 05:52:07,2019-04-05 05:52:07
82641963,Pavel,False,2020-08-14 09:58:24,2020-08-14 09:58:24
82710409,Susen,False,2017-08-20 05:52:03,2017-08-20 05:52:03
82714181,Pension,False,2016-07-12 07:19:01,2016-07-12 07:19:01
82730752,Natashka,False,2017-07-22 23:01:50,2017-07-22 23:01:50
82838371,Leonie,False,2021-10-30 18:14:39,2021-10-30 18:14:39
82862569,Edgar,False,2021-07-29 18:48:08,2021-07-29 18:48:08
82912243,Elena,False,2019-07-22 05:30:20,2019-07-22 05:30:20
82927975,Zachar,False,2018-07-05 03:15:12,2018-07-05 03:15:12
83014260,Giuseppe,False,2016-10-21 21:18:06,2016-10-21 21:18:06
83028041,Jonas,False,2017-05-27 22:22:55,2017-05-27 22:22:55
83029886,Valentin,False,2018-12-10 02:34:46,2018-12-10 02:34:46
83047778,Florian,False,2021-10-22 23:07:50,2021-10-22 23:07:50
83068676,Sohila,True,2018-06-27 15:35:14,2018-06-27 15:35:14
83104049,Viola,False,2016-07-05 10:42:30,2016-07-05 10:42:30
83114888,Jan,False,2016-08-25 19:37:12,2016-08-25 19:37:12
83121051,Pascale,False,2021-11-03 21:22:55,2021-11-03 21:22:55
83228166,Sophie,False,2018-05-31 06:45:35,2018-05-31 06:45:35
83307800,Alexander,False,2018-05-12 08:44:16,2018-05-12 08:44:16
83308685,Andreas,False,2016-08-03 14:45:20,2016-08-03 14:45:20
83320139,Jakob,False,2018-03-15 01:52:09,2018-03-15 01:52:09
83334442,Emel,False,2021-11-10 23:41:57,2021-11-10 23:41:57
83364500,Ursula,False,2018-03-25 10:53:16,2018-03-25 10:53:16
83371892,Tony,False,2021-11-05 17:14:41,2021-11-05 17:14:41
83386849,Max,False,2021-10-23 01:48:53,2021-10-23 01:48:53
83443733,Atze,False,2019-12-17 06:19:48,2019-12-17 06:19:48
83471155,Diana,False,2019-04-25 10:28:47,2019-04-25 10:28:47
83484321,Christine,False,2016-07-17 03:32:56,2016-07-17 03:32:56
83494533,Caro,False,2018-09-11 06:13:21,2018-09-11 06:13:21
83495735,David,False,2021-11-10 00:17:43,2021-11-10 00:17:43
83514557,Kristin,False,2018-07-06 01:57:42,2018-07-06 01:57:42
83537099,Aaron,True,2019-05-31 08:16:26,2019-05-31 08:16:26
83541571,Marie,False,2016-07-09 03:54:19,2016-07-09 03:54:19
83565276,Christian (Henk),False,2016-08-04 14:45:27,2016-08-04 14:45:27
83583952,Aron,False,2021-10-26 11:25:36,2021-10-26 11:25:36
83594010,James,False,2018-07-18 11:52:23,2018-07-18 11:52:23
83638319,Dajana,False,2016-08-04 00:01:46,2016-08-04 00:01:46
83693578,Eckehard,True,2016-10-01 15:33:09,2016-10-01 15:33:09
83724182,Dorian,False,2021-10-23 12:12:05,2021-10-23 12:12:05
83732173,Marisa,True,2018-10-10 18:08:25,2018-10-10 18:08:25
83738669,Matilde,False,2021-07-26 16:13:21,2021-07-26 16:13:21
83751457,Joosep,False,2018-05-09 23:25:41,2018-05-09 23:25:41
83762148,Johanna,False,2021-11-03 23:24:08,2021-11-03 23:24:08
83767016,Luise,False,2016-07-08 05:40:29,2016-07-08 05:40:29
83813372,Ann-Marie,False,2019-12-23 00:45:56,2019-12-23 00:45:56
83856993,Julia,False,2021-06-17 15:06:50,2021-06-17 15:06:50
83906679,Moritz,False,2017-07-22 10:43:55,2017-07-22 10:43:55
83936528,Aljona,False,2016-07-20 16:31:35,2016-07-20 16:31:35
84041731,Malcolm,False,2017-08-01 19:31:03,2017-08-01 19:31:03
84089104,Philipp,False,2021-11-06 01:34:20,2021-11-06 01:34:20
84102243,Jo,False,2016-07-11 10:59:54,2016-07-11 10:59:54
84180719,Lilly,False,2021-11-02 05:50:57,2021-11-02 05:50:57
84192909,Stephan & Renè,True,2017-04-13 08:49:58,2017-04-13 08:49:58
84201862,Jörg,False,2016-09-07 16:53:43,2016-09-07 16:53:43
84221770,Teo,False,2017-09-19 23:49:11,2017-09-19 23:49:11
84228805,Cornelia,False,2019-06-24 11:17:18,2019-06-24 11:17:18
84251083,David,False,2018-07-19 08:41:59,2018-07-19 08:41:59
84283587,Petra,False,2016-07-31 04:38:21,2016-07-31 04:38:21
84319687,Natalie,False,2021-11-02 08:37:41,2021-11-02 08:37:41
84401747,Peter,False,2016-08-09 20:37:29,2016-08-09 20:37:29
84422947,Felicity,False,2016-07-20 18:20:17,2016-07-20 18:20:17
84438753,Hans,False,2019-10-24 14:29:24,2019-10-24 14:29:24
84466396,Macro,False,2021-11-01 20:39:35,2021-11-01 20:39:35
84487357,Louisa,False,2019-08-02 23:08:43,2019-08-02 23:08:43
84512703,Dominik,False,2019-02-12 03:23:26,2019-02-12 03:23:26
84533297,Nadine,False,2017-06-28 14:04:26,2017-06-28 14:04:26
84535066,Bastian,False,2021-09-13 23:33:53,2021-09-13 23:33:53
84542331,Gilad,False,2016-08-10 04:32:03,2016-08-10 04:32:03
84554253,David,False,2016-08-09 16:58:16,2016-08-09 16:58:16
84554564,Caitlin,False,2020-08-07 19:05:17,2020-08-07 19:05:17
84637557,Sima,True,2019-08-18 11:46:10,2019-08-18 11:46:10
84673308,Jasmin,False,2021-11-06 15:43:02,2021-11-06 15:43:02
84733117,Marianne,False,2021-10-28 19:24:51,2021-10-28 19:24:51
84748525,Wera,True,2016-07-31 14:31:36,2016-07-31 14:31:36
84780003,Adele,False,2016-12-12 21:12:23,2016-12-12 21:12:23
84787007,Maeve,False,2019-08-09 12:02:11,2019-08-09 12:02:11
84842965,Paul,False,2018-08-05 20:39:28,2018-08-05 20:39:28
84862652,Atilla,True,2020-08-19 07:43:19,2020-08-19 07:43:19
84899836,Elena,False,2019-07-21 23:51:44,2019-07-21 23:51:44
84949216,Markus,False,2017-08-11 04:19:30,2017-08-11 04:19:30
84954977,Diane,False,2018-12-22 12:42:05,2018-12-22 12:42:05
84979363,Sarah,False,2021-11-09 05:53:09,2021-11-09 05:53:09
85033900,Sarah,False,2017-07-21 03:05:00,2017-07-21 03:05:00
85050799,Zeynep,False,2016-08-06 18:22:08,2016-08-06 18:22:08
85075824,Lisa,False,2016-07-22 03:26:35,2016-07-22 03:26:35
85076344,Yeliz,False,2021-10-13 14:48:53,2021-10-13 14:48:53
85086022,Frieda,False,2019-08-25 02:57:11,2019-08-25 02:57:11
85092590,Andreas,True,2016-09-01 11:39:40,2016-09-01 11:39:40
85121221,Petra,True,2018-09-03 13:10:32,2018-09-03 13:10:32
85143476,Talal,False,2018-05-21 06:04:15,2018-05-21 06:04:15
85248607,Magdalena,False,2017-04-16 16:49:37,2017-04-16 16:49:37
85254718,Markus,False,2021-11-09 13:11:40,2021-11-09 13:11:40
85269071,Wali,False,2021-07-15 17:33:02,2021-07-15 17:33:02
85296462,Swantje,False,2018-01-01 17:34:07,2018-01-01 17:34:07
85312132,Sophie,False,2021-11-16 05:26:34,2021-11-16 05:26:34
85337726,Jill,False,2021-11-19 12:41:30,2021-11-19 12:41:30
85369900,Larissa,False,2021-11-09 04:30:34,2021-11-09 04:30:34
85457298,Lothar,False,2021-10-29 00:51:32,2021-10-29 00:51:32
85588853,Annika,False,2016-08-03 18:08:57,2016-08-03 18:08:57
85603922,Manuel,False,2020-02-12 09:31:03,2020-02-12 09:31:03
85699179,Florian,False,2019-02-24 00:06:47,2019-02-24 00:06:47
85790304,Elma And Aaron,False,2016-08-02 04:41:17,2016-08-02 04:41:17
85795034,Michael,False,2017-08-24 17:30:15,2017-08-24 17:30:15
85802189,Samuel,False,2019-09-15 07:39:00,2019-09-15 07:39:00
85804457,Katha,False,2016-07-31 08:53:27,2016-07-31 08:53:27
85872649,Niels H.,False,2021-11-02 10:43:45,2021-11-02 10:43:45
85901073,Julia,False,2016-08-27 18:02:37,2016-08-27 18:02:37
85947114,Eva,False,2018-11-29 20:59:03,2018-11-29 20:59:03
86023236,Robin,False,2016-07-29 05:13:53,2016-07-29 05:13:53
86028287,Céline,False,2018-04-28 05:37:26,2018-04-28 05:37:26
86031377,Marthe,False,2018-10-03 15:21:30,2018-10-03 15:21:30
86048243,Xavi,False,2017-10-22 04:46:53,2017-10-22 04:46:53
86081181,Piotr,False,2017-09-05 10:16:37,2017-09-05 10:16:37
86086008,Johanna,False,2016-07-27 02:44:26,2016-07-27 02:44:26
86087723,Luca,False,2021-11-19 11:33:38,2021-11-19 11:33:38
86089359,Eva,False,2021-11-06 00:52:01,2021-11-06 00:52:01
86120115,Iris,False,2017-07-26 19:06:57,2017-07-26 19:06:57
86139032,Alexandra,False,2016-08-06 10:21:37,2016-08-06 10:21:37
86149098,Yvonne,False,2016-08-18 20:00:33,2016-08-18 20:00:33
86166545,Anna,False,2016-08-18 06:08:24,2016-08-18 06:08:24
86244643,Pavel,False,2017-04-24 11:26:52,2017-04-24 11:26:52
86266053,Till,True,2018-10-09 00:37:17,2018-10-09 00:37:17
86282975,Sebastian,False,2021-10-25 03:16:44,2021-10-25 03:16:44
86306399,Salome,False,2016-08-10 13:50:52,2016-08-10 13:50:52
86324450,Hanspeter,False,2018-05-24 21:50:56,2018-05-24 21:50:56
86361408,Johanna,False,2021-10-21 15:42:50,2021-10-21 15:42:50
86372685,Josué Moy,False,2016-08-03 11:18:44,2016-08-03 11:18:44
86456142,Nora,False,2017-08-30 20:00:54,2017-08-30 20:00:54
86473761,Timo,False,2021-05-17 11:19:52,2021-05-17 11:19:52
86478533,Ksenia,True,2019-06-04 06:33:08,2019-06-04 06:33:08
86484113,Luba,False,2016-12-21 13:15:05,2016-12-21 13:15:05
86485873,Hannes,False,2020-09-05 20:27:02,2020-09-05 20:27:02
86528339,Hamun,False,2021-11-14 03:29:12,2021-11-14 03:29:12
86551352,Janine,False,2016-08-01 04:21:50,2016-08-01 04:21:50
86592058,Valentin,False,2021-11-05 01:56:39,2021-11-05 01:56:39
86626749,Nikolett,False,2019-06-09 00:08:32,2019-06-09 00:08:32
86638979,Franca,True,2018-08-16 05:15:02,2018-08-16 05:15:02
86644386,Chaya,False,2018-09-15 05:28:56,2018-09-15 05:28:56
86656518,Mónica,False,2018-09-18 08:44:23,2018-09-18 08:44:23
86661615,Dietmar,False,2016-08-12 03:02:25,2016-08-12 03:02:25
86675603,David,False,2016-09-08 23:07:43,2016-09-08 23:07:43
86679881,Paul & Jana,True,2016-09-02 01:20:06,2016-09-02 01:20:06
86830217,Wiebke,False,2021-11-01 14:28:01,2021-11-01 14:28:01
86857088,Dan,True,2016-09-22 02:27:30,2016-09-22 02:27:30
86870072,Flo,False,2017-12-23 16:28:41,2017-12-23 16:28:41
86871992,Fabian,False,2016-07-31 11:47:48,2016-07-31 11:47:48
86873653,Oula,True,2018-09-05 20:10:42,2018-09-05 20:10:42
86895618,Julia,False,2021-11-02 20:11:24,2021-11-02 20:11:24
86903807,Valentina,False,2019-03-05 09:08:59,2019-03-05 09:08:59
86935637,Karim,False,2021-11-01 05:35:41,2021-11-01 05:35:41
86973082,Umberto,False,2016-11-22 12:50:56,2016-11-22 12:50:56
86996646,Alex,False,2021-05-21 04:39:04,2021-05-21 04:39:04
87008506,Klara,False,2016-08-20 14:23:42,2016-08-20 14:23:42
87013585,Helena,False,2019-10-24 20:34:44,2019-10-24 20:34:44
87042609,Tim,False,2018-06-04 10:34:31,2018-06-04 10:34:31
87070021,Tobias,False,2017-05-23 08:57:39,2017-05-23 08:57:39
87210974,Janina,True,2016-11-22 19:12:57,2016-11-22 19:12:57
87224676,Merkur,False,2016-07-26 05:11:42,2016-07-26 05:11:42
87228823,Julien,False,2018-09-02 11:40:51,2018-09-02 11:40:51
87232232,Tobias,False,2021-11-03 15:58:50,2021-11-03 15:58:50
87237286,Till,False,2016-12-04 15:05:48,2016-12-04 15:05:48
87246578,Alex,False,2017-02-15 20:05:09,2017-02-15 20:05:09
87248928,Lenny,False,2019-10-12 20:15:27,2019-10-12 20:15:27
87250324,Susanne,True,2016-07-23 12:59:24,2016-07-23 12:59:24
87251415,Luise,False,2018-05-12 01:24:32,2018-05-12 01:24:32
87261807,Lutfi,False,2017-03-05 13:09:03,2017-03-05 13:09:03
87331100,Christina,False,2017-07-01 13:37:32,2017-07-01 13:37:32
87354621,Artur,False,2019-08-01 09:01:09,2019-08-01 09:01:09
87442687,Babett,True,2016-08-08 21:00:12,2016-08-08 21:00:12
87444890,Nadine,False,2017-12-20 21:14:52,2017-12-20 21:14:52
87444897,Lorena,False,2019-05-05 19:28:03,2019-05-05 19:28:03
87479236,Matija,True,2016-08-06 19:13:54,2016-08-06 19:13:54
87490495,Marc,True,2018-02-21 13:10:32,2018-02-21 13:10:32
87526289,Betül,False,2018-05-03 21:43:14,2018-05-03 21:43:14
87559796,Vivien,False,2019-03-31 12:45:14,2019-03-31 12:45:14
87574767,James,False,2019-01-21 22:04:51,2019-01-21 22:04:51
87575079,David,False,2016-08-15 16:58:42,2016-08-15 16:58:42
87627421,Marvin,False,2017-09-02 21:06:34,2017-09-02 21:06:34
87638044,Alana,False,2016-11-04 00:40:29,2016-11-04 00:40:29
87664289,Karolina,False,2018-12-06 06:05:18,2018-12-06 06:05:18
87719957,Sylvie,False,2019-06-15 19:49:45,2019-06-15 19:49:45
87735527,Elena,False,2018-06-23 21:00:32,2018-06-23 21:00:32
87741227,Nora,False,2019-02-02 10:26:00,2019-02-02 10:26:00
87742113,Franz,False,2021-11-04 14:54:57,2021-11-04 14:54:57
87748246,Lisa,False,2018-02-24 12:36:06,2018-02-24 12:36:06
87780272,Lisa,False,2017-03-25 00:16:56,2017-03-25 00:16:56
87782753,Louisa,False,2017-08-14 12:52:30,2017-08-14 12:52:30
87796094,Mitja,False,2016-08-13 23:08:23,2016-08-13 23:08:23
87803428,Vincent,False,2021-10-30 15:53:53,2021-10-30 15:53:53
87946327,Wei Kang,False,2018-12-23 09:33:39,2018-12-23 09:33:39
88017688,Sharon,False,2018-10-23 23:27:35,2018-10-23 23:27:35
88020485,Linda,False,2017-08-28 20:57:08,2017-08-28 20:57:08
88091260,Laura,False,2020-10-19 14:03:47,2020-10-19 14:03:47
88093979,Lara,False,2019-02-23 21:06:58,2019-02-23 21:06:58
88135942,Lina,True,2017-01-22 00:09:54,2017-01-22 00:09:54
88163613,Ana,False,2018-06-03 08:05:12,2018-06-03 08:05:12
88243579,Raven,True,2020-03-06 05:46:13,2020-03-06 05:46:13
88250254,Hannes,False,2021-10-28 08:48:44,2021-10-28 08:48:44
88289316,Dlauar,False,2016-08-27 19:26:40,2016-08-27 19:26:40
88295072,Mo,False,2019-05-16 12:14:06,2019-05-16 12:14:06
88420609,Bert,True,2018-06-18 17:12:32,2018-06-18 17:12:32
88429115,Dudi,False,2017-08-08 08:58:53,2017-08-08 08:58:53
88441274,Jan,False,2016-11-01 01:00:38,2016-11-01 01:00:38
88478887,Michael,False,2018-05-03 00:18:02,2018-05-03 00:18:02
88512580,Akim,True,2018-02-24 18:01:45,2018-02-24 18:01:45
88547701,Rudolf,True,2017-07-05 22:22:42,2017-07-05 22:22:42
88550306,Michelle,False,2021-11-12 23:09:39,2021-11-12 23:09:39
88610399,Denis,False,2019-08-09 01:23:30,2019-08-09 01:23:30
88618928,Vera,False,2017-09-17 09:53:37,2017-09-17 09:53:37
88638098,Vera,False,2016-08-08 06:27:49,2016-08-08 06:27:49
88647181,Johannes,False,2016-08-22 09:49:36,2016-08-22 09:49:36
88648824,Sophie,False,2017-06-19 15:51:58,2017-06-19 15:51:58
88649368,Romy,False,2016-08-06 14:59:43,2016-08-06 14:59:43
88673696,Maximilian,False,2018-07-10 14:20:54,2018-07-10 14:20:54
88856001,Linnen,False,2016-09-09 06:35:45,2016-09-09 06:35:45
88857361,Franziska,False,2021-09-11 10:46:50,2021-09-11 10:46:50
88861479,Karin,True,2019-08-26 16:26:52,2019-08-26 16:26:52
88865939,Lukas,False,2017-07-29 05:18:21,2017-07-29 05:18:21
88886764,Yasar,False,2021-07-09 00:37:08,2021-07-09 00:37:08
88887905,Carolina,False,2021-11-12 09:03:52,2021-11-12 09:03:52
88916024,Tim,False,2016-10-18 05:54:07,2016-10-18 05:54:07
88929430,Mailen,False,2018-10-13 08:19:15,2018-10-13 08:19:15
88948601,Sabine,False,2021-11-14 09:25:02,2021-11-14 09:25:02
88971316,Hannah,False,2021-10-29 06:41:33,2021-10-29 06:41:33
89000188,Max,False,2020-03-19 21:36:23,2020-03-19 21:36:23
89102163,Ingo,False,2016-09-20 21:42:29,2016-09-20 21:42:29
89120840,Maximilian,False,2018-12-20 21:00:48,2018-12-20 21:00:48
89146924,Kais,False,2021-11-13 23:06:40,2021-11-13 23:06:40
89183339,Suse,False,2016-08-22 00:10:22,2016-08-22 00:10:22
89194980,Annelie,False,2016-08-13 15:51:49,2016-08-13 15:51:49
89268468,Renan,False,2021-11-19 05:21:16,2021-11-19 05:21:16
89290383,Ivo,False,2017-10-10 23:15:06,2017-10-10 23:15:06
89411749,Jonas,False,2021-10-26 15:05:18,2021-10-26 15:05:18
89479056,Anne,False,2018-09-08 22:34:49,2018-09-08 22:34:49
89483511,Pascal,False,2021-08-28 17:00:02,2021-08-28 17:00:02
89499690,Pierre,False,2021-10-31 06:44:31,2021-10-31 06:44:31
89501707,Franz,False,2019-10-12 19:52:00,2019-10-12 19:52:00
89520978,Jonas,False,2021-11-19 12:54:52,2021-11-19 12:54:52
89530421,Anastasia,True,2016-11-13 04:27:39,2016-11-13 04:27:39
89551529,Harshit,False,2018-03-06 15:29:53,2018-03-06 15:29:53
89569108,Vanessa,True,2016-12-29 05:00:28,2016-12-29 05:00:28
89652242,Sarah,False,2017-04-30 08:16:28,2017-04-30 08:16:28
89661383,Addison,False,2021-11-04 06:35:35,2021-11-04 06:35:35
89667429,Marius,False,2019-03-31 19:52:16,2019-03-31 19:52:16
89794336,Britta,False,2018-02-06 05:39:03,2018-02-06 05:39:03
89796240,Rainer,False,2017-05-18 17:08:45,2017-05-18 17:08:45
89832295,Nelson & Heike,True,2018-01-29 12:12:00,2018-01-29 12:12:00
89883870,Lisa-Marie,False,2017-12-04 04:02:44,2017-12-04 04:02:44
89979907,Nicole Blair,True,2019-11-22 12:00:59,2019-11-22 12:00:59
90003016,Valeska,False,2020-02-21 03:23:38,2020-02-21 03:23:38
90121086,Pavao,False,2021-11-13 14:45:41,2021-11-13 14:45:41
90171449,Sandra,False,2016-09-01 09:03:04,2016-09-01 09:03:04
90186621,Jan,False,2021-10-22 17:29:03,2021-10-22 17:29:03
90190155,أميرة,False,2017-07-03 19:24:00,2017-07-03 19:24:00
90205954,Jasmin,False,2016-08-18 15:55:22,2016-08-18 15:55:22
90211694,Philipp,False,2018-05-26 18:41:26,2018-05-26 18:41:26
90212836,Olivia,False,2018-03-08 21:18:21,2018-03-08 21:18:21
90223901,Lena,False,2018-03-10 07:53:22,2018-03-10 07:53:22
90265785,Raul,True,2018-10-09 02:49:16,2018-10-09 02:49:16
90293717,Fabian,False,2017-07-05 18:46:53,2017-07-05 18:46:53
90358343,Anna,False,2018-07-28 13:04:59,2018-07-28 13:04:59
90370812,Lamia,False,2017-04-12 08:53:21,2017-04-12 08:53:21
90392865,Flora,False,2016-08-21 00:30:55,2016-08-21 00:30:55
90424009,Ella,True,2016-12-03 07:50:15,2016-12-03 07:50:15
90431093,Anna,False,2021-05-21 00:01:04,2021-05-21 00:01:04
90450240,Lily,False,2016-08-15 11:26:08,2016-08-15 11:26:08
90454207,Min,False,2021-11-02 02:58:55,2021-11-02 02:58:55
90502349,Melike,False,2021-10-26 00:11:04,2021-10-26 00:11:04
90569718,Lilian,False,2020-03-02 02:01:11,2020-03-02 02:01:11
90580280,Pure,False,2019-02-17 22:39:05,2019-02-17 22:39:05
90583250,Jan,False,2017-12-21 08:05:04,2017-12-21 08:05:04
90589137,Bella,False,2018-04-13 11:02:35,2018-04-13 11:02:35
90593453,Elisabeth,False,2017-01-25 15:15:01,2017-01-25 15:15:01
90610311,Lukas,False,2017-09-10 04:39:30,2017-09-10 04:39:30
90639140,Dan,False,2016-11-06 03:01:38,2016-11-06 03:01:38
90700581,Adam,False,2020-07-27 20:58:26,2020-07-27 20:58:26
90740198,Felicitas,False,2016-08-14 22:03:02,2016-08-14 22:03:02
90764913,Meline,False,2016-10-26 11:46:41,2016-10-26 11:46:41
90799881,Jakob,True,2018-07-28 14:52:50,2018-07-28 14:52:50
90818742,Boris,False,2017-05-12 14:09:35,2017-05-12 14:09:35
90912324,Luisa,False,2017-04-23 01:23:19,2017-04-23 01:23:19
90925526,Volker,False,2021-11-11 08:42:13,2021-11-11 08:42:13
90931124,Hinna,False,2017-12-05 05:46:50,2017-12-05 05:46:50
90945826,Susanne,True,2018-11-26 22:21:46,2018-11-26 22:21:46
90955486,Josef,False,2016-09-01 12:09:37,2016-09-01 12:09:37
91069664,Fabian,False,2021-10-28 13:21:29,2021-10-28 13:21:29
91074978,Charlotte,True,2017-04-25 01:00:11,2017-04-25 01:00:11
91095638,Artur,False,2016-08-30 20:33:08,2016-08-30 20:33:08
91162786,Dani,False,2018-06-21 02:48:32,2018-06-21 02:48:32
91238115,Sandra,False,2021-11-02 07:37:31,2021-11-02 07:37:31
91282875,Moritz,False,2017-12-25 04:29:00,2017-12-25 04:29:00
91368724,Peter,False,2021-06-12 14:31:45,2021-06-12 14:31:45
91457234,Ella,False,2021-11-15 15:09:30,2021-11-15 15:09:30
91461530,Carsten,False,2021-11-10 08:32:40,2021-11-10 08:32:40
91484816,Daniel,False,2018-02-04 01:10:57,2018-02-04 01:10:57
91535749,Birgit Christiane,True,2019-09-04 09:01:52,2019-09-04 09:01:52
91538706,Gaurav,False,2018-12-09 08:17:45,2018-12-09 08:17:45
91606330,Sabine,False,2021-11-09 00:29:37,2021-11-09 00:29:37
91624895,Karina,False,2019-07-17 02:36:35,2019-07-17 02:36:35
91638709,Maciek,False,2016-12-21 09:21:51,2016-12-21 09:21:51
91647626,Amir,False,2020-08-15 00:57:49,2020-08-15 00:57:49
91694633,Coco,True,2018-03-23 12:08:08,2018-03-23 12:08:08
91698475,Johanna,False,2018-06-24 07:56:57,2018-06-24 07:56:57
91794348,David,False,2016-11-20 23:35:55,2016-11-20 23:35:55
91816895,Emilia,False,2020-09-09 19:43:49,2020-09-09 19:43:49
91830805,Tina,True,2019-11-16 13:13:07,2019-11-16 13:13:07
91856831,Ramon,False,2017-02-18 00:34:38,2017-02-18 00:34:38
91874684,Elli,False,2017-04-29 15:13:28,2017-04-29 15:13:28
91878633,Prima,False,2021-10-26 14:49:30,2021-10-26 14:49:30
91896761,Janette,False,2017-09-12 23:44:33,2017-09-12 23:44:33
91948236,João Paulo,False,2019-11-06 19:17:18,2019-11-06 19:17:18
91968676,Conny,False,2016-12-23 08:37:28,2016-12-23 08:37:28
92011529,Johannes,False,2016-12-24 14:22:54,2016-12-24 14:22:54
92027919,Kerstin,False,2021-11-02 02:58:34,2021-11-02 02:58:34
92079406,Anett,False,2017-12-31 23:15:10,2017-12-31 23:15:10
92154355,Marco,False,2017-08-28 04:18:07,2017-08-28 04:18:07
92160441,Julian,False,2020-01-19 22:23:05,2020-01-19 22:23:05
92187450,Michel,False,2019-09-20 10:38:39,2019-09-20 10:38:39
92230924,Maxine,False,2021-08-18 04:36:18,2021-08-18 04:36:18
92236508,Lulu,False,2017-05-19 05:21:23,2017-05-19 05:21:23
92242653,Anna,False,2018-07-26 08:24:07,2018-07-26 08:24:07
92272886,Camilo,False,2017-09-23 19:37:37,2017-09-23 19:37:37
92299601,Ibo,False,2019-10-27 17:33:47,2019-10-27 17:33:47
92371791,Steffen,False,2018-05-04 15:47:00,2018-05-04 15:47:00
92383917,Maxime,False,2018-07-12 15:03:56,2018-07-12 15:03:56
92386260,Saskia,False,2017-10-28 20:27:53,2017-10-28 20:27:53
92393471,Mauro,True,2017-01-22 00:09:59,2017-01-22 00:09:59
92398341,Marvin,False,2021-11-09 00:20:26,2021-11-09 00:20:26
92405156,Katrin,False,2018-05-19 08:00:04,2018-05-19 08:00:04
92417014,Christian Dose,False,2018-02-25 14:22:52,2018-02-25 14:22:52
92418918,Marussja Rafaela,True,2018-09-16 16:45:31,2018-09-16 16:45:31
92436042,Christian,False,2016-08-29 13:28:00,2016-08-29 13:28:00
92439284,Mike,False,2016-08-22 14:08:40,2016-08-22 14:08:40
92609229,Siska,False,2019-12-27 13:35:24,2019-12-27 13:35:24
92625553,Freya,False,2017-02-26 21:59:30,2017-02-26 21:59:30
92747660,Niklas,False,2016-12-23 17:35:42,2016-12-23 17:35:42
92831122,Finbar,False,2021-10-30 05:02:33,2021-10-30 05:02:33
92841883,Marcel,False,2016-08-26 11:44:01,2016-08-26 11:44:01
92863073,Alina,False,2021-11-06 18:53:54,2021-11-06 18:53:54
92922889,Alice,False,2017-09-01 00:28:57,2017-09-01 00:28:57
92980942,Natalia,False,2018-09-28 08:31:50,2018-09-28 08:31:50
92987608,Ramona,False,2018-06-08 11:42:45,2018-06-08 11:42:45
92992718,Iñaki,False,2016-12-21 22:05:31,2016-12-21 22:05:31
93010967,Christian,False,2018-06-10 08:33:31,2018-06-10 08:33:31
93036249,Niko,True,2016-09-09 22:55:28,2016-09-09 22:55:28
93036721,Monica,False,2018-08-27 14:32:35,2018-08-27 14:32:35
93102678,Apartments Rosenthal Residence,False,2018-09-29 01:31:17,2018-09-29 01:31:17
93107309,Brisa,False,2016-09-09 18:40:15,2016-09-09 18:40:15
93113247,Stephan,True,2016-10-19 14:56:44,2016-10-19 14:56:44
93195176,Jana,False,2021-10-29 21:29:43,2021-10-29 21:29:43
93235036,Ina,False,2021-06-29 07:53:28,2021-06-29 07:53:28
93318439,Thore,False,2019-07-11 18:10:46,2019-07-11 18:10:46
93328001,Christian,False,2021-11-18 09:12:11,2021-11-18 09:12:11
93344008,Mo,False,2021-10-05 09:00:42,2021-10-05 09:00:42
93345169,Luccas,True,2017-10-16 14:39:25,2017-10-16 14:39:25
93414188,Jan,False,2016-09-19 01:58:51,2016-09-19 01:58:51
93440234,Anne,False,2017-05-21 23:03:52,2017-05-21 23:03:52
93467026,Roxana,False,2017-08-12 02:13:24,2017-08-12 02:13:24
93486707,Jann,False,2021-08-15 06:10:59,2021-08-15 06:10:59
93500732,Michele,False,2016-09-10 06:51:42,2016-09-10 06:51:42
93520150,Walter,False,2021-11-13 16:41:21,2021-11-13 16:41:21
93539266,Katharina,False,2017-05-30 19:36:37,2017-05-30 19:36:37
93624841,Marisa,False,2021-08-07 22:14:47,2021-08-07 22:14:47
93675880,Sebastian,False,2018-08-20 19:04:52,2018-08-20 19:04:52
93698703,Fabienne,False,2017-08-06 20:19:24,2017-08-06 20:19:24
93781226,Esther,False,2020-08-01 10:29:22,2020-08-01 10:29:22
93782002,Michel,False,2016-08-28 03:28:01,2016-08-28 03:28:01
93782692,Sara,False,2021-10-24 03:15:31,2021-10-24 03:15:31
93826873,Melanie,False,2017-10-28 01:32:23,2017-10-28 01:32:23
93861193,Aleksander,False,2019-06-10 10:24:12,2019-06-10 10:24:12
93865825,Meret,False,2016-09-12 09:25:13,2016-09-12 09:25:13
93868781,Kārlis,False,2019-03-06 23:24:54,2019-03-06 23:24:54
93877531,Lina,True,2020-01-22 21:25:13,2020-01-22 21:25:13
93977634,Felix,False,2019-08-05 18:52:07,2019-08-05 18:52:07
94012971,Luisa,False,2016-09-05 21:36:49,2016-09-05 21:36:49
94024641,Sara,False,2020-09-30 18:04:58,2020-09-30 18:04:58
94075076,Esther,False,2018-02-14 14:30:12,2018-02-14 14:30:12
94144366,Alexander,False,2021-08-09 23:08:49,2021-08-09 23:08:49
94152974,Yvonne&Adam,True,2018-12-21 22:30:50,2018-12-21 22:30:50
94155228,Dorothee,False,2017-12-09 23:08:59,2017-12-09 23:08:59
94186853,Holger,True,2017-07-20 04:13:49,2017-07-20 04:13:49
94187051,Kathrin,False,2019-01-14 21:34:31,2019-01-14 21:34:31
94193668,Michelle,False,2021-10-31 08:21:28,2021-10-31 08:21:28
94240151,Ulrike,False,2017-12-21 05:46:57,2017-12-21 05:46:57
94323384,Simon,False,2020-02-24 07:54:42,2020-02-24 07:54:42
94458347,Olga,False,2018-12-18 20:58:51,2018-12-18 20:58:51
94471483,Tavo,False,2020-10-13 12:29:48,2020-10-13 12:29:48
94574625,Rainy,False,2019-04-07 00:15:45,2019-04-07 00:15:45
94587806,Niklas,False,2018-11-23 05:41:52,2018-11-23 05:41:52
94610884,Emiliyan,False,2017-01-05 06:28:45,2017-01-05 06:28:45
94611409,Patrick,False,2019-09-02 15:06:44,2019-09-02 15:06:44
94621473,Jens,False,2017-03-17 08:09:54,2017-03-17 08:09:54
94683552,Julian,False,2016-09-15 00:01:12,2016-09-15 00:01:12
94696226,Haider,False,2019-08-12 20:08:49,2019-08-12 20:08:49
94794742,Frank,False,2016-12-28 00:55:54,2016-12-28 00:55:54
94796116,Michelle,False,2018-07-11 21:15:23,2018-07-11 21:15:23
94810344,Hanga,False,2021-11-03 19:32:47,2021-11-03 19:32:47
94821278,Rebecca,False,2019-11-01 00:55:22,2019-11-01 00:55:22
94838212,Nicola,False,2017-10-28 20:23:04,2017-10-28 20:23:04
94843435,Maria,False,2018-02-22 16:56:16,2018-02-22 16:56:16
94844464,Sven,False,2015-05-28 10:45:23,2015-05-28 10:45:23
94849507,Esref,False,2018-09-07 14:37:00,2018-09-07 14:37:00
94902235,Linda,False,2021-07-11 01:28:31,2021-07-11 01:28:31
94917773,Antonia,False,2016-10-06 03:15:19,2016-10-06 03:15:19
94941366,Vivien,False,2018-06-13 07:02:53,2018-06-13 07:02:53
94951191,Janina,False,2018-07-10 05:56:54,2018-07-10 05:56:54
94953953,Andreas,False,2017-05-09 04:10:32,2017-05-09 04:10:32
94972702,Astrid,False,2016-10-15 22:23:57,2016-10-15 22:23:57
95007240,Jimmy,False,2016-09-14 21:04:33,2016-09-14 21:04:33
95007418,Riccardo,False,2017-10-07 06:54:43,2017-10-07 06:54:43
95008808,Deeb,False,2020-02-12 01:04:27,2020-02-12 01:04:27
95091425,Camila,False,2016-09-07 18:28:14,2016-09-07 18:28:14
95117868,Ma,False,2018-05-26 13:35:45,2018-05-26 13:35:45
95129226,Consu,False,2018-10-17 13:26:01,2018-10-17 13:26:01
95130777,Armin,False,2018-09-25 15:30:32,2018-09-25 15:30:32
95132291,Lorena,False,2021-10-21 08:27:09,2021-10-21 08:27:09
95139251,Karo,False,2017-10-17 16:02:49,2017-10-17 16:02:49
95162612,Justus,True,2017-03-11 08:18:43,2017-03-11 08:18:43
95191716,Lena,False,2017-02-21 06:10:45,2017-02-21 06:10:45
95278835,Bilel,True,2021-07-01 00:56:09,2021-07-01 00:56:09
95311142,Kristine,False,2019-01-27 23:26:42,2019-01-27 23:26:42
95369593,Florian,False,2020-07-19 06:47:31,2020-07-19 06:47:31
95370669,Magdalena,False,2017-09-07 21:38:14,2017-09-07 21:38:14
95407160,Marine,False,2021-11-19 10:49:16,2021-11-19 10:49:16
95420999,Philipp,False,2021-10-24 12:44:18,2021-10-24 12:44:18
95441674,Uwe,False,2017-12-07 14:42:27,2017-12-07 14:42:27
95445790,Tabea Xenia,False,2017-01-31 19:25:39,2017-01-31 19:25:39
95460121,Matthias,False,2016-09-08 09:39:50,2016-09-08 09:39:50
95503269,Javi,False,2017-07-11 00:27:48,2017-07-11 00:27:48
95519249,Nora,False,2021-06-05 20:34:44,2021-06-05 20:34:44
95521720,Frank,True,2019-05-09 03:16:37,2019-05-09 03:16:37
95538843,Lisa,False,2018-02-16 04:42:04,2018-02-16 04:42:04
95557689,Freddy,False,2016-09-16 23:28:58,2016-09-16 23:28:58
95572046,Simex,False,2021-10-24 15:32:37,2021-10-24 15:32:37
95577529,Erkan,False,2021-08-27 14:12:34,2021-08-27 14:12:34
95582525,Sheila,False,2017-08-21 02:30:41,2017-08-21 02:30:41
95631946,Arne,True,2017-05-30 16:43:06,2017-05-30 16:43:06
95695255,Linda,False,2021-11-05 21:16:06,2021-11-05 21:16:06
95699030,Antonia,False,2016-09-12 16:30:20,2016-09-12 16:30:20
95699927,Diggi,False,2019-10-06 00:25:06,2019-10-06 00:25:06
95748446,Sorrelle,False,2019-10-10 08:14:08,2019-10-10 08:14:08
95791115,Dilyana,False,2020-02-27 16:10:38,2020-02-27 16:10:38
95801615,Nicole,False,2018-02-24 02:30:40,2018-02-24 02:30:40
95822954,Theresa,True,2017-08-15 05:58:39,2017-08-15 05:58:39
95878834,Naim,False,2021-10-09 10:25:18,2021-10-09 10:25:18
95909182,Jens,False,2019-10-29 13:21:49,2019-10-29 13:21:49
95914513,Vanessa,False,2021-06-24 15:15:24,2021-06-24 15:15:24
95982070,Sascha,False,2018-02-11 17:40:17,2018-02-11 17:40:17
95988097,Jonathan,True,2019-07-03 08:53:40,2019-07-03 08:53:40
96014025,Max,False,2017-03-06 03:33:51,2017-03-06 03:33:51
96053075,Jonas,False,2017-09-23 05:04:55,2017-09-23 05:04:55
96131733,Matthias,False,2018-12-22 04:10:19,2018-12-22 04:10:19
96146863,Roland,False,2016-12-02 00:26:48,2016-12-02 00:26:48
96167693,Shayna,False,2019-07-31 03:51:38,2019-07-31 03:51:38
96198946,Daniel,False,2021-11-13 02:58:56,2021-11-13 02:58:56
96271287,Clea,True,2016-09-24 13:43:22,2016-09-24 13:43:22
96302855,Tanja,True,2020-02-19 09:43:48,2020-02-19 09:43:48
96413547,Dirk,False,2017-04-04 00:50:55,2017-04-04 00:50:55
96416678,Alessa,False,2016-09-16 21:20:10,2016-09-16 21:20:10
96431846,Clemens,False,2016-09-17 21:10:32,2016-09-17 21:10:32
96511249,Ekaterine,True,2021-07-31 04:39:49,2021-07-31 04:39:49
96552747,Hanna,False,2016-10-01 01:45:23,2016-10-01 01:45:23
96629115,Khizir,False,2017-12-15 06:48:41,2017-12-15 06:48:41
96635414,Harry,True,2019-01-25 11:17:42,2019-01-25 11:17:42
96666255,Judith,False,2016-10-24 18:15:51,2016-10-24 18:15:51
96702548,Zadie,False,2016-09-24 07:52:09,2016-09-24 07:52:09
96707980,Florian,True,2017-07-14 17:55:37,2017-07-14 17:55:37
96764870,Marius,False,2017-03-08 07:24:51,2017-03-08 07:24:51
96798560,Esben,False,2019-04-28 22:23:18,2019-04-28 22:23:18
96812357,Audrey,False,2017-12-24 22:57:20,2017-12-24 22:57:20
96841510,Anna,True,2018-08-11 09:32:19,2018-08-11 09:32:19
96908390,Nicole,False,2019-09-09 07:51:34,2019-09-09 07:51:34
96927492,Isabelle,False,2018-10-04 14:01:57,2018-10-04 14:01:57
96935057,Mathias,False,2019-03-19 06:55:53,2019-03-19 06:55:53
96942508,Sophie,False,2016-10-04 21:32:41,2016-10-04 21:32:41
96951009,Fabian,False,2017-10-11 01:02:32,2017-10-11 01:02:32
96999289,Maik-D.,False,2021-05-30 05:43:57,2021-05-30 05:43:57
97055621,Cornelia,False,2017-05-10 08:12:59,2017-05-10 08:12:59
97118391,Vladimir,False,2018-12-27 00:01:32,2018-12-27 00:01:32
97226859,Karlota,False,2018-06-03 09:55:11,2018-06-03 09:55:11
97228504,Derya,False,2016-11-24 01:56:50,2016-11-24 01:56:50
97242100,Jan,False,2018-05-29 06:13:13,2018-05-29 06:13:13
97279971,Violetta,False,2019-05-29 02:40:39,2019-05-29 02:40:39
97321466,Team Der Villa Kastania,False,2021-08-15 04:41:23,2021-08-15 04:41:23
97356669,Erik,True,2019-07-15 17:24:10,2019-07-15 17:24:10
97362564,Timo,False,2018-10-18 02:03:19,2018-10-18 02:03:19
97370913,Roman,False,2019-08-07 10:44:48,2019-08-07 10:44:48
97409051,Taylor,False,2021-11-01 05:06:04,2021-11-01 05:06:04
97430906,David Patricio,False,2021-11-07 14:08:45,2021-11-07 14:08:45
97457092,Christiane,True,2019-07-11 11:09:45,2019-07-11 11:09:45
97474545,Isabell,False,2021-03-27 15:08:24,2021-03-27 15:08:24
97545636,Darius & Nerea,True,2017-06-12 01:34:51,2017-06-12 01:34:51
97584938,Anabell,False,2018-04-17 17:04:43,2018-04-17 17:04:43
97590539,Maria,False,2016-10-15 20:27:46,2016-10-15 20:27:46
97614090,Lisa,False,2021-10-05 05:57:56,2021-10-05 05:57:56
97630802,Michael,False,2016-12-10 11:35:12,2016-12-10 11:35:12
97635441,Souf,False,2017-11-02 21:55:38,2017-11-02 21:55:38
97721701,Wiebke,False,2016-10-19 15:04:28,2016-10-19 15:04:28
97743439,Theresa,False,2017-05-30 09:48:20,2017-05-30 09:48:20
97743702,Stella,False,2017-07-22 23:27:56,2017-07-22 23:27:56
97950594,Isabel,False,2017-08-19 18:45:02,2017-08-19 18:45:02
97991047,Marie,False,2021-09-10 15:47:18,2021-09-10 15:47:18
98017700,Karthik,False,2019-09-19 12:30:47,2019-09-19 12:30:47
98132816,Dhouha,True,2019-12-16 05:27:34,2019-12-16 05:27:34
98159395,Axel Hotel Berlin - Adults Only,False,2018-08-23 06:45:56,2018-08-23 06:45:56
98175487,Tom,False,2016-10-10 17:13:17,2016-10-10 17:13:17
98198359,Thomas,False,2018-06-28 01:00:10,2018-06-28 01:00:10
98354623,Hanna,False,2016-10-12 17:06:36,2016-10-12 17:06:36
98355091,Uta,False,2019-11-21 04:27:06,2019-11-21 04:27:06
98367033,Robert,False,2018-02-03 13:29:36,2018-02-03 13:29:36
98629301,Isabel,False,2019-06-18 10:38:55,2019-06-18 10:38:55
98655723,Paul,False,2021-07-29 15:32:36,2021-07-29 15:32:36
98716346,Daniel,True,2019-04-24 03:42:28,2019-04-24 03:42:28
98743224,Oscar,False,2018-03-13 01:04:26,2018-03-13 01:04:26
98777807,Ramona,True,2016-11-05 04:48:27,2016-11-05 04:48:27
98778193,Martin,False,2016-10-10 11:29:46,2016-10-10 11:29:46
98791830,Tatjana,True,2017-07-04 03:13:08,2017-07-04 03:13:08
98794441,Tina,False,2021-10-29 12:43:52,2021-10-29 12:43:52
98794666,Hank,False,2021-10-30 05:26:50,2021-10-30 05:26:50
98914612,Damian,False,2018-05-12 02:03:09,2018-05-12 02:03:09
98962083,Moritz,False,2021-10-25 04:29:45,2021-10-25 04:29:45
99044557,Cavan,True,2019-03-20 22:33:23,2019-03-20 22:33:23
99097857,Ghayth,True,2019-10-07 12:45:51,2019-10-07 12:45:51
99165716,Christopher,False,2019-03-05 05:32:08,2019-03-05 05:32:08
99173433,Seb,False,2016-11-06 15:45:48,2016-11-06 15:45:48
99197645,Vanessa,False,2021-10-24 00:14:59,2021-10-24 00:14:59
99320940,Simon,False,2020-08-20 08:56:41,2020-08-20 08:56:41
99329154,Rainer,False,2018-12-14 14:18:18,2018-12-14 14:18:18
99343137,Manzi,False,2016-12-18 06:21:11,2016-12-18 06:21:11
99404159,Denis,False,2020-01-14 19:57:39,2020-01-14 19:57:39
99405318,Mario,False,2017-07-18 22:32:21,2017-07-18 22:32:21
99462689,Sean,False,2017-12-06 18:07:50,2017-12-06 18:07:50
99476684,Hattie,False,2021-07-18 13:04:49,2021-07-18 13:04:49
99481124,Christine,False,2016-11-14 02:07:13,2016-11-14 02:07:13
99493305,Noah,False,2017-05-06 07:15:30,2017-05-06 07:15:30
99506045,Marie,True,2018-08-06 20:32:35,2018-08-06 20:32:35
99514456,Tatjana,False,2017-01-23 09:04:48,2017-01-23 09:04:48
99521213,Christian,False,2021-11-06 09:32:54,2021-11-06 09:32:54
99582323,Andre,False,2017-12-18 15:45:31,2017-12-18 15:45:31
99594118,Rebecca,False,2019-11-20 13:54:38,2019-11-20 13:54:38
99597369,Waqas,False,2018-12-13 17:26:59,2018-12-13 17:26:59
99725666,Dominik,True,2019-12-31 21:30:36,2019-12-31 21:30:36
99736259,Mohamed,False,2021-11-03 23:41:37,2021-11-03 23:41:37
99737092,Esa,False,2021-10-29 03:37:53,2021-10-29 03:37:53
99822205,Abhishek,False,2021-11-11 02:34:38,2021-11-11 02:34:38
99873612,Lea,False,2019-07-08 17:20:35,2019-07-08 17:20:35
99977742,Jasmin,False,2018-12-24 06:47:49,2018-12-24 06:47:49
99988493,Marion,False,2021-10-26 02:37:47,2021-10-26 02:37:47
99993403,Luminita,False,2017-05-17 17:58:58,2017-05-17 17:58:58
99993828,Liat,False,2021-11-02 06:00:42,2021-11-02 06:00:42
100026807,Mariem,False,2021-10-29 05:34:49,2021-10-29 05:34:49
100078590,Mario,False,2017-08-14 21:45:55,2017-08-14 21:45:55
100140151,Michl,True,2018-02-18 12:04:11,2018-02-18 12:04:11
100148624,Jakob,False,2016-12-09 17:33:53,2016-12-09 17:33:53
100152836,Christel,False,2021-11-03 19:45:18,2021-11-03 19:45:18
100181762,Karina,False,2016-10-29 08:41:13,2016-10-29 08:41:13
100229770,Jochen,False,2021-07-24 03:13:15,2021-07-24 03:13:15
100255795,Bosha,False,2016-10-28 02:51:31,2016-10-28 02:51:31
100257439,Martin,False,2017-07-18 21:52:43,2017-07-18 21:52:43
100326806,George,True,2018-08-07 06:21:21,2018-08-07 06:21:21
100356404,Natalie,False,2020-02-23 13:55:21,2020-02-23 13:55:21
100464004,Elena,True,2017-04-19 22:45:50,2017-04-19 22:45:50
100464288,Valerie,True,2019-04-08 07:00:23,2019-04-08 07:00:23
100464334,Gina,False,2017-01-24 04:22:39,2017-01-24 04:22:39
100611938,Meaghan,False,2021-11-07 22:57:27,2021-11-07 22:57:27
100670500,Lena,False,2016-10-20 01:09:38,2016-10-20 01:09:38
100684959,Aldamire,False,2017-07-24 10:09:44,2017-07-24 10:09:44
100690085,Isabel,False,2021-10-31 01:58:39,2021-10-31 01:58:39
100741497,Tanja&Tito,False,2017-08-16 07:27:05,2017-08-16 07:27:05
100741667,Antonin,False,2018-12-17 12:45:56,2018-12-17 12:45:56
100846740,Dan,False,2021-06-16 10:27:33,2021-06-16 10:27:33
100889077,Sarah,False,2021-09-09 12:29:51,2021-09-09 12:29:51
100893413,Nastasja,False,2018-06-06 01:56:43,2018-06-06 01:56:43
100918828,Madlen,False,2017-01-02 03:33:18,2017-01-02 03:33:18
101007308,Philipp,False,2016-11-01 21:22:39,2016-11-01 21:22:39
101017638,Hardi,True,2016-10-25 07:26:44,2016-10-25 07:26:44
101026863,Abdullah,False,2018-05-07 20:12:19,2018-05-07 20:12:19
101059901,Sophia,False,2019-09-14 11:26:07,2019-09-14 11:26:07
101092792,Felix,False,2020-02-13 20:40:25,2020-02-13 20:40:25
101094727,Charlotte,False,2017-06-12 12:52:22,2017-06-12 12:52:22
101104755,Tanja,True,2017-01-17 23:10:17,2017-01-17 23:10:17
101105607,Manuel,False,2017-12-21 04:13:16,2017-12-21 04:13:16
101194435,Inge,True,2018-12-18 07:15:40,2018-12-18 07:15:40
101316322,Andreas,False,2021-11-17 15:58:55,2021-11-17 15:58:55
101367176,Yousoof,False,2019-03-28 00:56:32,2019-03-28 00:56:32
101459300,Yannick,True,2020-09-06 20:51:05,2020-09-06 20:51:05
101467288,Ben,False,2016-11-30 00:29:05,2016-11-30 00:29:05
101498722,Sorsha,False,2019-07-17 14:21:53,2019-07-17 14:21:53
101500282,Frederic,False,2016-11-05 06:16:17,2016-11-05 06:16:17
101502659,Kathi,False,2016-11-23 03:03:03,2016-11-23 03:03:03
101503645,Anna,False,2021-11-06 09:22:41,2021-11-06 09:22:41
101518093,Hagen,False,2020-01-30 08:14:32,2020-01-30 08:14:32
101520347,Melanie,False,2021-11-18 06:56:50,2021-11-18 06:56:50
101535706,Dan,True,2019-03-06 00:10:52,2019-03-06 00:10:52
101546255,Marcel,False,2021-10-26 00:07:17,2021-10-26 00:07:17
101590322,Lars,False,2019-11-04 20:51:52,2019-11-04 20:51:52
101639696,Uta,True,2016-10-25 03:35:17,2016-10-25 03:35:17
101658639,Kev,False,2017-11-20 15:54:34,2017-11-20 15:54:34
101673904,Monica,False,2017-06-28 02:51:49,2017-06-28 02:51:49
101730283,Rafal,True,2018-12-04 16:20:27,2018-12-04 16:20:27
101827422,Elias,False,2016-10-20 14:26:34,2016-10-20 14:26:34
101843990,Eiko,False,2021-11-09 07:20:32,2021-11-09 07:20:32
101858481,Thomas,False,2016-12-02 21:52:07,2016-12-02 21:52:07
101867277,Sofia,True,2016-11-04 06:23:43,2016-11-04 06:23:43
101972881,Jana,False,2017-03-12 17:03:14,2017-03-12 17:03:14
101994170,Philipp,False,2017-05-18 05:07:54,2017-05-18 05:07:54
101999807,Jonas,False,2016-10-28 12:58:23,2016-10-28 12:58:23
102003125,Leon,False,2019-06-21 22:58:06,2019-06-21 22:58:06
102047176,Alex,False,2021-11-17 04:04:26,2021-11-17 04:04:26
102081272,Pascal,False,2016-11-16 02:15:42,2016-11-16 02:15:42
102173017,Gustavo,True,2020-07-12 09:06:35,2020-07-12 09:06:35
102182270,Salomé,False,2017-05-31 17:59:50,2017-05-31 17:59:50
102208669,Sandra,False,2021-11-10 04:18:52,2021-11-10 04:18:52
102343271,Hao,False,2017-06-05 06:59:32,2017-06-05 06:59:32
102345414,Mile,False,2021-09-14 11:07:15,2021-09-14 11:07:15
102402109,Angelika,False,2021-08-15 19:02:26,2021-08-15 19:02:26
102470175,Jan,False,2021-08-19 16:33:47,2021-08-19 16:33:47
102514522,Hank,False,2017-03-18 11:20:27,2017-03-18 11:20:27
102571616,Nina,False,2019-11-18 01:50:24,2019-11-18 01:50:24
102591202,Amine,False,2021-10-27 11:29:30,2021-10-27 11:29:30
102643196,Carolin,False,2017-09-22 04:48:50,2017-09-22 04:48:50
102680589,Vlado,False,2017-06-30 05:37:39,2017-06-30 05:37:39
102681912,Katerina,False,2021-08-19 07:48:32,2021-08-19 07:48:32
102694395,Mohammed,False,2017-04-20 01:32:18,2017-04-20 01:32:18
102705509,Jennifer,True,2020-07-10 22:09:43,2020-07-10 22:09:43
102711083,Mauro,False,2018-12-16 03:06:00,2018-12-16 03:06:00
102818043,Marie,False,2018-05-20 14:36:22,2018-05-20 14:36:22
102844132,Jenny,False,2021-10-29 06:03:07,2021-10-29 06:03:07
102845594,Jonas,False,2018-08-04 10:25:43,2018-08-04 10:25:43
102853366,Mascha,False,2021-10-25 06:45:22,2021-10-25 06:45:22
102863919,Roy,False,2018-06-02 13:56:12,2018-06-02 13:56:12
102896677,Luise,False,2021-07-10 00:14:46,2021-07-10 00:14:46
102911074,Vivian,False,2017-08-15 05:15:47,2017-08-15 05:15:47
102979040,Team Suite030,False,2017-08-28 19:55:33,2017-08-28 19:55:33
102979866,Chris,False,2016-11-17 06:05:52,2016-11-17 06:05:52
103019090,Lea,False,2016-11-22 01:45:44,2016-11-22 01:45:44
103073865,Carola,False,2016-11-16 02:35:10,2016-11-16 02:35:10
103359088,Mira,False,2017-12-23 17:48:02,2017-12-23 17:48:02
103464670,Alex,False,2016-11-29 23:57:41,2016-11-29 23:57:41
103469630,Frank,True,2016-12-13 11:25:20,2016-12-13 11:25:20
103553046,Alejandra,True,2016-11-11 16:48:08,2016-11-11 16:48:08
103566451,Reinhold,False,2020-05-28 00:41:53,2020-05-28 00:41:53
103570150,Mak,False,2017-06-29 19:25:38,2017-06-29 19:25:38
103572634,Sunny,True,2017-01-25 12:12:11,2017-01-25 12:12:11
103575533,Coco,False,2019-08-23 16:16:01,2019-08-23 16:16:01
103575908,Alejandro,False,2019-11-01 20:48:55,2019-11-01 20:48:55
103589186,Alessandro,False,2017-02-20 05:53:52,2017-02-20 05:53:52
103639447,Ferenc,False,2016-11-13 20:49:55,2016-11-13 20:49:55
103647871,Friedbert,True,2019-03-14 03:57:50,2019-03-14 03:57:50
103663237,Serge,False,2017-12-26 19:53:38,2017-12-26 19:53:38
103685649,Nuri,False,2018-05-15 01:27:20,2018-05-15 01:27:20
103692585,Barbara,True,2016-11-18 14:33:11,2016-11-18 14:33:11
103840775,Mandy,True,2017-02-22 07:34:41,2017-02-22 07:34:41
103944871,Frank,False,2017-10-17 00:08:26,2017-10-17 00:08:26
103952529,Sascha,False,2020-02-15 18:18:39,2020-02-15 18:18:39
104020251,Valentin,False,2017-05-21 07:25:40,2017-05-21 07:25:40
104030453,Anna,False,2021-11-05 19:55:24,2021-11-05 19:55:24
104083832,Kira,False,2021-07-26 11:52:00,2021-07-26 11:52:00
104091448,Young,False,2017-05-17 16:03:57,2017-05-17 16:03:57
104216849,Christina,False,2017-12-03 23:51:37,2017-12-03 23:51:37
104274619,Alice Sarit,False,2016-11-30 17:22:30,2016-11-30 17:22:30
104328119,Christian,False,2021-11-10 04:01:43,2021-11-10 04:01:43
104376882,Rebeca,False,2016-12-03 12:41:44,2016-12-03 12:41:44
104387387,Michael,False,2021-06-22 08:24:55,2021-06-22 08:24:55
104445697,Anna,False,2018-06-30 21:54:42,2018-06-30 21:54:42
104479468,Fame,False,2016-11-23 00:06:29,2016-11-23 00:06:29
104487547,Maria,False,2019-04-25 23:50:29,2019-04-25 23:50:29
104490446,Maria,True,2017-05-20 04:06:58,2017-05-20 04:06:58
104495147,Peter,False,2016-12-25 00:44:02,2016-12-25 00:44:02
104495802,Felix,False,2017-08-04 16:37:13,2017-08-04 16:37:13
104527422,Dharma,False,2017-07-12 22:21:27,2017-07-12 22:21:27
104529257,Aleks,False,2020-02-06 15:35:40,2020-02-06 15:35:40
104553677,Michael,False,2018-01-13 06:14:34,2018-01-13 06:14:34
104562464,Christian,False,2021-10-31 20:08:02,2021-10-31 20:08:02
104625312,Sasà,False,2019-03-02 22:16:25,2019-03-02 22:16:25
104649491,Albrecht,False,2019-07-02 10:02:52,2019-07-02 10:02:52
104652215,Felix,False,2021-01-18 13:33:50,2021-01-18 13:33:50
104656266,Catherine,False,2020-07-20 17:37:37,2020-07-20 17:37:37
104751053,Sarah,False,2021-10-24 18:39:05,2021-10-24 18:39:05
104822448,Janina,False,2021-11-07 10:41:29,2021-11-07 10:41:29
104868727,Kalia,False,2019-05-09 14:29:27,2019-05-09 14:29:27
104900952,Doris,False,2016-12-19 21:55:43,2016-12-19 21:55:43
104903085,Clement,False,2017-09-16 14:18:33,2017-09-16 14:18:33
104943470,Victor,False,2018-12-27 21:30:21,2018-12-27 21:30:21
105004485,Bruno,False,2018-10-14 11:30:43,2018-10-14 11:30:43
105030038,Oyvind,False,2016-12-05 13:59:24,2016-12-05 13:59:24
105040799,Adrian,False,2021-10-23 19:07:30,2021-10-23 19:07:30
105120418,Miriam,False,2018-09-12 15:10:01,2018-09-12 15:10:01
105120824,Pepper,False,2019-01-06 06:41:26,2019-01-06 06:41:26
105148945,Isabel,False,2021-11-18 02:10:13,2021-11-18 02:10:13
105197019,Ted,False,2021-10-24 00:46:19,2021-10-24 00:46:19
105202525,Victor,False,2016-12-26 14:10:21,2016-12-26 14:10:21
105216091,Simon,False,2016-12-02 12:09:54,2016-12-02 12:09:54
105255156,Huma,True,2019-03-22 20:29:03,2019-03-22 20:29:03
105303820,Evelyn,False,2017-08-14 21:59:06,2017-08-14 21:59:06
105318604,Ali,False,2019-10-03 11:49:30,2019-10-03 11:49:30
105320391,Olena,False,2021-11-01 04:47:08,2021-11-01 04:47:08
105337889,Amr,False,2016-11-24 20:50:27,2016-11-24 20:50:27
105344101,Leonie,False,2021-04-16 00:01:01,2021-04-16 00:01:01
105408062,Hedda-Maria,True,2017-01-22 04:22:24,2017-01-22 04:22:24
105426726,Charlotte,False,2016-12-09 11:20:55,2016-12-09 11:20:55
105473077,Simone,False,2018-07-24 03:58:20,2018-07-24 03:58:20
105481069,Georg,True,2020-11-03 09:03:39,2020-11-03 09:03:39
105495015,Attila,False,2017-07-02 04:46:41,2017-07-02 04:46:41
105554100,Jameel,False,2019-04-03 22:51:37,2019-04-03 22:51:37
105573256,Rochus,True,2017-03-03 00:27:49,2017-03-03 00:27:49
105584089,Juan,False,2017-04-30 11:25:40,2017-04-30 11:25:40
105587747,Annette,False,2020-01-28 12:49:51,2020-01-28 12:49:51
105610777,Eve,False,2021-10-24 21:08:26,2021-10-24 21:08:26
105670074,Philipp Und Mara,False,2016-11-22 17:55:04,2016-11-22 17:55:04
105678463,Galo,False,2021-11-09 07:48:14,2021-11-09 07:48:14
105709794,Paula,False,2020-02-17 02:46:27,2020-02-17 02:46:27
105786622,Marius,False,2016-12-19 10:32:07,2016-12-19 10:32:07
105799483,Scott,False,2018-02-28 13:34:56,2018-02-28 13:34:56
105844078,Stefan,False,2017-11-20 19:30:19,2017-11-20 19:30:19
105929328,Tsippora,False,2018-05-18 11:39:14,2018-05-18 11:39:14
105943321,Bella,False,2016-12-25 16:44:44,2016-12-25 16:44:44
105945584,Alexandra,False,2021-11-09 10:49:24,2021-11-09 10:49:24
105968480,Daniel,False,2017-07-14 00:26:27,2017-07-14 00:26:27
105997846,Dimitris,False,2016-12-09 15:38:22,2016-12-09 15:38:22
105998272,Florian,True,2016-12-11 17:39:32,2016-12-11 17:39:32
106026967,Esther,True,2017-04-01 16:45:40,2017-04-01 16:45:40
106028828,Maxie,False,2017-12-23 08:37:25,2017-12-23 08:37:25
106093827,Jan-Heie,False,2019-06-09 02:19:26,2019-06-09 02:19:26
106095044,U.,False,2016-11-21 18:40:26,2016-11-21 18:40:26
106130027,Dietrich,False,2016-11-26 11:26:14,2016-11-26 11:26:14
106145463,Ayaha,False,2016-11-27 12:30:24,2016-11-27 12:30:24
106234218,Maureen,False,2016-12-25 16:14:18,2016-12-25 16:14:18
106260702,Dirk,True,2016-12-31 22:44:04,2016-12-31 22:44:04
106267930,Jannis,True,2019-07-30 07:34:00,2019-07-30 07:34:00
106322986,Karam,False,2018-02-11 01:51:57,2018-02-11 01:51:57
106344005,Robert,False,2021-11-05 14:40:18,2021-11-05 14:40:18
106441953,Antonio,False,2020-03-02 14:13:58,2020-03-02 14:13:58
106468934,Stefanie,False,2021-11-05 18:00:36,2021-11-05 18:00:36
106471468,Zuzanna,False,2020-06-24 19:08:29,2020-06-24 19:08:29
106537598,Charlotte,False,2020-07-13 05:06:22,2020-07-13 05:06:22
106568150,Azka,False,2021-08-10 05:17:12,2021-08-10 05:17:12
106578060,Caroline,True,2017-09-20 14:04:39,2017-09-20 14:04:39
106724633,Malik,False,2017-10-28 12:33:51,2017-10-28 12:33:51
106733969,Doro,False,2017-04-28 15:18:40,2017-04-28 15:18:40
106739867,Jan,False,2018-03-19 22:34:03,2018-03-19 22:34:03
106832609,Julia,False,2017-02-03 23:38:00,2017-02-03 23:38:00
106992370,Ingo,False,2019-10-19 01:11:54,2019-10-19 01:11:54
107008299,Tim,False,2021-11-05 22:20:35,2021-11-05 22:20:35
107010832,Hanna,False,2017-09-03 14:33:24,2017-09-03 14:33:24
107062400,Tina,False,2017-04-28 11:37:03,2017-04-28 11:37:03
107063888,Emily,False,2019-10-31 07:21:27,2019-10-31 07:21:27
107123791,Kjersti,False,2021-11-09 08:37:37,2021-11-09 08:37:37
107128538,Gina,False,2017-01-10 07:13:43,2017-01-10 07:13:43
107159538,Sanja,False,2018-05-02 14:37:14,2018-05-02 14:37:14
107191987,Herbert,False,2021-06-30 09:25:38,2021-06-30 09:25:38
107225679,Lana,False,2018-08-05 05:05:44,2018-08-05 05:05:44
107265357,Dan,False,2016-12-08 08:05:18,2016-12-08 08:05:18
107278806,Alexander,False,2016-12-28 13:00:44,2016-12-28 13:00:44
107284073,Achim,False,2021-11-08 14:01:53,2021-11-08 14:01:53
107288253,Claudia,True,2019-03-06 03:37:50,2019-03-06 03:37:50
107353415,Torsten,False,2017-01-13 18:54:35,2017-01-13 18:54:35
107364269,Lisa,False,2016-12-09 05:19:58,2016-12-09 05:19:58
107377926,Judith,False,2016-12-16 20:53:18,2016-12-16 20:53:18
107393182,Markus,False,2016-12-30 15:29:02,2016-12-30 15:29:02
107463608,Marie,False,2019-05-04 02:31:59,2019-05-04 02:31:59
107584054,Johanna,False,2021-09-19 08:43:45,2021-09-19 08:43:45
107622838,Mckenzie,False,2021-09-03 14:33:36,2021-09-03 14:33:36
107623675,Dave,False,2021-11-03 04:39:15,2021-11-03 04:39:15
107627069,Jason,False,2016-12-21 18:17:12,2016-12-21 18:17:12
107661921,Ulrike,False,2017-02-21 04:09:21,2017-02-21 04:09:21
107664925,Sassina,False,2017-08-31 06:07:06,2017-08-31 06:07:06
107688957,Paulina,False,2019-11-03 08:44:19,2019-11-03 08:44:19
107748936,Ali,False,2021-08-16 10:19:25,2021-08-16 10:19:25
107764182,Marie,False,2021-10-31 22:49:04,2021-10-31 22:49:04
107923857,Florian,False,2017-10-16 21:09:49,2017-10-16 21:09:49
108005660,Christina,True,2019-08-13 00:08:38,2019-08-13 00:08:38
108025548,Baharbin,False,2017-01-09 09:24:41,2017-01-09 09:24:41
108035176,Ria,False,2018-05-18 22:28:53,2018-05-18 22:28:53
108055193,Gô,False,2019-04-18 14:30:29,2019-04-18 14:30:29
108055284,Pauline,False,2017-07-09 13:18:35,2017-07-09 13:18:35
108088817,Jenny,False,2016-12-19 02:00:55,2016-12-19 02:00:55
108229492,Hubertus,False,2017-03-16 00:46:49,2017-03-16 00:46:49
108248853,Andrea,False,2016-12-17 16:32:52,2016-12-17 16:32:52
108436788,Hadidja,False,2020-01-29 03:19:51,2020-01-29 03:19:51
108448657,Karsten,True,2020-10-11 17:25:02,2020-10-11 17:25:02
108463568,Inger,False,2017-12-25 18:56:43,2017-12-25 18:56:43
108534180,Clara Marie,False,2019-02-17 17:05:37,2019-02-17 17:05:37
108538472,Tommy,False,2021-11-08 02:09:24,2021-11-08 02:09:24
108543294,Schirani,False,2017-02-04 08:42:19,2017-02-04 08:42:19
108726776,Michelle,False,2021-07-26 18:02:10,2021-07-26 18:02:10
108773025,Hajo,False,2017-08-04 08:49:02,2017-08-04 08:49:02
108804095,Armin,False,2017-01-22 00:01:48,2017-01-22 00:01:48
108814170,Arne,True,2018-04-11 02:11:07,2018-04-11 02:11:07
108854791,Raquel,False,2018-08-01 19:39:09,2018-08-01 19:39:09
108950241,Sergio,False,2021-08-15 18:34:15,2021-08-15 18:34:15
108955684,Marie,True,2017-05-14 18:24:46,2017-05-14 18:24:46
108990835,Brenda,False,2018-10-22 17:19:01,2018-10-22 17:19:01
109012928,Dora,False,2017-01-28 09:25:27,2017-01-28 09:25:27
109015106,David,False,2017-04-28 16:00:27,2017-04-28 16:00:27
109041307,Setare,False,2017-07-03 05:57:13,2017-07-03 05:57:13
109091036,Marc-Pierre,False,2021-11-09 09:22:07,2021-11-09 09:22:07
109142345,Nicole,False,2018-03-23 23:22:15,2018-03-23 23:22:15
109153397,Wolfgang,False,2021-10-21 05:23:48,2021-10-21 05:23:48
109155992,Emrah,False,2021-11-16 22:29:23,2021-11-16 22:29:23
109200340,Mem,False,2019-10-13 12:45:45,2019-10-13 12:45:45
109339589,Matthias,False,2018-02-19 01:16:07,2018-02-19 01:16:07
109347840,Lisa,False,2017-10-24 22:04:04,2017-10-24 22:04:04
109406815,Aron,False,2020-12-23 23:30:22,2020-12-23 23:30:22
109446883,Michael,False,2017-04-15 15:14:28,2017-04-15 15:14:28
109465041,Agnes,False,2017-01-12 15:59:22,2017-01-12 15:59:22
109466802,Robsn,False,2021-10-25 00:30:43,2021-10-25 00:30:43
109527844,Julian,False,2017-04-23 10:31:45,2017-04-23 10:31:45
109590068,Mateo,False,2019-12-27 04:32:30,2019-12-27 04:32:30
109702489,Konrad,False,2018-09-07 15:46:28,2018-09-07 15:46:28
109775145,Anna-Lena,False,2018-06-30 07:00:57,2018-06-30 07:00:57
109838639,Frauke,False,2017-06-26 20:09:03,2017-06-26 20:09:03
109842219,Bère,False,2017-07-15 19:51:30,2017-07-15 19:51:30
109843166,Paolina,False,2021-11-13 11:59:06,2021-11-13 11:59:06
109867109,Lenard,False,2021-11-11 01:03:45,2021-11-11 01:03:45
109876762,Heiko,True,2017-01-21 01:53:56,2017-01-21 01:53:56
109945345,Haroon,False,2017-01-19 16:14:00,2017-01-19 16:14:00
109949175,Charlotte,False,2017-10-26 01:08:48,2017-10-26 01:08:48
109968614,Andrea,False,2017-01-03 10:38:23,2017-01-03 10:38:23
109979035,Marco,False,2021-10-30 14:00:40,2021-10-30 14:00:40
109992090,Johannes,False,2021-11-01 23:24:41,2021-11-01 23:24:41
110022077,Mauricio,False,2020-05-10 23:23:39,2020-05-10 23:23:39
110137191,Jutta,False,2018-07-05 23:48:57,2018-07-05 23:48:57
110171661,Niko,False,2019-01-14 18:42:52,2019-01-14 18:42:52
110252698,Maria,False,2018-02-12 21:54:22,2018-02-12 21:54:22
110264231,Daniel,False,2018-08-20 16:33:54,2018-08-20 16:33:54
110422937,Rodolfo,False,2018-01-03 08:07:13,2018-01-03 08:07:13
110441141,Bettina,False,2017-07-09 15:36:13,2017-07-09 15:36:13
110452652,Luisa,False,2021-11-09 16:38:22,2021-11-09 16:38:22
110464479,Andreas & Ruth,False,2017-05-12 02:50:45,2017-05-12 02:50:45
110464754,Bobby,True,2019-08-25 03:14:59,2019-08-25 03:14:59
110572838,Monique Donath Und,False,2017-01-07 01:53:35,2017-01-07 01:53:35
110581835,Karin,False,2017-03-07 01:56:40,2017-03-07 01:56:40
110586868,Dennis,False,2018-04-14 15:05:23,2018-04-14 15:05:23
110616738,Abed,False,2021-10-27 11:17:35,2021-10-27 11:17:35
110618638,Katharina,False,2019-08-11 02:59:15,2019-08-11 02:59:15
110633467,Marie,False,2018-12-25 10:59:03,2018-12-25 10:59:03
110648151,Ying,False,2020-02-25 12:41:50,2020-02-25 12:41:50
110655804,Valentin,False,2021-10-26 15:13:01,2021-10-26 15:13:01
110756753,Denise,False,2017-07-14 08:03:48,2017-07-14 08:03:48
110817048,Jesko,False,2015-09-26 14:14:38,2015-09-26 14:14:38
110848798,Rüdiger,False,2017-07-09 06:08:21,2017-07-09 06:08:21
110928653,Nicolas,False,2017-02-01 00:31:31,2017-02-01 00:31:31
110929427,Julian,False,2020-02-10 01:20:18,2020-02-10 01:20:18
110940181,Nirit,False,2019-08-02 07:39:32,2019-08-02 07:39:32
110957111,Franziska,False,2017-08-14 07:08:28,2017-08-14 07:08:28
110990018,Hiang,False,2017-01-19 12:07:24,2017-01-19 12:07:24
111146515,Scarlett,False,2017-02-04 15:10:09,2017-02-04 15:10:09
111164494,Nadine,False,2021-09-12 15:04:48,2021-09-12 15:04:48
111169906,Alexandra,False,2017-08-21 00:47:51,2017-08-21 00:47:51
111176402,Ilia,False,2021-11-04 10:36:55,2021-11-04 10:36:55
111250795,Familie,False,2021-03-19 01:30:37,2021-03-19 01:30:37
111276639,Luca,False,2021-11-14 01:07:55,2021-11-14 01:07:55
111370728,Jermyn,False,2017-01-19 13:21:19,2017-01-19 13:21:19
111371574,Aseev,False,2021-11-01 09:14:46,2021-11-01 09:14:46
111384487,Carina,False,2018-07-27 02:22:53,2018-07-27 02:22:53
111410904,Ernesto,False,2019-09-17 02:20:27,2019-09-17 02:20:27
111495545,Sue,False,2019-03-06 14:44:43,2019-03-06 14:44:43
111521978,Bartek,False,2021-10-21 14:41:59,2021-10-21 14:41:59
111523147,Henry,False,2017-03-19 18:15:46,2017-03-19 18:15:46
111535696,Petra,False,2018-10-17 08:56:14,2018-10-17 08:56:14
111567005,Katsuya,False,2017-02-08 21:36:02,2017-02-08 21:36:02
111615610,Martin,False,2021-11-03 11:07:10,2021-11-03 11:07:10
111626590,Alexander,False,2019-03-31 07:29:56,2019-03-31 07:29:56
111726407,Jamie,False,2021-11-02 00:58:24,2021-11-02 00:58:24
111764186,Christine,False,2017-07-20 04:13:05,2017-07-20 04:13:05
111798801,Alexander,False,2017-10-17 11:59:18,2017-10-17 11:59:18
111816177,Alex,True,2018-09-25 13:41:37,2018-09-25 13:41:37
111908278,Awolol,False,2021-10-28 05:19:52,2021-10-28 05:19:52
111946818,Frank,False,2018-12-13 08:49:13,2018-12-13 08:49:13
111954766,Christiane,False,2021-10-31 14:43:53,2021-10-31 14:43:53
111957951,Silvia,False,2017-02-13 08:07:48,2017-02-13 08:07:48
111970749,Jörg,False,2021-11-15 03:03:34,2021-11-15 03:03:34
112075037,Aleksandra,False,2021-07-02 00:21:38,2021-07-02 00:21:38
112098247,Carlotta,False,2017-06-08 21:21:26,2017-06-08 21:21:26
112101094,Klaus,False,2018-09-25 01:27:44,2018-09-25 01:27:44
112190017,Rachel,False,2021-09-16 22:41:37,2021-09-16 22:41:37
112224316,Manfred B.,False,2021-10-30 21:02:02,2021-10-30 21:02:02
112276673,Gerald,False,2017-01-06 21:19:03,2017-01-06 21:19:03
112313679,Theo,False,2018-05-05 15:34:19,2018-05-05 15:34:19
112363455,Levan,False,2017-01-29 07:04:13,2017-01-29 07:04:13
112381310,Uwe,True,2017-04-06 04:05:18,2017-04-06 04:05:18
112383900,Angelo,False,2018-01-07 12:30:54,2018-01-07 12:30:54
112393821,Friederike,False,2019-03-15 17:19:08,2019-03-15 17:19:08
112420783,David,False,2019-07-17 08:46:10,2019-07-17 08:46:10
112518309,Sebastian,False,2019-04-02 02:40:44,2019-04-02 02:40:44
112519239,Ka Wing,False,2021-11-16 21:05:46,2021-11-16 21:05:46
112537692,Magnus,False,2017-08-26 17:38:10,2017-08-26 17:38:10
112571636,Elisabeth,False,2017-02-11 11:50:24,2017-02-11 11:50:24
112635652,Milena,False,2021-11-12 02:43:20,2021-11-12 02:43:20
112705168,Michelle,False,2018-08-16 00:21:15,2018-08-16 00:21:15
112840196,Zoe,False,2021-11-18 23:41:31,2021-11-18 23:41:31
112911416,Raphael,False,2017-08-02 13:52:38,2017-08-02 13:52:38
112980978,Martin,False,2021-07-01 10:56:20,2021-07-01 10:56:20
113010563,Michael,False,2017-02-22 08:41:17,2017-02-22 08:41:17
113083499,Jason,False,2018-03-02 23:37:18,2018-03-02 23:37:18
113091880,Stefan,True,2020-09-25 19:52:42,2020-09-25 19:52:42
113208327,Gianna,False,2021-11-15 02:15:51,2021-11-15 02:15:51
113215550,Marco,True,2018-12-30 09:19:01,2018-12-30 09:19:01
113242985,Marcus,True,2020-06-08 11:54:18,2020-06-08 11:54:18
113251886,Lu,False,2017-06-18 01:51:05,2017-06-18 01:51:05
113259564,Marco,False,2018-08-23 08:39:38,2018-08-23 08:39:38
113384695,Sena,False,2017-08-31 04:07:36,2017-08-31 04:07:36
113429331,Alexander,False,2021-11-11 03:54:40,2021-11-11 03:54:40
113440858,Hannah,False,2019-08-12 04:12:42,2019-08-12 04:12:42
113498573,Levan,False,2017-06-12 23:31:24,2017-06-12 23:31:24
113521135,Madeleine,False,2017-03-06 21:19:15,2017-03-06 21:19:15
113544775,Désirée,False,2017-04-02 06:12:56,2017-04-02 06:12:56
113577339,David,False,2021-10-24 15:09:17,2021-10-24 15:09:17
113591223,Tihana,True,2017-04-09 11:23:42,2017-04-09 11:23:42
113863415,Cara,False,2021-09-04 14:52:03,2021-09-04 14:52:03
113926231,Berat,False,2021-08-06 10:07:44,2021-08-06 10:07:44
113935784,Irina,False,2020-11-17 23:18:32,2020-11-17 23:18:32
113948373,Daniel,False,2017-02-13 01:16:50,2017-02-13 01:16:50
113966149,Héctor,False,2018-07-29 15:01:32,2018-07-29 15:01:32
114009068,Ambra,True,2018-06-11 18:44:00,2018-06-11 18:44:00
114023459,David,False,2019-07-12 12:00:28,2019-07-12 12:00:28
114169868,Fiachra,False,2017-02-15 13:50:19,2017-02-15 13:50:19
114197309,Clemens,False,2021-09-20 15:34:44,2021-09-20 15:34:44
114214057,Ellen,False,2017-08-17 18:59:45,2017-08-17 18:59:45
114215033,Laura,False,2017-09-01 08:05:16,2017-09-01 08:05:16
114279319,Julio,False,2021-10-21 01:25:27,2021-10-21 01:25:27
114396091,Kevin,False,2017-10-15 14:52:58,2017-10-15 14:52:58
114428748,Sofia Maria,False,2018-09-22 23:38:06,2018-09-22 23:38:06
114453085,J.,False,2017-02-20 21:29:44,2017-02-20 21:29:44
114462099,Jan,False,2017-09-06 12:36:56,2017-09-06 12:36:56
114485772,Charlotte,False,2017-07-29 23:45:03,2017-07-29 23:45:03
114486816,Annemarie,False,2020-12-12 08:36:31,2020-12-12 08:36:31
114491760,Jana,False,2017-09-19 09:32:15,2017-09-19 09:32:15
114523144,Sebastian,True,2019-02-07 13:12:06,2019-02-07 13:12:06
114537437,Aziz,False,2021-11-01 10:12:50,2021-11-01 10:12:50
114653489,Dimitri,False,2019-06-23 04:06:44,2019-06-23 04:06:44
114679073,Aletta,False,2019-12-04 22:11:00,2019-12-04 22:11:00
114808337,Som Und Torsten,False,2017-01-28 12:51:20,2017-01-28 12:51:20
114887117,Leo,False,2019-08-16 14:04:56,2019-08-16 14:04:56
115065886,Ingo,False,2017-02-14 00:22:17,2017-02-14 00:22:17
115076300,Kalu,False,2017-05-18 10:08:26,2017-05-18 10:08:26
115151451,Wiebke,False,2021-10-24 09:17:56,2021-10-24 09:17:56
115174454,Steffen,True,2018-03-04 23:10:08,2018-03-04 23:10:08
115175005,Dominic,False,2017-02-28 06:12:47,2017-02-28 06:12:47
115206302,Juliane,True,2019-05-06 23:31:52,2019-05-06 23:31:52
115286875,Lea,False,2017-07-12 16:08:51,2017-07-12 16:08:51
115303749,Manuel,False,2020-11-02 02:25:35,2020-11-02 02:25:35
115360418,Melanie,False,2017-12-17 20:44:28,2017-12-17 20:44:28
115367152,Heiner,False,2017-03-23 15:13:44,2017-03-23 15:13:44
115407273,ThereSia,False,2021-07-03 18:04:38,2021-07-03 18:04:38
115462471,Aylin,False,2018-04-12 20:30:37,2018-04-12 20:30:37
115472189,Rouven,False,2021-11-16 06:04:23,2021-11-16 06:04:23
115480958,Susanne,False,2018-04-20 15:04:52,2018-04-20 15:04:52
115504400,Matthias,False,2021-10-29 03:46:15,2021-10-29 03:46:15
115606157,Irene,False,2019-09-04 01:13:13,2019-09-04 01:13:13
115610758,Ewa,False,2021-10-26 14:26:37,2021-10-26 14:26:37
115658799,Marc,False,2017-06-22 20:57:56,2017-06-22 20:57:56
115672048,Paul,False,2018-07-13 15:06:45,2018-07-13 15:06:45
115691700,Regina,False,2017-05-12 05:46:40,2017-05-12 05:46:40
115725271,Una,False,2017-01-29 03:35:19,2017-01-29 03:35:19
115758436,Sarah,False,2021-11-14 08:59:34,2021-11-14 08:59:34
115768053,Andrew,True,2018-02-11 09:23:29,2018-02-11 09:23:29
115790786,Pascal,False,2017-05-15 16:48:39,2017-05-15 16:48:39
115853077,Elena,False,2021-11-12 04:37:29,2021-11-12 04:37:29
115884978,Claudia,True,2017-03-03 11:51:02,2017-03-03 11:51:02
115907658,Stephan & Family,True,2020-08-19 07:37:37,2020-08-19 07:37:37
115908408,Ohle,False,2017-08-02 11:51:51,2017-08-02 11:51:51
115933601,Julia,False,2021-10-22 19:31:54,2021-10-22 19:31:54
115946665,Barbara,True,2019-08-31 19:31:33,2019-08-31 19:31:33
115972625,Tatiana,False,2019-12-03 21:07:34,2019-12-03 21:07:34
116059506,Christine,False,2017-05-19 01:13:48,2017-05-19 01:13:48
116125052,Frank,False,2017-03-31 10:55:38,2017-03-31 10:55:38
116199663,Simon,False,2017-04-13 16:25:26,2017-04-13 16:25:26
116235208,Anna-Maria,True,2019-07-22 16:42:03,2019-07-22 16:42:03
116235283,Levan,False,2021-11-19 13:56:06,2021-11-19 13:56:06
116250047,Raphael,False,2020-02-29 06:08:04,2020-02-29 06:08:04
116338989,Irina,False,2021-06-22 00:23:08,2021-06-22 00:23:08
116376738,Anna,False,2017-02-27 19:54:12,2017-02-27 19:54:12
116378470,,,2017-03-27 13:29:39,2017-03-27 13:29:39
116438225,Flora,False,2019-04-25 03:00:47,2019-04-25 03:00:47
116472256,Katarzyna,False,2018-01-01 15:25:19,2018-01-01 15:25:19
116475341,Kathleen,False,2020-12-29 03:20:10,2020-12-29 03:20:10
116479467,Eva,True,2017-03-02 10:31:10,2017-03-02 10:31:10
116568785,Alicia,False,2021-10-29 09:58:37,2021-10-29 09:58:37
116569950,Sebastian,False,2017-04-03 18:30:07,2017-04-03 18:30:07
116666085,Berlin,True,2019-06-30 09:15:29,2019-06-30 09:15:29
116683513,Diego,False,2021-10-21 13:37:50,2021-10-21 13:37:50
116730708,Zion,False,2017-02-23 22:08:12,2017-02-23 22:08:12
116736663,Coline,False,2021-11-16 02:11:14,2021-11-16 02:11:14
116812394,Margitta,True,2018-08-01 20:33:35,2018-08-01 20:33:35
116817540,Luke,False,2021-08-04 05:23:17,2021-08-04 05:23:17
116829651,Selin,False,2017-04-04 22:24:59,2017-04-04 22:24:59
116940839,Linda,False,2017-02-26 21:18:19,2017-02-26 21:18:19
116943735,Mohamed,False,2020-01-13 02:17:17,2020-01-13 02:17:17
116957800,Tristan,True,2017-08-09 03:37:39,2017-08-09 03:37:39
116996523,Carsten,False,2017-05-06 21:01:02,2017-05-06 21:01:02
117133393,Martin,False,2021-11-13 15:13:08,2021-11-13 15:13:08
117137463,Fahad,False,2021-09-30 06:56:36,2021-09-30 06:56:36
117145088,Jens,False,2021-11-09 06:45:15,2021-11-09 06:45:15
117267021,Niklas,False,2017-04-07 06:23:27,2017-04-07 06:23:27
117284582,Ludwig,False,2017-02-22 00:35:12,2017-02-22 00:35:12
117324964,Carsten,False,2019-09-22 17:31:38,2019-09-22 17:31:38
117333299,Laylo,False,2017-02-10 04:31:26,2017-02-10 04:31:26
117427823,Karen,False,2018-12-13 04:06:18,2018-12-13 04:06:18
117427838,Linette,False,2021-08-22 01:35:01,2021-08-22 01:35:01
117443771,Friederike,False,2019-02-26 03:39:29,2019-02-26 03:39:29
117446866,Moritz,False,2018-08-07 08:48:22,2018-08-07 08:48:22
117485815,Clara,False,2018-03-24 11:03:36,2018-03-24 11:03:36
117488035,Rocio Marie,False,2017-06-08 09:41:18,2017-06-08 09:41:18
117488934,Matthias,False,2019-07-16 08:02:35,2019-07-16 08:02:35
117498526,Jutta,False,2017-05-11 19:49:28,2017-05-11 19:49:28
117582056,Jasmin,False,2018-12-26 06:41:12,2018-12-26 06:41:12
117617289,Eunyeong,False,2017-02-25 20:12:19,2017-02-25 20:12:19
117653509,Tobi,False,2017-07-30 03:33:08,2017-07-30 03:33:08
117662682,Klaus,False,2020-08-26 19:40:51,2020-08-26 19:40:51
117675056,Leonie,False,2019-06-19 01:00:12,2019-06-19 01:00:12
117683050,Markus,False,2020-03-05 04:53:01,2020-03-05 04:53:01
117725180,Marcel,False,2021-11-01 12:02:47,2021-11-01 12:02:47
117735459,Golnoosh,False,2017-06-16 11:30:40,2017-06-16 11:30:40
117818298,Magdalena,False,2017-03-14 22:17:31,2017-03-14 22:17:31
117835572,Akwasi,False,2018-03-28 02:01:40,2018-03-28 02:01:40
117887086,Sonja,False,2021-10-22 16:22:54,2021-10-22 16:22:54
117906291,Tobias,False,2021-11-14 17:10:26,2021-11-14 17:10:26
117936544,Melih,False,2017-09-17 08:02:16,2017-09-17 08:02:16
118019190,Giulia,False,2017-03-18 19:56:49,2017-03-18 19:56:49
118029206,Jamie,False,2017-04-07 05:34:42,2017-04-07 05:34:42
118031700,Lino,False,2021-11-02 11:50:36,2021-11-02 11:50:36
118055062,Sheherazade,False,2019-09-13 13:02:04,2019-09-13 13:02:04
118057190,Vincent,False,2018-04-08 17:16:25,2018-04-08 17:16:25
118203373,Lin-Yu,False,2017-06-04 16:00:23,2017-06-04 16:00:23
118218576,Ayako,False,2017-06-13 15:17:21,2017-06-13 15:17:21
118232287,Sebastian,False,2018-07-26 03:21:08,2018-07-26 03:21:08
118302507,Julia,False,2017-09-25 23:44:02,2017-09-25 23:44:02
118419957,Helen,False,2018-01-18 18:16:00,2018-01-18 18:16:00
118458986,Eleonora,False,2021-09-22 15:11:19,2021-09-22 15:11:19
118485732,Janek,False,2017-09-21 01:22:54,2017-09-21 01:22:54
118498997,James,False,2017-07-23 05:41:32,2017-07-23 05:41:32
118508670,Jan,True,2017-06-09 14:53:52,2017-06-09 14:53:52
118519856,Valerie,False,2017-03-02 09:12:50,2017-03-02 09:12:50
118520272,Damian Alexander,False,2019-06-12 01:30:21,2019-06-12 01:30:21
118534678,Markus,False,2021-11-14 00:15:58,2021-11-14 00:15:58
118541510,Patrik,True,2017-02-18 11:45:05,2017-02-18 11:45:05
118543115,Carolin,False,2021-11-14 21:52:55,2021-11-14 21:52:55
118547145,Andreas,False,2021-11-02 17:01:30,2021-11-02 17:01:30
118626283,Haco,False,2021-11-12 23:04:45,2021-11-12 23:04:45
118633121,Anna,False,2017-02-25 08:28:14,2017-02-25 08:28:14
118639204,Ina,False,2021-10-23 10:33:57,2021-10-23 10:33:57
118687717,Laurenz,False,2018-03-22 01:32:54,2018-03-22 01:32:54
118780530,Veit,False,2017-08-08 23:51:57,2017-08-08 23:51:57
118789996,Pia,False,2019-01-25 01:19:51,2019-01-25 01:19:51
118883573,Alina,True,2017-03-08 13:58:27,2017-03-08 13:58:27
118922630,Nico,False,2017-06-09 05:19:42,2017-06-09 05:19:42
118945078,Battuvshin,True,2017-03-01 21:01:24,2017-03-01 21:01:24
118970442,Marcel,False,2017-04-24 02:46:32,2017-04-24 02:46:32
118974643,Karo,False,2018-01-28 19:18:11,2018-01-28 19:18:11
118986347,Alex,False,2021-11-04 01:55:36,2021-11-04 01:55:36
119024407,Thi Kim Chung,True,2017-03-07 06:00:38,2017-03-07 06:00:38
119074475,Kirstin,False,2017-12-01 21:48:46,2017-12-01 21:48:46
119079413,Jasmine,False,2019-10-14 06:20:41,2019-10-14 06:20:41
119080263,Svenja,False,2017-02-17 10:18:59,2017-02-17 10:18:59
119133613,Jorn,True,2017-02-28 19:48:46,2017-02-28 19:48:46
119252391,Maren,False,2018-02-26 02:08:39,2018-02-26 02:08:39
119255161,Liska,False,2017-11-03 05:39:41,2017-11-03 05:39:41
119270089,Philipp,False,2017-08-30 12:38:49,2017-08-30 12:38:49
119271553,Frank,False,2021-11-01 10:10:20,2021-11-01 10:10:20
119278956,Sophie,False,2017-10-10 14:21:47,2017-10-10 14:21:47
119416956,Sven,False,2017-05-23 06:59:22,2017-05-23 06:59:22
119448129,Paola,False,2017-09-09 16:40:22,2017-09-09 16:40:22
119494934,Giuliano,False,2021-11-08 05:00:59,2021-11-08 05:00:59
119516424,Blanca,False,2018-04-15 11:51:30,2018-04-15 11:51:30
119577758,Frank,False,2017-02-27 21:16:09,2017-02-27 21:16:09
119625115,Benjamin,False,2019-11-18 14:23:06,2019-11-18 14:23:06
119626023,Lisa & Ben,False,2020-07-28 19:03:03,2020-07-28 19:03:03
119642593,Kristin,False,2017-03-09 14:58:22,2017-03-09 14:58:22
119755949,Samira-Lucy,False,2017-04-08 08:13:52,2017-04-08 08:13:52
119771029,Selina,False,2019-10-14 19:36:15,2019-10-14 19:36:15
119788713,Mathias,True,2017-06-14 05:55:14,2017-06-14 05:55:14
119791159,Maeva,False,2019-09-07 22:12:45,2019-09-07 22:12:45
119880786,Stefan,False,2021-09-17 08:25:14,2021-09-17 08:25:14
119891007,Suzanne,False,2017-02-28 23:44:00,2017-02-28 23:44:00
119933274,Evelyn,False,2019-03-01 04:10:57,2019-03-01 04:10:57
119943101,Kirsten,False,2020-02-29 02:46:42,2020-02-29 02:46:42
119948191,Peter,False,2017-07-05 16:29:11,2017-07-05 16:29:11
119949706,Isabella,True,2018-06-03 20:53:35,2018-06-03 20:53:35
119956604,Liam,False,2021-11-09 08:43:29,2021-11-09 08:43:29
119995527,Janet,False,2018-10-01 12:14:14,2018-10-01 12:14:14
120054754,Sam,False,2021-04-05 17:44:44,2021-04-05 17:44:44
120071145,Sebastian,False,2017-06-30 23:24:38,2017-06-30 23:24:38
120072875,Recha,False,2018-07-04 19:17:38,2018-07-04 19:17:38
120128996,Philip,False,2017-09-23 01:46:12,2017-09-23 01:46:12
120138490,Sohail,True,2021-06-22 12:45:16,2021-06-22 12:45:16
120193237,Christina,False,2018-07-23 22:32:29,2018-07-23 22:32:29
120228470,Mica,False,2019-06-01 07:42:36,2019-06-01 07:42:36
120333038,Andre,False,2021-11-05 10:36:34,2021-11-05 10:36:34
120375787,Alina,False,2020-09-29 17:11:47,2020-09-29 17:11:47
120381682,Fernando,False,2021-09-24 22:44:40,2021-09-24 22:44:40
120398581,Heinrich,True,2017-04-04 20:13:38,2017-04-04 20:13:38
120494244,Katharina,False,2019-12-12 17:17:43,2019-12-12 17:17:43
120512570,Paul,False,2017-03-13 10:08:28,2017-03-13 10:08:28
120632106,Joe,False,2019-02-21 18:07:03,2019-02-21 18:07:03
120676075,Kilian,False,2018-01-20 12:48:38,2018-01-20 12:48:38
120685899,Rotem,False,2017-03-24 06:28:08,2017-03-24 06:28:08
120771690,Waldemar,False,2017-06-21 07:31:33,2017-06-21 07:31:33
120854130,Luki,False,2017-04-20 08:19:14,2017-04-20 08:19:14
120865638,Jenny,False,2021-11-10 21:15:47,2021-11-10 21:15:47
120899289,Greta,False,2020-01-01 09:19:16,2020-01-01 09:19:16
120907361,Stefanie,False,2020-07-11 00:33:30,2020-07-11 00:33:30
120907540,Gisela,False,2017-04-17 03:04:48,2017-04-17 03:04:48
120934399,Victoria,False,2017-05-04 05:09:14,2017-05-04 05:09:14
121013424,Dago,False,2018-10-20 22:27:21,2018-10-20 22:27:21
121023752,Gaurav,False,2021-10-22 09:25:10,2021-10-22 09:25:10
121075504,Marguerite,False,2018-10-18 03:48:04,2018-10-18 03:48:04
121166234,Sascha,False,2021-10-26 20:57:23,2021-10-26 20:57:23
121172492,Pia,False,2020-08-15 07:02:07,2020-08-15 07:02:07
121188970,Joschka,False,2018-09-17 00:43:37,2018-09-17 00:43:37
121210068,Loulou,False,2021-10-23 19:37:15,2021-10-23 19:37:15
121246398,Elena,True,2017-03-28 19:57:50,2017-03-28 19:57:50
121431087,Jennifer,False,2018-02-26 23:26:17,2018-02-26 23:26:17
121479523,Jörn,False,2017-04-22 05:18:19,2017-04-22 05:18:19
121510735,Vitaliy,False,2017-07-20 10:48:56,2017-07-20 10:48:56
121629802,Chrysa,False,2017-07-28 14:29:35,2017-07-28 14:29:35
121671653,Martin,False,2017-04-12 04:07:42,2017-04-12 04:07:42
121707176,Dru,False,2020-07-30 07:10:35,2020-07-30 07:10:35
121823771,Dandan,False,2021-11-17 10:48:16,2021-11-17 10:48:16
121835289,Felicia,False,2021-10-23 10:13:31,2021-10-23 10:13:31
121851646,Karl,False,2017-08-20 12:39:49,2017-08-20 12:39:49
122000716,Jacqueline,False,2017-03-20 17:31:37,2017-03-20 17:31:37
122012813,Kim - BELVILLA,False,2019-05-16 12:32:27,2019-05-16 12:32:27
122036211,Halka,True,2017-03-26 03:34:05,2017-03-26 03:34:05
122036524,Dayna,False,2017-03-19 03:23:24,2017-03-19 03:23:24
122037949,Eicke,False,2017-08-27 23:27:07,2017-08-27 23:27:07
122062923,Jan,True,2017-04-08 15:20:55,2017-04-08 15:20:55
122071753,Sarah,True,2017-03-20 08:39:26,2017-03-20 08:39:26
122072325,Felicitas,False,2021-06-28 12:55:42,2021-06-28 12:55:42
122074654,Yanis,False,2018-08-27 05:49:42,2018-08-27 05:49:42
122193559,Simon,False,2018-03-17 01:50:21,2018-03-17 01:50:21
122355845,Ulla,False,2021-10-24 18:44:26,2021-10-24 18:44:26
122355992,Neirin,False,2017-06-28 17:10:26,2017-06-28 17:10:26
122360959,Yann-Paul,False,2017-09-07 07:51:14,2017-09-07 07:51:14
122374527,Deniz,False,2018-04-22 01:34:07,2018-04-22 01:34:07
122376981,Jalal,False,2021-06-19 00:25:37,2021-06-19 00:25:37
122389443,Claus,True,2017-04-14 02:08:42,2017-04-14 02:08:42
122458212,Julia,False,2019-12-02 12:33:04,2019-12-02 12:33:04
122494536,Ivica,False,2017-04-02 10:55:50,2017-04-02 10:55:50
122504188,Doris,True,2017-05-03 10:52:09,2017-05-03 10:52:09
122559748,Mirko,False,2017-12-01 05:31:48,2017-12-01 05:31:48
122713712,Dennis,False,2017-08-25 07:00:21,2017-08-25 07:00:21
122735722,Anahita,False,2020-03-13 06:07:08,2020-03-13 06:07:08
122742677,Janna,False,2021-09-18 19:05:07,2021-09-18 19:05:07
122796983,Christian,True,2017-04-06 21:24:32,2017-04-06 21:24:32
122859588,Simla,False,2018-05-27 15:44:29,2018-05-27 15:44:29
122868546,Eva,False,2019-05-27 05:55:49,2019-05-27 05:55:49
122885380,Carlos,False,2019-01-28 09:50:37,2019-01-28 09:50:37
122901718,Sama,False,2019-09-02 23:18:14,2019-09-02 23:18:14
122934717,Nina,False,2019-07-12 02:23:11,2019-07-12 02:23:11
122978296,Theresa,False,2018-09-06 23:27:36,2018-09-06 23:27:36
122990421,Felix,False,2019-02-01 03:45:22,2019-02-01 03:45:22
123066968,Stas,False,2017-07-21 13:12:56,2017-07-21 13:12:56
123159677,Carla,False,2019-10-11 03:04:58,2019-10-11 03:04:58
123163427,David,True,2018-05-09 07:12:10,2018-05-09 07:12:10
123392782,John,True,2017-04-19 01:42:03,2017-04-19 01:42:03
123399045,Anita,False,2017-06-11 15:43:12,2017-06-11 15:43:12
123464985,Luca,False,2021-07-13 20:49:26,2021-07-13 20:49:26
123477504,Hannes,False,2021-06-18 03:35:56,2021-06-18 03:35:56
123547112,Tim,False,2018-01-28 12:36:07,2018-01-28 12:36:07
123547522,Richard,False,2021-11-18 21:02:03,2021-11-18 21:02:03
123554323,Hannah,False,2019-08-26 08:44:42,2019-08-26 08:44:42
123603600,Ezgy,True,2019-06-25 07:26:14,2019-06-25 07:26:14
123699355,Mesud,False,2019-09-13 20:48:26,2019-09-13 20:48:26
123704592,Ann-Cathrin,False,2017-04-02 04:35:50,2017-04-02 04:35:50
123770462,Karin,False,2021-10-06 09:09:23,2021-10-06 09:09:23
123824818,Sandra,False,2017-08-09 19:49:36,2017-08-09 19:49:36
123852980,Patrick,True,2017-04-30 05:49:55,2017-04-30 05:49:55
123898208,Racquel Helena,False,2020-02-10 08:10:19,2020-02-10 08:10:19
123908109,Pascal,False,2017-05-23 15:03:04,2017-05-23 15:03:04
123920306,Stefan,False,2018-07-31 05:52:20,2018-07-31 05:52:20
123923734,Teresa,True,2019-05-30 02:30:32,2019-05-30 02:30:32
124013184,Angela,False,2017-04-16 11:41:12,2017-04-16 11:41:12
124044937,Russell,False,2017-04-13 21:29:39,2017-04-13 21:29:39
124084499,Martina,False,2017-03-23 23:48:09,2017-03-23 23:48:09
124094665,Yvonn,False,2017-05-24 05:32:46,2017-05-24 05:32:46
124104284,Leon,False,2017-08-01 12:47:00,2017-08-01 12:47:00
124189464,Eli,False,2017-04-12 09:47:21,2017-04-12 09:47:21
124191892,Julian,False,2019-12-06 23:05:45,2019-12-06 23:05:45
124236738,Etienne,True,2017-05-12 02:50:50,2017-05-12 02:50:50
124249392,Sophie,False,2019-04-14 23:49:58,2019-04-14 23:49:58
124263862,Dennis,False,2017-10-24 21:35:55,2017-10-24 21:35:55
124276922,Nicole,False,2018-05-08 09:59:23,2018-05-08 09:59:23
124361168,Renata,False,2018-01-14 21:11:29,2018-01-14 21:11:29
124371137,Marc,False,2017-04-10 00:59:46,2017-04-10 00:59:46
124391826,Hanna,False,2017-05-10 04:23:16,2017-05-10 04:23:16
124415621,Carolin,True,2017-04-11 09:21:17,2017-04-11 09:21:17
124421999,Juro,False,2017-04-27 19:52:30,2017-04-27 19:52:30
124449604,Anders,False,2021-11-02 03:23:49,2021-11-02 03:23:49
124510446,Paul,False,2021-10-25 05:05:26,2021-10-25 05:05:26
124517516,Tom,False,2017-04-24 18:40:43,2017-04-24 18:40:43
124522953,Senya,False,2019-03-15 00:42:46,2019-03-15 00:42:46
124562367,Anna,False,2017-09-01 13:37:55,2017-09-01 13:37:55
124580281,Markus,False,2020-02-12 20:33:43,2020-02-12 20:33:43
124611709,Norbert,False,2017-04-11 06:38:30,2017-04-11 06:38:30
124625390,Michael,False,2021-10-28 09:14:24,2021-10-28 09:14:24
124652185,Annika,False,2017-05-18 07:05:34,2017-05-18 07:05:34
124704694,Asta,False,2017-04-29 08:59:13,2017-04-29 08:59:13
124720480,Finn,False,2018-01-16 17:39:15,2018-01-16 17:39:15
124766800,E.,False,2021-11-05 12:03:48,2021-11-05 12:03:48
124799071,Mark,False,2017-04-16 05:15:56,2017-04-16 05:15:56
124806366,Zoe,False,2019-03-14 19:51:26,2019-03-14 19:51:26
124814598,George,False,2021-11-01 07:20:26,2021-11-01 07:20:26
124836257,Melanie,False,2019-11-24 20:00:16,2019-11-24 20:00:16
124858689,Han,False,2017-03-31 07:45:37,2017-03-31 07:45:37
124871606,Mojtaba,False,2017-07-02 07:53:18,2017-07-02 07:53:18
124885836,Katha Und Lucia,False,2017-04-30 15:17:09,2017-04-30 15:17:09
125017374,Michel,False,2017-08-19 12:04:14,2017-08-19 12:04:14
125019349,Erich,False,2019-09-06 19:12:02,2019-09-06 19:12:02
125119516,Magdalena,False,2021-11-11 01:19:55,2021-11-11 01:19:55
125198429,Tom,False,2017-07-25 19:32:31,2017-07-25 19:32:31
125206298,Andrea,False,2021-11-01 05:30:04,2021-11-01 05:30:04
125281978,Hans,False,2017-12-30 12:58:23,2017-12-30 12:58:23
125284533,Jenny,False,2019-12-10 15:57:13,2019-12-10 15:57:13
125309723,Julius,False,2020-06-17 18:44:26,2020-06-17 18:44:26
125337256,Jen,False,2021-08-26 04:44:22,2021-08-26 04:44:22
125341008,Taras,False,2017-04-16 14:01:18,2017-04-16 14:01:18
125364242,Sebastian,False,2018-12-22 16:13:22,2018-12-22 16:13:22
125471280,Timo,False,2018-03-30 00:10:28,2018-03-30 00:10:28
125500060,Ruzica,False,2017-07-03 13:58:22,2017-07-03 13:58:22
125519764,Sabine,True,2017-04-14 12:19:52,2017-04-14 12:19:52
125552056,Kylo,False,2017-11-22 10:57:27,2017-11-22 10:57:27
125640456,Fred,False,2017-05-08 03:12:28,2017-05-08 03:12:28
125652413,Toni,False,2021-11-14 02:40:07,2021-11-14 02:40:07
125661208,Lotte,False,2017-04-30 19:33:36,2017-04-30 19:33:36
125676738,Gourav,False,2021-10-22 17:31:07,2021-10-22 17:31:07
125681808,Ayrton,False,2017-05-20 00:15:35,2017-05-20 00:15:35
125813507,Jan,False,2019-05-27 01:33:52,2019-05-27 01:33:52
125821130,Jerome,False,2018-04-08 13:09:34,2018-04-08 13:09:34
125847915,Flo,False,2021-10-26 02:25:24,2021-10-26 02:25:24
125848147,Patrick,True,2018-08-27 02:18:20,2018-08-27 02:18:20
125905477,Matias,False,2021-11-18 12:23:56,2021-11-18 12:23:56
125923488,Ragna,False,2017-07-10 21:24:37,2017-07-10 21:24:37
125965228,Daniel,False,2020-09-20 03:55:11,2020-09-20 03:55:11
125998987,Dagmar,True,2017-05-30 21:57:11,2017-05-30 21:57:11
126138928,Ingmar,True,2018-08-27 10:38:51,2018-08-27 10:38:51
126299608,Christian,False,2017-06-07 06:52:29,2017-06-07 06:52:29
126376050,Ilana,False,2019-07-31 15:36:43,2019-07-31 15:36:43
126421144,Adriana,False,2020-02-22 20:09:06,2020-02-22 20:09:06
126429985,Elena,False,2017-04-17 22:47:07,2017-04-17 22:47:07
126438109,Diane,False,2017-05-03 04:06:11,2017-05-03 04:06:11
126447994,Maxim,False,2019-07-14 16:29:00,2019-07-14 16:29:00
126471588,Hridik,False,2017-05-21 17:39:30,2017-05-21 17:39:30
126602657,Nadia,False,2018-06-17 12:08:05,2018-06-17 12:08:05
126621397,Samir,False,2021-11-19 06:12:28,2021-11-19 06:12:28
126642425,Svenja,False,2017-12-20 17:41:59,2017-12-20 17:41:59
126788078,George,False,2017-12-25 17:25:17,2017-12-25 17:25:17
126816039,Katie,False,2017-04-13 11:01:49,2017-04-13 11:01:49
126858271,Tino & Birgitt,False,2020-02-15 12:48:27,2020-02-15 12:48:27
126909296,Sarah,False,2017-08-25 01:37:03,2017-08-25 01:37:03
126933552,Tu Anh,False,2021-09-11 09:42:49,2021-09-11 09:42:49
127032368,Nahal,True,2018-08-20 08:52:44,2018-08-20 08:52:44
127058481,Marco,False,2018-12-24 02:24:30,2018-12-24 02:24:30
127107285,Franziska,False,2021-10-21 22:48:55,2021-10-21 22:48:55
127146676,Judy,True,2017-05-02 23:11:52,2017-05-02 23:11:52
127165929,Maike,False,2021-11-11 03:01:51,2021-11-11 03:01:51
127231862,Anita,False,2021-08-13 02:15:33,2021-08-13 02:15:33
127236491,Diana,False,2017-06-02 23:08:56,2017-06-02 23:08:56
127243579,Holde,False,2017-09-17 06:10:07,2017-09-17 06:10:07
127309004,Kim,False,2017-08-30 03:37:20,2017-08-30 03:37:20
127354227,Jana,False,2017-04-21 11:20:57,2017-04-21 11:20:57
127356964,Christopher,False,2017-04-13 19:25:36,2017-04-13 19:25:36
127358054,Diana,False,2019-12-13 13:10:34,2019-12-13 13:10:34
127387738,Yousef,False,2017-06-30 20:54:26,2017-06-30 20:54:26
127391482,Arne,False,2021-11-10 01:34:04,2021-11-10 01:34:04
127402646,Samir,False,2017-05-04 15:59:34,2017-05-04 15:59:34
127469768,Kike,False,2017-04-15 08:53:14,2017-04-15 08:53:14
127487921,Roselyne,False,2017-06-11 04:19:54,2017-06-11 04:19:54
127513543,Kim & Roman,False,2017-10-05 20:05:49,2017-10-05 20:05:49
127528698,Inga,False,2020-08-09 06:08:10,2020-08-09 06:08:10
127554480,Lukas,False,2019-07-31 12:20:40,2019-07-31 12:20:40
127558185,Paul,False,2017-04-30 01:41:38,2017-04-30 01:41:38
127562821,France,False,2018-09-21 14:48:13,2018-09-21 14:48:13
127564921,Mia,False,2018-06-29 12:42:26,2018-06-29 12:42:26
127583632,Wenzel,False,2017-12-27 15:08:13,2017-12-27 15:08:13
127654938,Jess,True,2018-03-13 23:30:03,2018-03-13 23:30:03
127664816,Naama,False,2020-01-17 21:58:53,2020-01-17 21:58:53
127670604,Sigrid Johanna Elisabeth,False,2017-06-01 16:40:08,2017-06-01 16:40:08
127735072,Jakob,False,2017-05-12 20:25:40,2017-05-12 20:25:40
127806255,Heidelore,False,2020-07-07 13:53:38,2020-07-07 13:53:38
127881146,Adja,False,2017-05-18 18:39:09,2017-05-18 18:39:09
127949965,Sunisa,False,2017-05-12 01:21:01,2017-05-12 01:21:01
127950795,Michelle,False,2021-09-17 04:50:51,2021-09-17 04:50:51
127970349,Christina,False,2017-05-05 02:00:20,2017-05-05 02:00:20
128039818,Yasmin,False,2021-08-14 13:06:20,2021-08-14 13:06:20
128083363,Rainer,True,2017-05-10 07:57:47,2017-05-10 07:57:47
128116843,Elik,True,2017-05-02 18:14:57,2017-05-02 18:14:57
128119569,Greta,True,2017-04-28 04:09:38,2017-04-28 04:09:38
128209160,Samuel,False,2021-07-25 07:44:19,2021-07-25 07:44:19
128210044,Naoya,False,2017-04-21 11:49:11,2017-04-21 11:49:11
128338792,Mirjam,False,2021-11-12 23:34:53,2021-11-12 23:34:53
128351530,Brigitte,True,2017-04-30 21:43:01,2017-04-30 21:43:01
128420129,Jamie,False,2018-11-29 16:14:11,2018-11-29 16:14:11
128533775,Nicolas,False,2017-05-13 11:18:34,2017-05-13 11:18:34
128586526,Johanna,False,2017-09-17 13:44:23,2017-09-17 13:44:23
128591563,Kathlen,False,2017-05-31 06:50:51,2017-05-31 06:50:51
128676811,H10 Berlin,False,2017-05-14 20:18:50,2017-05-14 20:18:50
128713085,Jay,False,2020-06-23 14:17:11,2020-06-23 14:17:11
128733471,Gregor,False,2017-05-04 12:36:42,2017-05-04 12:36:42
128743901,Margrit,False,2021-06-18 05:10:05,2021-06-18 05:10:05
128759029,Lennart,False,2021-10-21 02:23:59,2021-10-21 02:23:59
128813691,Herbert,False,2017-04-21 00:52:44,2017-04-21 00:52:44
128854272,Uchi,False,2020-07-16 18:31:53,2020-07-16 18:31:53
128857200,Fabian,False,2017-05-28 13:22:35,2017-05-28 13:22:35
128876491,Robert,False,2021-10-29 06:27:07,2021-10-29 06:27:07
128896538,Nico,False,2019-05-16 06:29:00,2019-05-16 06:29:00
128945812,Dima,True,2019-07-20 02:05:41,2019-07-20 02:05:41
128951135,Ronja,False,2021-11-06 18:41:44,2021-11-06 18:41:44
128953448,Lew,False,2021-11-15 08:06:04,2021-11-15 08:06:04
128980228,Marta,False,2017-11-09 02:24:40,2017-11-09 02:24:40
128999697,Júlia,False,2019-02-19 23:59:17,2019-02-19 23:59:17
129018052,Wiebke,False,2021-10-21 23:51:26,2021-10-21 23:51:26
129027516,Juliane,False,2017-12-27 07:15:53,2017-12-27 07:15:53
129041124,Stefanie,False,2021-10-31 03:32:12,2021-10-31 03:32:12
129209491,Laurent,False,2017-05-26 09:19:58,2017-05-26 09:19:58
129212521,Bobby,False,2017-05-20 21:57:25,2017-05-20 21:57:25
129233978,Guillermo,False,2020-10-07 17:23:13,2020-10-07 17:23:13
129280758,Florian,True,2020-10-17 21:54:39,2020-10-17 21:54:39
129376208,James,False,2017-05-03 16:59:08,2017-05-03 16:59:08
129380714,David,True,2019-12-24 13:50:43,2019-12-24 13:50:43
129411749,Gianna,False,2019-08-28 14:33:17,2019-08-28 14:33:17
129432549,Anne-Marie,True,2019-03-05 20:06:22,2019-03-05 20:06:22
129516553,Katharina,False,2019-12-18 02:38:16,2019-12-18 02:38:16
129569391,Lara,False,2018-10-08 22:58:31,2018-10-08 22:58:31
129583121,Louisa,True,2018-08-22 09:01:00,2018-08-22 09:01:00
129620124,Karen,False,2019-02-20 01:04:17,2019-02-20 01:04:17
129636132,Isabelle,False,2021-11-18 03:25:30,2021-11-18 03:25:30
129674043,Christoph,True,2017-05-25 10:19:55,2017-05-25 10:19:55
129689940,Lisa,False,2019-04-04 15:53:06,2019-04-04 15:53:06
129770901,Birgit,True,2020-07-06 13:02:51,2020-07-06 13:02:51
129838308,Mohammad,False,2021-06-03 11:24:23,2021-06-03 11:24:23
129850465,Evgeniya,False,2017-05-28 22:41:45,2017-05-28 22:41:45
129920050,Marie,False,2017-08-21 15:52:56,2017-08-21 15:52:56
129961669,Asadius,False,2020-08-05 02:07:26,2020-08-05 02:07:26
129989222,Hannah,True,2017-05-19 12:45:16,2017-05-19 12:45:16
130011593,David,False,2018-06-20 15:49:31,2018-06-20 15:49:31
130017279,Laura,False,2017-06-03 01:41:07,2017-06-03 01:41:07
130021626,Shahidullah,False,2018-02-03 02:47:12,2018-02-03 02:47:12
130089284,Monika,False,2017-06-05 21:48:06,2017-06-05 21:48:06
130120724,Kaan,False,2021-07-20 01:42:41,2021-07-20 01:42:41
130207191,Mia,False,2019-05-25 06:15:32,2019-05-25 06:15:32
130220460,Sabine,False,2018-01-30 07:09:09,2018-01-30 07:09:09
130269798,Hannah,False,2017-05-16 18:36:03,2017-05-16 18:36:03
130377178,Valeria,False,2019-07-09 15:40:00,2019-07-09 15:40:00
130393107,Sven,False,2021-10-26 11:12:09,2021-10-26 11:12:09
130402631,Raffaela,True,2017-07-27 06:15:38,2017-07-27 06:15:38
130403106,Gianmaria,False,2018-09-19 07:37:36,2018-09-19 07:37:36
130417172,Philipp,False,2021-10-22 21:46:23,2021-10-22 21:46:23
130455688,Ana,False,2021-11-07 23:22:05,2021-11-07 23:22:05
130606116,Sandra,False,2017-05-27 22:51:34,2017-05-27 22:51:34
130642857,Marie,False,2018-04-29 11:01:35,2018-04-29 11:01:35
130708708,Davis,False,2019-08-27 23:46:43,2019-08-27 23:46:43
130723111,Jan,True,2020-06-18 20:59:59,2020-06-18 20:59:59
130745473,Marie-Lena,False,2017-06-24 02:47:28,2017-06-24 02:47:28
130765483,Marie,False,2017-05-16 10:24:43,2017-05-16 10:24:43
130788462,Marion,False,2017-05-25 10:15:04,2017-05-25 10:15:04
130804613,Naomi,False,2018-04-01 20:18:00,2018-04-01 20:18:00
130860321,Carsta,False,2018-01-08 18:29:47,2018-01-08 18:29:47
130862348,Moeez,False,2021-11-11 05:08:24,2021-11-11 05:08:24
130882058,Michel,False,2020-06-23 08:55:23,2020-06-23 08:55:23
130902643,Baldassarre,False,2017-05-13 08:26:38,2017-05-13 08:26:38
131008128,Fenil,False,2021-11-06 17:47:31,2021-11-06 17:47:31
131013911,Malte,False,2018-06-16 03:20:49,2018-06-16 03:20:49
131016430,Jojo,False,2017-05-21 10:19:59,2017-05-21 10:19:59
131022052,Stephan,False,2017-07-02 23:33:18,2017-07-02 23:33:18
131023649,Kaoru,False,2018-10-25 08:54:18,2018-10-25 08:54:18
131184702,Jana,False,2021-10-31 23:35:28,2021-10-31 23:35:28
131307982,Oliver,False,2021-11-06 14:56:49,2021-11-06 14:56:49
131410199,Kara,False,2017-06-28 22:58:28,2017-06-28 22:58:28
131458895,Nathalie,True,2017-07-07 07:42:29,2017-07-07 07:42:29
131496623,Alexia,False,2021-11-19 01:14:33,2021-11-19 01:14:33
131581007,Michael,False,2017-06-07 08:04:37,2017-06-07 08:04:37
131658946,Valentine,False,2021-11-19 00:25:27,2021-11-19 00:25:27
131730019,Victoria,False,2017-06-23 04:12:07,2017-06-23 04:12:07
131732018,Josi,False,2017-05-15 01:29:48,2017-05-15 01:29:48
131751159,Betti,False,2017-07-23 02:22:47,2017-07-23 02:22:47
131759611,Jana,False,2017-08-11 16:24:10,2017-08-11 16:24:10
131795693,Leonid,False,2017-06-01 18:58:38,2017-06-01 18:58:38
131866575,Carmen,False,2019-07-18 15:43:08,2019-07-18 15:43:08
131877141,Tanja,True,2017-05-26 04:27:07,2017-05-26 04:27:07
131900840,Darya,False,2021-10-24 14:59:45,2021-10-24 14:59:45
131964045,Felix,False,2018-10-27 09:12:56,2018-10-27 09:12:56
132018082,Sebastian,False,2017-09-29 13:07:49,2017-09-29 13:07:49
132019649,Dörte,True,2017-05-24 06:19:29,2017-05-24 06:19:29
132041285,Michael,True,2020-01-29 10:23:22,2020-01-29 10:23:22
132051214,Stefan,False,2021-10-30 18:09:55,2021-10-30 18:09:55
132182217,Olaf,False,2021-08-25 00:57:31,2021-08-25 00:57:31
132186836,Heidi,True,2017-09-02 23:01:19,2017-09-02 23:01:19
132214067,Elijah,False,2018-02-14 09:58:03,2018-02-14 09:58:03
132262366,Roza,False,2019-12-30 01:16:26,2019-12-30 01:16:26
132284125,Roman,False,2020-01-29 22:37:08,2020-01-29 22:37:08
132289488,Emilie,False,2020-07-05 03:12:17,2020-07-05 03:12:17
132294358,Khaled,False,2021-11-06 20:49:29,2021-11-06 20:49:29
132302162,Khaled,False,2021-11-16 07:30:11,2021-11-16 07:30:11
132341848,Georg,False,2018-09-06 20:26:42,2018-09-06 20:26:42
132351059,Stefan,False,2017-07-24 19:30:19,2017-07-24 19:30:19
132373045,Uwe P.,False,2021-10-21 08:20:58,2021-10-21 08:20:58
132391283,Max,False,2018-07-22 14:28:57,2018-07-22 14:28:57
132398218,Sylvia,True,2019-05-23 21:51:16,2019-05-23 21:51:16
132422109,Patricia,False,2021-04-17 07:33:00,2021-04-17 07:33:00
132482693,Sophie,False,2021-10-27 17:46:49,2021-10-27 17:46:49
132494540,Lais,False,2017-05-25 07:43:04,2017-05-25 07:43:04
132573311,Sascha,False,2021-11-11 13:29:24,2021-11-11 13:29:24
132617275,Marcos,False,2017-06-07 13:44:37,2017-06-07 13:44:37
132642015,Lennart,False,2017-06-04 05:00:27,2017-06-04 05:00:27
132691240,A,False,2018-07-19 20:41:25,2018-07-19 20:41:25
132696650,Johanna,False,2020-03-01 09:45:37,2020-03-01 09:45:37
132743140,Dirk,True,2017-10-18 07:55:54,2017-10-18 07:55:54
132776124,Christian,False,2019-10-06 03:02:22,2019-10-06 03:02:22
132786791,Melvin,False,2017-10-22 06:45:14,2017-10-22 06:45:14
132792599,Mariemma,False,2018-07-21 07:49:18,2018-07-21 07:49:18
132810080,Songyul,False,2017-06-05 01:20:23,2017-06-05 01:20:23
133073482,Natali,False,2017-07-01 04:54:35,2017-07-01 04:54:35
133082684,Celine,False,2017-06-12 16:37:13,2017-06-12 16:37:13
133085267,Michael,True,2017-06-03 16:08:49,2017-06-03 16:08:49
133108895,Barbara,False,2017-07-20 14:28:49,2017-07-20 14:28:49
133112915,Jemima,False,2017-09-19 22:53:47,2017-09-19 22:53:47
133133332,Maya,False,2017-11-10 05:40:22,2017-11-10 05:40:22
133134456,Najat,False,2017-05-24 04:01:41,2017-05-24 04:01:41
133200232,Richard,False,2017-06-22 10:57:54,2017-06-22 10:57:54
133204372,Ahmad,False,2017-06-10 14:51:26,2017-06-10 14:51:26
133206170,Elnaz,False,2017-09-20 23:08:45,2017-09-20 23:08:45
133241858,Valentin,False,2021-09-30 18:33:22,2021-09-30 18:33:22
133264787,Berit,True,2019-05-01 12:42:56,2019-05-01 12:42:56
133340583,Roni,False,2021-11-15 06:26:17,2021-11-15 06:26:17
133417034,Annett,True,2017-06-11 01:51:26,2017-06-11 01:51:26
133511150,Peggy,False,2019-03-06 00:49:52,2019-03-06 00:49:52
133513514,Ada,True,2017-06-09 13:16:14,2017-06-09 13:16:14
133525369,Lavinia,False,2019-12-08 08:25:05,2019-12-08 08:25:05
133528978,Luca,False,2017-08-07 05:02:24,2017-08-07 05:02:24
133561665,Melanie,False,2017-06-12 18:11:45,2017-06-12 18:11:45
133606335,Liza,False,2017-06-23 17:20:47,2017-06-23 17:20:47
133676293,Selim,False,2021-10-28 14:06:36,2021-10-28 14:06:36
133712344,Jens,True,2019-01-14 00:51:05,2019-01-14 00:51:05
133743061,Max,False,2018-08-07 08:04:38,2018-08-07 08:04:38
133791762,Michael,False,2018-03-04 21:14:19,2018-03-04 21:14:19
133893786,Juliet,False,2019-08-27 17:37:42,2019-08-27 17:37:42
133962830,Gustav Manuel,False,2017-08-23 23:26:44,2017-08-23 23:26:44
133979084,Sophia,False,2019-10-03 19:55:30,2019-10-03 19:55:30
134056490,Anna,False,2021-10-29 09:26:58,2021-10-29 09:26:58
134086549,Andreas,False,2017-09-15 04:24:18,2017-09-15 04:24:18
134115755,Sandra,False,2017-07-11 20:30:57,2017-07-11 20:30:57
134230098,Felicitas,False,2021-06-28 10:24:00,2021-06-28 10:24:00
134377307,Anita,False,2021-11-19 22:07:55,2021-11-19 22:07:55
134482995,Susanne,True,2017-06-22 06:01:04,2017-06-22 06:01:04
134486558,Mariya,False,2017-12-19 16:17:03,2017-12-19 16:17:03
134528684,Simone,False,2019-07-06 03:03:40,2019-07-06 03:03:40
134531165,Jady,False,2017-08-16 12:20:06,2017-08-16 12:20:06
134533413,Ben,False,2017-06-20 09:46:40,2017-06-20 09:46:40
134567040,Noam,False,2021-11-12 19:07:14,2021-11-12 19:07:14
134577478,Janine,False,2018-08-21 03:31:26,2018-08-21 03:31:26
134660693,Lasse,False,2017-06-29 23:21:50,2017-06-29 23:21:50
134703376,Hailing,False,2017-07-30 05:24:52,2017-07-30 05:24:52
134836864,Louisa,False,2021-10-21 13:35:15,2021-10-21 13:35:15
134888659,Johannes,False,2017-06-13 14:46:43,2017-06-13 14:46:43
135022884,Toscha,False,2017-07-27 15:10:22,2017-07-27 15:10:22
135079397,Micha,True,2017-12-24 21:56:42,2017-12-24 21:56:42
135094311,Sophie,False,2021-10-22 04:57:51,2021-10-22 04:57:51
135108541,Tanja,False,2018-09-06 07:27:29,2018-09-06 07:27:29
135181062,Anh Viet,False,2018-01-23 08:52:36,2018-01-23 08:52:36
135339937,H,False,2017-06-08 22:37:52,2017-06-08 22:37:52
135401571,Karolin,False,2019-04-23 10:41:56,2019-04-23 10:41:56
135447140,Andres,False,2019-12-24 20:39:45,2019-12-24 20:39:45
135486083,Ingeborg,True,2017-06-23 15:06:04,2017-06-23 15:06:04
135491185,Kateryna,False,2018-05-31 14:30:28,2018-05-31 14:30:28
135512748,Jan,False,2017-11-05 11:08:39,2017-11-05 11:08:39
135558934,Mareike,False,2017-12-24 22:16:45,2017-12-24 22:16:45
135647491,Ana João,False,2017-09-28 21:35:00,2017-09-28 21:35:00
135708189,Coraline,False,2021-10-29 10:00:10,2021-10-29 10:00:10
135719373,Solara,False,2017-06-18 01:50:30,2017-06-18 01:50:30
135765867,Evgene,False,2020-08-14 03:39:29,2020-08-14 03:39:29
135803791,Jendrik,False,2017-09-25 09:38:40,2017-09-25 09:38:40
135837161,Danny,False,2018-09-06 11:33:19,2018-09-06 11:33:19
135837636,Matthew,False,2019-03-12 20:57:29,2019-03-12 20:57:29
135888405,Maresa,False,2017-08-12 12:32:34,2017-08-12 12:32:34
135968870,Emily,False,2017-07-29 05:02:36,2017-07-29 05:02:36
135973285,BKLV Management GmbH,False,2017-07-27 09:38:37,2017-07-27 09:38:37
136012764,Nico,False,2017-09-01 06:23:50,2017-09-01 06:23:50
136027273,Biggi,False,2019-10-29 01:41:42,2019-10-29 01:41:42
136047855,Andrzej,False,2017-07-11 21:46:49,2017-07-11 21:46:49
136221891,Cassandra,False,2017-06-30 11:23:31,2017-06-30 11:23:31
136238495,Carla,False,2020-01-10 06:12:20,2020-01-10 06:12:20
136254362,Christina,False,2021-11-11 06:03:11,2021-11-11 06:03:11
136376910,Tima,False,2021-10-28 14:53:39,2021-10-28 14:53:39
136475015,Rebecca,False,2020-08-16 19:52:18,2020-08-16 19:52:18
136528302,Heide,False,2021-10-25 07:10:26,2021-10-25 07:10:26
136562176,Vincent,True,2017-06-17 08:37:29,2017-06-17 08:37:29
136592624,Enes,False,2021-11-05 03:50:26,2021-11-05 03:50:26
136620375,Ira,False,2017-07-31 22:08:01,2017-07-31 22:08:01
136711229,Luis,False,2017-08-14 09:07:50,2017-08-14 09:07:50
136735926,Jakob,False,2019-10-18 07:03:21,2019-10-18 07:03:21
136778923,Jim,False,2019-03-16 16:37:39,2019-03-16 16:37:39
136790649,Irina,False,2017-08-29 23:38:40,2017-08-29 23:38:40
136790781,Nic,False,2017-06-28 03:28:27,2017-06-28 03:28:27
136793045,Valerie,False,2019-06-21 06:33:36,2019-06-21 06:33:36
136869310,Mirjam,False,2017-07-30 16:33:41,2017-07-30 16:33:41
136871133,Anette,False,2017-06-21 21:38:16,2017-06-21 21:38:16
136877562,Katrin,False,2017-07-28 22:17:14,2017-07-28 22:17:14
136891295,Stephan,True,2017-08-04 21:48:02,2017-08-04 21:48:02
136910746,Henning & Ariane,True,2017-07-02 17:53:49,2017-07-02 17:53:49
137023784,Maja,False,2019-07-18 11:48:25,2019-07-18 11:48:25
137042044,Philip,False,2018-03-02 12:16:20,2018-03-02 12:16:20
137046287,Josua,False,2018-06-08 15:42:31,2018-06-08 15:42:31
137048205,Isidora,False,2021-09-11 14:01:43,2021-09-11 14:01:43
137113876,Jonas,False,2021-11-08 10:27:32,2021-11-08 10:27:32
137127518,Deniz,False,2017-06-27 19:54:49,2017-06-27 19:54:49
137139897,Damien,False,2017-07-10 05:25:50,2017-07-10 05:25:50
137151447,Yaser,False,2019-02-15 18:46:21,2019-02-15 18:46:21
137226755,Günter,True,2017-07-13 22:43:46,2017-07-13 22:43:46
137313530,Hyeyoung,True,2017-06-26 05:52:02,2017-06-26 05:52:02
137500445,Ambra&Tonina,False,2017-07-03 19:47:24,2017-07-03 19:47:24
137521866,Ferdinand,False,2017-07-04 21:34:50,2017-07-04 21:34:50
137526197,Arnas,False,2017-07-13 20:34:53,2017-07-13 20:34:53
137531534,Tom,False,2017-07-09 19:51:16,2017-07-09 19:51:16
137534455,Julia,False,2018-08-29 19:51:28,2018-08-29 19:51:28
137554233,Heiko,False,2017-07-04 15:44:26,2017-07-04 15:44:26
137609668,Matthias,False,2017-11-05 13:50:36,2017-11-05 13:50:36
137613137,Felix,False,2019-04-05 17:31:34,2019-04-05 17:31:34
137624537,Karen,False,2017-07-08 07:21:02,2017-07-08 07:21:02
137665108,Lukas,False,2017-12-14 23:42:13,2017-12-14 23:42:13
137684052,Melanie,False,2017-07-08 00:02:31,2017-07-08 00:02:31
137692311,Ben,False,2021-11-03 15:58:02,2021-11-03 15:58:02
137787528,Asen,False,2017-08-13 08:58:02,2017-08-13 08:58:02
137840262,Fredi,False,2021-10-28 04:37:59,2021-10-28 04:37:59
137846664,Claudia,False,2019-04-10 17:46:38,2019-04-10 17:46:38
137855943,Renate,False,2019-11-21 01:33:31,2019-11-21 01:33:31
137947688,Janina,False,2017-06-25 14:05:16,2017-06-25 14:05:16
137948494,Salina,False,2021-11-15 14:24:08,2021-11-15 14:24:08
137991811,Mona,True,2017-07-09 18:41:48,2017-07-09 18:41:48
138031330,Till,False,2019-12-06 06:26:42,2019-12-06 06:26:42
138037657,Ema,False,2019-08-15 16:35:57,2019-08-15 16:35:57
138113329,Maya,False,2021-11-02 01:44:27,2021-11-02 01:44:27
138117479,Christine,False,2020-04-20 03:48:12,2020-04-20 03:48:12
138139463,Mona,False,2017-07-18 17:19:44,2017-07-18 17:19:44
138155182,Sabrina,False,2017-07-13 13:20:48,2017-07-13 13:20:48
138197126,Karin,False,2017-07-12 17:35:30,2017-07-12 17:35:30
138199921,Kathrin,False,2018-05-13 13:01:56,2018-05-13 13:01:56
138228310,Thayabaran,False,2021-11-13 04:06:59,2021-11-13 04:06:59
138287361,M,False,2017-07-04 01:37:04,2017-07-04 01:37:04
138301344,Eva,False,2021-09-05 12:21:47,2021-09-05 12:21:47
138310021,Birgül,False,2021-10-03 10:07:00,2021-10-03 10:07:00
138339132,Anita,False,2018-09-10 17:14:19,2018-09-10 17:14:19
138342508,Johanna,False,2017-07-03 19:39:35,2017-07-03 19:39:35
138374469,Susa,False,2017-10-18 04:39:43,2017-10-18 04:39:43
138382060,Rico,False,2018-02-16 19:27:16,2018-02-16 19:27:16
138389003,Andrés Felipe,True,2019-08-03 10:35:13,2019-08-03 10:35:13
138400590,Gurli,False,2017-07-10 15:33:42,2017-07-10 15:33:42
138456419,Somar,True,2019-08-25 17:36:03,2019-08-25 17:36:03
138469409,Anke,False,2017-12-27 17:26:55,2017-12-27 17:26:55
138541821,Simone-Anita,False,2017-10-09 07:44:41,2017-10-09 07:44:41
138541947,Sandra,False,2021-11-03 16:46:18,2021-11-03 16:46:18
138592590,Lucas,False,2017-06-27 14:13:38,2017-06-27 14:13:38
138658157,Franky,False,2019-01-31 11:56:22,2019-01-31 11:56:22
138694757,Jenny,False,2021-11-19 09:26:31,2021-11-19 09:26:31
138694839,Alexey,False,2020-01-11 03:13:20,2020-01-11 03:13:20
138862667,Agnes,False,2018-07-03 16:12:28,2018-07-03 16:12:28
138882839,Julia,False,2019-11-30 16:52:17,2019-11-30 16:52:17
138890572,Claire,True,2019-03-02 16:41:15,2019-03-02 16:41:15
138893815,Julia,False,2017-07-01 15:08:46,2017-07-01 15:08:46
138932926,Lutz,True,2017-08-06 17:22:40,2017-08-06 17:22:40
138966822,Leon,False,2017-09-15 20:41:15,2017-09-15 20:41:15
138978749,Kira,False,2017-10-01 05:02:51,2017-10-01 05:02:51
139041679,Johir,False,2021-10-24 01:29:26,2021-10-24 01:29:26
139054697,Silvia,False,2017-07-11 14:52:12,2017-07-11 14:52:12
139078310,Leo,True,2017-07-11 13:26:22,2017-07-11 13:26:22
139165461,Vural,False,2017-06-29 07:16:21,2017-06-29 07:16:21
139266357,Paulina,False,2017-07-11 02:58:40,2017-07-11 02:58:40
139284593,Astrid,False,2021-10-28 11:22:54,2021-10-28 11:22:54
139289486,Janne,False,2017-07-02 19:58:53,2017-07-02 19:58:53
139365696,Jonas,False,2017-07-29 15:43:25,2017-07-29 15:43:25
139368327,Dorothee,False,2017-09-20 08:41:38,2017-09-20 08:41:38
139477313,Hanne,False,2021-11-11 10:03:12,2021-11-11 10:03:12
139491466,Stella,False,2017-08-02 22:05:13,2017-08-02 22:05:13
139580852,Nana,False,2017-07-15 02:43:01,2017-07-15 02:43:01
139660630,Fritz,False,2017-07-17 07:08:27,2017-07-17 07:08:27
139686504,Simon,False,2021-11-11 22:15:13,2021-11-11 22:15:13
139689873,Atréyu,False,2018-06-23 13:22:38,2018-06-23 13:22:38
139801844,Norma,False,2021-09-07 07:17:22,2021-09-07 07:17:22
139843282,Maria,False,2017-07-12 10:26:41,2017-07-12 10:26:41
139849911,Laura,False,2019-12-28 20:28:00,2019-12-28 20:28:00
139976274,Maddin,False,2021-11-06 21:24:27,2021-11-06 21:24:27
139990695,Zarah,False,2018-12-05 16:02:07,2018-12-05 16:02:07
140000073,Joanna,False,2019-05-25 16:45:09,2019-05-25 16:45:09
140044723,Nina,False,2017-07-27 12:03:37,2017-07-27 12:03:37
140110384,Gaelle,False,2017-07-08 01:15:04,2017-07-08 01:15:04
140276377,Tanya,False,2017-07-19 08:52:52,2017-07-19 08:52:52
140381251,Felix,False,2017-07-17 15:57:57,2017-07-17 15:57:57
140383163,Clementine,False,2017-08-01 21:16:57,2017-08-01 21:16:57
140384224,Jürgen,False,2017-07-18 21:22:53,2017-07-18 21:22:53
140389798,Tanya,False,2018-12-28 06:52:51,2018-12-28 06:52:51
140425948,Felix,True,2019-11-06 02:33:31,2019-11-06 02:33:31
140452065,Matt,False,2019-05-19 07:58:04,2019-05-19 07:58:04
140552793,Gesa,False,2019-10-15 11:06:02,2019-10-15 11:06:02
140564891,Dimi,True,2018-08-27 00:26:40,2018-08-27 00:26:40
140685978,Christian,False,2017-09-05 22:57:42,2017-09-05 22:57:42
140734566,Kilian,False,2017-07-15 05:12:35,2017-07-15 05:12:35
140739823,Ruth,False,2017-09-22 02:26:45,2017-09-22 02:26:45
140756304,Doreen,False,2019-10-26 01:44:31,2019-10-26 01:44:31
140907812,Polina,False,2019-07-18 19:22:30,2019-07-18 19:22:30
140998983,Florian,False,2019-10-18 17:23:59,2019-10-18 17:23:59
141084339,Benjamin,False,2017-07-27 06:48:29,2017-07-27 06:48:29
141099389,Andrea,False,2018-02-18 06:32:59,2018-02-18 06:32:59
141104498,Sirine,False,2019-02-10 10:13:24,2019-02-10 10:13:24
141107828,Lea,False,2021-10-29 10:02:15,2021-10-29 10:02:15
141121715,Annika,False,2017-09-09 19:07:15,2017-09-09 19:07:15
141142060,Julia,False,2017-09-09 01:03:18,2017-09-09 01:03:18
141195043,Alex,False,2018-10-18 19:09:39,2018-10-18 19:09:39
141287147,Victoria,False,2017-07-24 23:32:56,2017-07-24 23:32:56
141289136,Melouka,False,2021-11-18 23:18:58,2021-11-18 23:18:58
141321575,Jens,False,2018-12-14 23:35:53,2018-12-14 23:35:53
141343216,Hannes,False,2017-07-23 11:23:36,2017-07-23 11:23:36
141383674,Nataly,False,2019-04-30 02:22:25,2019-04-30 02:22:25
141387020,Carsten,False,2018-08-24 23:32:54,2018-08-24 23:32:54
141465955,Tani,False,2021-03-26 05:51:34,2021-03-26 05:51:34
141505876,Paul,False,2021-09-26 14:14:50,2021-09-26 14:14:50
141532354,Dirk,False,2018-02-01 16:20:24,2018-02-01 16:20:24
141535399,Firman,False,2021-06-25 08:40:03,2021-06-25 08:40:03
141539959,Novasol,False,2021-10-24 00:47:59,2021-10-24 00:47:59
141545714,Novasol,False,2021-11-16 00:00:17,2021-11-16 00:00:17
141555611,Karolina,False,2021-10-31 13:28:46,2021-10-31 13:28:46
141564400,Peter,False,2019-07-13 18:12:56,2019-07-13 18:12:56
141569739,Yelo,False,2017-07-19 23:29:16,2017-07-19 23:29:16
141729905,Oliver,False,2020-08-25 11:20:37,2020-08-25 11:20:37
141807223,Claudia,False,2017-09-19 12:59:07,2017-09-19 12:59:07
141850184,Osman Mikail,False,2021-10-29 04:38:26,2021-10-29 04:38:26
141882829,Johanna,False,2018-03-18 13:44:30,2018-03-18 13:44:30
141981627,Wenke,False,2017-07-20 17:52:01,2017-07-20 17:52:01
142017908,Stephan,False,2019-08-07 10:33:45,2019-08-07 10:33:45
142090954,Qiaohui,False,2017-08-25 06:22:56,2017-08-25 06:22:56
142121889,Anette,False,2021-11-01 05:11:12,2021-11-01 05:11:12
142222370,Andreas,False,2017-07-14 04:11:25,2017-07-14 04:11:25
142225616,Larissa,False,2017-07-20 19:40:53,2017-07-20 19:40:53
142369976,Ricardo,False,2021-10-31 07:00:05,2021-10-31 07:00:05
142370812,Michaelle,False,2017-08-14 13:35:07,2017-08-14 13:35:07
142371970,Roman,True,2019-01-16 22:39:37,2019-01-16 22:39:37
142377055,Madeleine,False,2017-08-17 08:05:50,2017-08-17 08:05:50
142397558,Tsvetonina,False,2017-07-30 00:53:51,2017-07-30 00:53:51
142414903,Tobias,False,2017-08-09 22:43:31,2017-08-09 22:43:31
142453324,Baris,False,2017-07-21 22:35:12,2017-07-21 22:35:12
142479872,Jan,False,2017-07-22 16:46:45,2017-07-22 16:46:45
142575003,Marlene,False,2021-11-19 16:15:44,2021-11-19 16:15:44
142577838,Anja,False,2017-09-30 01:38:43,2017-09-30 01:38:43
142620384,"Make Love, Not War",False,2018-02-22 21:57:01,2018-02-22 21:57:01
142629020,Dominik,False,2017-08-09 12:38:13,2017-08-09 12:38:13
142629483,Dana,False,2017-08-07 18:14:34,2017-08-07 18:14:34
142644626,Irem,False,2017-09-21 17:50:14,2017-09-21 17:50:14
142649872,Alexandre,False,2021-10-27 13:29:15,2021-10-27 13:29:15
142740376,Franz,False,2021-11-10 19:29:09,2021-11-10 19:29:09
142763725,Denia,False,2021-10-25 02:34:50,2021-10-25 02:34:50
142805727,Thu,False,2017-11-20 15:55:01,2017-11-20 15:55:01
142873524,Sascha,False,2017-08-18 15:07:40,2017-08-18 15:07:40
142948812,Ali,False,2021-11-16 06:24:19,2021-11-16 06:24:19
142956222,Jörg,False,2020-02-17 10:42:18,2020-02-17 10:42:18
143039462,Daniel,False,2018-04-12 05:44:23,2018-04-12 05:44:23
143118066,Martin,False,2019-08-13 01:02:48,2019-08-13 01:02:48
143133779,Viktoria,False,2017-08-09 16:47:38,2017-08-09 16:47:38
143152853,Göki,False,2017-08-27 10:16:03,2017-08-27 10:16:03
143161292,Daniel,False,2017-09-08 18:15:55,2017-09-08 18:15:55
143275455,Eugen,False,2021-11-15 08:10:33,2021-11-15 08:10:33
143337998,Minka,False,2017-07-27 06:21:19,2017-07-27 06:21:19
143381607,Munnie,False,2021-10-27 14:15:44,2021-10-27 14:15:44
143456084,Luis Abel,False,2021-11-18 02:02:47,2021-11-18 02:02:47
143533694,Judith,False,2020-03-09 16:12:47,2020-03-09 16:12:47
143578919,Michelle,False,2018-04-11 10:48:53,2018-04-11 10:48:53
143656303,Jelka,False,2017-07-23 15:21:22,2017-07-23 15:21:22
143658738,Moritz,False,2017-07-26 13:20:38,2017-07-26 13:20:38
143660348,Jasmin,False,2018-09-04 09:35:11,2018-09-04 09:35:11
143662647,Eva,False,2018-04-26 18:05:13,2018-04-26 18:05:13
143667305,Jonas,False,2017-07-28 11:03:54,2017-07-28 11:03:54
143679982,Frida,False,2017-09-21 04:40:22,2017-09-21 04:40:22
143702110,Karoline,True,2019-06-17 23:03:27,2019-06-17 23:03:27
143745627,Helena,False,2021-11-13 01:39:43,2021-11-13 01:39:43
143758834,Ena,False,2017-10-09 09:28:22,2017-10-09 09:28:22
143776846,Manfred,True,2017-08-31 03:12:22,2017-08-31 03:12:22
143778350,Maria,False,2020-08-31 03:25:25,2020-08-31 03:25:25
143786251,Yvonne,False,2021-07-18 15:20:39,2021-07-18 15:20:39
143864119,Jamie,False,2017-08-02 03:18:06,2017-08-02 03:18:06
143885714,Max,True,2017-11-22 23:02:10,2017-11-22 23:02:10
143887135,Edmond,False,2017-08-04 21:47:36,2017-08-04 21:47:36
143888260,Henrietta,False,2017-08-26 14:06:13,2017-08-26 14:06:13
143939464,Vanessa,False,2021-11-17 14:31:13,2021-11-17 14:31:13
144028720,Arma,False,2017-08-01 22:17:30,2017-08-01 22:17:30
144037511,Gare,False,2021-09-09 20:07:57,2021-09-09 20:07:57
144049466,Antje,False,2017-11-19 05:57:48,2017-11-19 05:57:48
144067810,Jette,False,2021-10-31 18:02:39,2021-10-31 18:02:39
144071533,Lars,False,2017-08-27 20:28:12,2017-08-27 20:28:12
144159301,Maximilian,False,2017-07-24 22:35:56,2017-07-24 22:35:56
144217475,Joseph,False,2019-08-01 02:14:42,2019-08-01 02:14:42
144219167,Lewis,False,2017-09-11 08:33:31,2017-09-11 08:33:31
144221026,Uwe,False,2017-09-22 16:26:32,2017-09-22 16:26:32
144225005,Daniel,True,2017-09-17 03:32:15,2017-09-17 03:32:15
144225725,Maxi Isabel,False,2021-10-29 05:05:21,2021-10-29 05:05:21
144236700,Jean,False,2017-07-29 21:21:20,2017-07-29 21:21:20
144246862,Alison,False,2017-08-06 01:27:16,2017-08-06 01:27:16
144280995,Melanie,False,2018-12-12 06:02:25,2018-12-12 06:02:25
144317028,Laszlo,False,2021-10-22 20:04:39,2021-10-22 20:04:39
144324303,David,False,2017-08-05 14:07:30,2017-08-05 14:07:30
144343389,Felix,False,2017-08-02 04:12:37,2017-08-02 04:12:37
144539713,Julia And Javier,False,2017-08-18 14:24:18,2017-08-18 14:24:18
144561234,Christin,False,2017-07-29 03:14:02,2017-07-29 03:14:02
144566924,Kerstin A.,True,2017-09-18 20:55:48,2017-09-18 20:55:48
144581483,Cecilia,False,2017-09-25 21:16:46,2017-09-25 21:16:46
144733454,Lea,False,2019-10-18 07:36:57,2019-10-18 07:36:57
144772018,Martin,False,2020-06-19 23:31:27,2020-06-19 23:31:27
144775899,Janes,False,2021-11-18 09:34:11,2021-11-18 09:34:11
144848273,Cindy,False,2020-10-02 00:20:01,2020-10-02 00:20:01
144848485,Yang,True,2017-08-06 07:07:39,2017-08-06 07:07:39
144898293,Vivien,False,2017-07-31 15:35:25,2017-07-31 15:35:25
144900129,Vince,False,2021-11-14 10:00:49,2021-11-14 10:00:49
144925518,Erika,False,2017-08-25 15:54:46,2017-08-25 15:54:46
144925926,Hans,False,2017-09-13 03:54:32,2017-09-13 03:54:32
144935691,Senta,False,2021-10-23 01:30:48,2021-10-23 01:30:48
144971043,Kubra,False,2021-10-22 17:05:41,2021-10-22 17:05:41
144985319,Carolin,False,2017-09-17 04:28:33,2017-09-17 04:28:33
145003509,Maiara,False,2021-11-16 18:25:01,2021-11-16 18:25:01
145026168,Birger,False,2017-12-01 00:18:46,2017-12-01 00:18:46
145036521,Martin,False,2021-02-25 23:36:04,2021-02-25 23:36:04
145102722,Stéphanie,False,2018-08-21 09:50:01,2018-08-21 09:50:01
145109679,Mart,False,2017-10-08 23:52:55,2017-10-08 23:52:55
145115329,Alexander,False,2017-08-04 11:50:01,2017-08-04 11:50:01
145122277,Nilou,False,2017-08-19 11:28:30,2017-08-19 11:28:30
145171768,Louis,False,2021-11-01 10:42:16,2021-11-01 10:42:16
145195446,Siful,False,2020-02-07 11:42:19,2020-02-07 11:42:19
145299147,Tim,False,2017-08-15 17:25:44,2017-08-15 17:25:44
145329160,Lina,False,2019-07-14 21:41:29,2019-07-14 21:41:29
145462435,Rachel,False,2017-08-09 04:00:17,2017-08-09 04:00:17
145501953,Gonzalo,False,2018-03-30 08:55:23,2018-03-30 08:55:23
145528967,Ebi,False,2020-07-05 17:16:42,2020-07-05 17:16:42
145535056,Feras,False,2018-05-10 14:06:20,2018-05-10 14:06:20
145598606,Clarissa,False,2017-09-16 06:12:05,2017-09-16 06:12:05
145606388,Janos,False,2017-08-03 07:46:28,2017-08-03 07:46:28
145638315,Piet,False,2017-09-06 04:09:43,2017-09-06 04:09:43
145654689,Kevin,False,2021-11-05 01:00:45,2021-11-05 01:00:45
145677064,Ammar,False,2021-11-18 04:12:56,2021-11-18 04:12:56
145677360,Ahmed,False,2019-09-17 05:37:20,2019-09-17 05:37:20
145776171,Martyna,False,2019-02-04 13:56:45,2019-02-04 13:56:45
145847044,Monika,False,2017-12-17 02:50:06,2017-12-17 02:50:06
145851424,Ioan,False,2018-08-17 14:11:56,2018-08-17 14:11:56
145860110,Annemarie,False,2020-07-02 00:03:19,2020-07-02 00:03:19
145915159,Irina,False,2017-08-26 19:56:49,2017-08-26 19:56:49
145924089,Yaroslav,False,2017-09-12 08:18:29,2017-09-12 08:18:29
145925563,Katharina,False,2017-08-18 06:44:16,2017-08-18 06:44:16
145932555,Alja,True,2021-08-24 18:06:25,2021-08-24 18:06:25
145938760,Paul,False,2020-08-24 18:19:21,2020-08-24 18:19:21
145945558,Maria,True,2017-09-05 15:54:49,2017-09-05 15:54:49
145952587,Mohanad,False,2020-08-03 17:15:21,2020-08-03 17:15:21
146068168,Maxim,True,2021-05-24 09:37:10,2021-05-24 09:37:10
146095198,Roman,False,2021-06-29 19:50:08,2021-06-29 19:50:08
146102494,Tao,False,2021-11-05 23:42:41,2021-11-05 23:42:41
146152283,Tina,False,2017-10-20 15:21:25,2017-10-20 15:21:25
146172450,Marco,False,2018-02-27 23:02:59,2018-02-27 23:02:59
146188376,Carolin,False,2021-11-01 19:19:01,2021-11-01 19:19:01
146189249,Rotem,False,2021-08-12 05:09:27,2021-08-12 05:09:27
146246629,Evi,True,2019-03-15 03:58:52,2019-03-15 03:58:52
146255143,Maxi,False,2017-08-18 05:39:43,2017-08-18 05:39:43
146257153,Hotel,False,2018-06-05 17:06:51,2018-06-05 17:06:51
146267347,Yiy,True,2021-07-18 15:46:23,2021-07-18 15:46:23
146275008,Gloria,False,2017-09-09 08:20:41,2017-09-09 08:20:41
146292657,Chelsea,False,2019-12-24 23:06:08,2019-12-24 23:06:08
146309690,Gsus,False,2017-08-17 20:17:07,2017-08-17 20:17:07
146311938,Alexander,False,2018-06-27 22:04:24,2018-06-27 22:04:24
146314165,Wolfgang,False,2017-09-15 00:47:32,2017-09-15 00:47:32
146462134,René,False,2017-08-28 02:58:33,2017-08-28 02:58:33
146503051,Lennart,False,2021-10-30 08:07:03,2021-10-30 08:07:03
146706943,Jörg,False,2021-11-14 07:35:58,2021-11-14 07:35:58
146725782,Ruslana,False,2021-10-22 06:33:14,2021-10-22 06:33:14
146852988,Soni,False,2017-08-23 14:57:14,2017-08-23 14:57:14
146867535,Sarah,False,2017-08-22 20:25:19,2017-08-22 20:25:19
146917637,Norbert,True,2017-09-01 17:54:37,2017-09-01 17:54:37
146921416,Josef,False,2021-11-16 13:11:02,2021-11-16 13:11:02
146932052,Samuel,True,2018-10-21 15:29:32,2018-10-21 15:29:32
147010308,Julian,False,2017-09-10 14:48:34,2017-09-10 14:48:34
147017679,Andre,False,2018-11-23 17:21:50,2018-11-23 17:21:50
147033784,Nic,False,2019-06-12 06:48:11,2019-06-12 06:48:11
147084189,Ramón,False,2021-11-12 05:45:59,2021-11-12 05:45:59
147197555,Constantin,True,2021-07-12 16:30:19,2021-07-12 16:30:19
147233889,Rebecca,False,2019-04-15 14:35:45,2019-04-15 14:35:45
147262098,Robert,True,2020-06-18 03:03:53,2020-06-18 03:03:53
147264254,Maria,False,2019-03-21 06:00:50,2019-03-21 06:00:50
147307976,Johanna,True,2017-09-18 05:02:25,2017-09-18 05:02:25
147333430,Viola,True,2018-06-12 00:42:29,2018-06-12 00:42:29
147333604,B,False,2021-11-16 23:19:41,2021-11-16 23:19:41
147338099,Henriette,False,2019-12-14 00:20:39,2019-12-14 00:20:39
147349597,Rowan,False,2021-11-11 02:28:59,2021-11-11 02:28:59
147350012,Alexandra,False,2021-08-14 15:49:21,2021-08-14 15:49:21
147365723,Said,False,2017-09-05 15:54:47,2017-09-05 15:54:47
147380955,Vanessa,False,2021-10-28 01:04:56,2021-10-28 01:04:56
147400872,Melanie,True,2018-12-24 06:45:35,2018-12-24 06:45:35
147416475,Frank,False,2018-01-30 13:18:57,2018-01-30 13:18:57
147461101,Lilli,False,2018-12-21 09:51:00,2018-12-21 09:51:00
147476710,João,False,2017-08-16 05:20:00,2017-08-16 05:20:00
147477128,Juliane,False,2017-12-22 17:05:05,2017-12-22 17:05:05
147483471,Armin,False,2018-05-17 15:53:06,2018-05-17 15:53:06
147499255,Diana,False,2021-11-16 14:33:58,2021-11-16 14:33:58
147509237,Io,False,2017-08-21 22:59:13,2017-08-21 22:59:13
147540927,Regine,False,2018-10-18 04:04:15,2018-10-18 04:04:15
147554743,Jannik,False,2021-08-19 08:10:07,2021-08-19 08:10:07
147556938,Elvira,False,2020-04-03 21:33:01,2020-04-03 21:33:01
147616944,Luisa,False,2020-05-19 03:05:11,2020-05-19 03:05:11
147637927,Dirk,False,2017-08-17 10:19:30,2017-08-17 10:19:30
147647876,Dharma Mati,True,2018-06-18 00:09:48,2018-06-18 00:09:48
147733977,Hasna,False,2019-09-01 13:22:59,2019-09-01 13:22:59
147900315,Carmen,False,2017-08-31 16:33:38,2017-08-31 16:33:38
147940339,Sare,False,2018-08-02 11:33:16,2018-08-02 11:33:16
147962405,Elli,False,2017-10-03 19:33:06,2017-10-03 19:33:06
147980920,Caterina,False,2020-07-26 05:13:25,2020-07-26 05:13:25
148028927,Laura,False,2017-08-31 19:43:20,2017-08-31 19:43:20
148054076,Markus,False,2018-11-13 11:12:37,2018-11-13 11:12:37
148126779,Adam,False,2018-10-05 07:26:34,2018-10-05 07:26:34
148159846,Shan,False,2019-12-19 13:21:33,2019-12-19 13:21:33
148173822,Kadaf,False,2021-03-20 20:36:45,2021-03-20 20:36:45
148226214,Sebastian,False,2018-12-02 01:24:38,2018-12-02 01:24:38
148246039,Lasse,False,2017-09-05 08:14:38,2017-09-05 08:14:38
148278791,Henry,True,2017-10-24 01:38:10,2017-10-24 01:38:10
148315489,Catharina,True,2017-12-06 08:01:22,2017-12-06 08:01:22
148327306,Michael,False,2017-09-08 12:42:08,2017-09-08 12:42:08
148359251,Alex,False,2019-01-04 22:14:08,2019-01-04 22:14:08
148372430,Hagen,False,2021-11-06 01:12:15,2021-11-06 01:12:15
148479451,Anika,False,2018-09-03 01:55:29,2018-09-03 01:55:29
148493593,Senem,False,2019-03-19 17:35:40,2019-03-19 17:35:40
148556325,Samuel,False,2019-09-05 08:05:02,2019-09-05 08:05:02
148563382,Caren,False,2019-07-21 12:38:19,2019-07-21 12:38:19
148720255,Ahmed,True,2017-09-21 03:09:14,2017-09-21 03:09:14
148759231,Domenico,False,2017-08-29 03:56:01,2017-08-29 03:56:01
148772147,Julia,False,2017-09-12 16:10:39,2017-09-12 16:10:39
148777265,Ruediger,False,2017-09-04 01:33:09,2017-09-04 01:33:09
148882615,Nene,False,2020-01-14 18:36:25,2020-01-14 18:36:25
148896750,Nina,False,2017-09-25 02:55:50,2017-09-25 02:55:50
148919487,Andrej,True,2021-11-05 17:00:42,2021-11-05 17:00:42
148929909,Yevhen,False,2018-05-30 10:45:00,2018-05-30 10:45:00
148945283,Luise,False,2018-12-22 06:39:45,2018-12-22 06:39:45
149041963,Stephanie,False,2019-02-23 13:12:11,2019-02-23 13:12:11
149079144,Lukas,False,2020-07-08 14:52:57,2020-07-08 14:52:57
149085794,Simon,False,2019-05-18 17:22:01,2019-05-18 17:22:01
149107378,Ursula,True,2017-09-07 14:26:36,2017-09-07 14:26:36
149151975,Rita,False,2021-11-19 08:39:45,2021-11-19 08:39:45
149214480,Julia,False,2018-08-26 16:29:16,2018-08-26 16:29:16
149280376,Jana,False,2017-09-10 02:11:18,2017-09-10 02:11:18
149281575,Stefan,False,2017-09-17 03:50:30,2017-09-17 03:50:30
149376247,Valeria,False,2021-10-29 12:28:52,2021-10-29 12:28:52
149386594,Sonja,False,2018-01-07 17:05:09,2018-01-07 17:05:09
149388216,Viktoria,False,2018-05-01 19:31:14,2018-05-01 19:31:14
149414041,Daniel,False,2021-11-11 13:16:03,2021-11-11 13:16:03
149512212,Nad JA,False,2021-10-23 08:23:03,2021-10-23 08:23:03
149517162,Natalie,False,2018-02-04 07:50:10,2018-02-04 07:50:10
149567193,Paula,False,2017-09-07 21:48:18,2017-09-07 21:48:18
149575511,Dominik,False,2021-09-12 11:49:17,2021-09-12 11:49:17
149620956,Gino,True,2019-03-15 20:46:54,2019-03-15 20:46:54
149669030,Paweł,False,2021-10-28 16:31:29,2021-10-28 16:31:29
149702381,Lorenzo,False,2018-07-05 19:38:01,2018-07-05 19:38:01
149705259,Mémona,False,2018-12-25 22:41:43,2018-12-25 22:41:43
149810826,Wilfried,True,2019-07-18 23:06:22,2019-07-18 23:06:22
149817209,Andre,False,2019-08-03 05:31:26,2019-08-03 05:31:26
149831593,Mnatsakan,False,2021-11-07 17:04:28,2021-11-07 17:04:28
149840246,Carole,False,2019-03-25 13:42:11,2019-03-25 13:42:11
149847726,Ben,False,2020-08-09 13:47:05,2020-08-09 13:47:05
150107423,Christine,False,2018-03-20 18:11:53,2018-03-20 18:11:53
150288766,Patrick,False,2021-11-19 11:15:55,2021-11-19 11:15:55
150388261,Jürgen,False,2017-09-28 06:04:35,2017-09-28 06:04:35
150416272,Frank,False,2017-11-17 01:06:42,2017-11-17 01:06:42
150433612,Smadar,True,2018-09-21 11:10:37,2018-09-21 11:10:37
150486946,Ani,False,2017-12-03 18:50:57,2017-12-03 18:50:57
150545454,Tilman,True,2018-05-26 22:19:16,2018-05-26 22:19:16
150552459,Yavuz,False,2017-09-17 14:01:24,2017-09-17 14:01:24
150558400,Christoph,False,2017-09-16 22:56:20,2017-09-16 22:56:20
150583289,Christian,False,2021-10-22 06:19:14,2021-10-22 06:19:14
150585572,Marianna,False,2019-10-02 01:29:52,2019-10-02 01:29:52
150595694,Christina,False,2017-09-24 13:03:47,2017-09-24 13:03:47
150604066,Gidon,False,2019-11-13 05:12:39,2019-11-13 05:12:39
150617696,Nadia,False,2017-09-18 20:25:29,2017-09-18 20:25:29
150662672,Bettina,True,2020-08-19 01:51:40,2020-08-19 01:51:40
150678920,Max,False,2020-02-13 12:13:58,2020-02-13 12:13:58
150690907,Mara,False,2021-11-16 15:42:07,2021-11-16 15:42:07
150722178,Igors,True,2019-02-22 09:45:40,2019-02-22 09:45:40
150820338,Lea,False,2020-02-22 07:59:47,2020-02-22 07:59:47
150936032,Laurence,False,2019-11-19 07:21:46,2019-11-19 07:21:46
150945043,Diego,False,2021-11-06 14:27:04,2021-11-06 14:27:04
151046242,Monika,True,2017-09-30 16:01:43,2017-09-30 16:01:43
151048441,Ingo,False,2017-11-10 13:29:25,2017-11-10 13:29:25
151072686,Enrico,False,2021-11-17 11:05:57,2021-11-17 11:05:57
151094122,Romy,False,2018-04-26 13:58:25,2018-04-26 13:58:25
151231271,Heiko,False,2017-04-16 00:38:29,2017-04-16 00:38:29
151242394,Jan,False,2017-09-21 05:20:28,2017-09-21 05:20:28
151249828,Tabea,False,2017-09-22 12:38:02,2017-09-22 12:38:02
151281639,Michaella,False,2017-09-17 18:43:26,2017-09-17 18:43:26
151284276,Julius,True,2019-07-21 04:17:16,2019-07-21 04:17:16
151358145,David,True,2017-10-25 09:32:58,2017-10-25 09:32:58
151363906,Pawel,False,2021-11-10 08:16:03,2021-11-10 08:16:03
151399764,Anatole,False,2018-11-29 08:59:12,2018-11-29 08:59:12
151405010,Ilona,False,2021-07-17 00:03:31,2021-07-17 00:03:31
151419849,Jasper,False,2021-10-28 22:32:46,2021-10-28 22:32:46
151481778,Sabine,False,2018-06-21 18:12:12,2018-06-21 18:12:12
151496165,Fabian,False,2021-11-17 17:54:22,2021-11-17 17:54:22
151652241,Aurelie,False,2017-09-17 15:53:22,2017-09-17 15:53:22
151694237,Sagir,False,2017-12-19 06:21:21,2017-12-19 06:21:21
151735530,Ines,False,2017-09-19 22:33:32,2017-09-19 22:33:32
151751375,Friederike,False,2018-07-21 14:40:54,2018-07-21 14:40:54
151860699,Marina,False,2018-12-19 06:38:51,2018-12-19 06:38:51
151865812,Sigbert,True,2017-10-30 16:37:42,2017-10-30 16:37:42
151875878,Juliette,False,2021-06-18 09:59:24,2021-06-18 09:59:24
151876378,Evyonne,False,2017-10-28 09:54:07,2017-10-28 09:54:07
151888238,Fadeih,True,2017-11-14 20:59:17,2017-11-14 20:59:17
151902367,Barbara,False,2017-10-14 20:28:57,2017-10-14 20:28:57
151909278,Eric,False,2017-10-06 13:11:29,2017-10-06 13:11:29
151945185,Pablo,False,2019-05-30 00:27:59,2019-05-30 00:27:59
151987301,Matthias,True,2017-10-03 17:36:15,2017-10-03 17:36:15
151987790,Sharmilaa,False,2021-11-05 15:11:08,2021-11-05 15:11:08
152021828,Sarah,False,2019-05-28 19:23:39,2019-05-28 19:23:39
152038394,Homa,False,2018-02-17 11:01:53,2018-02-17 11:01:53
152043224,Teresa,False,2017-09-24 21:24:53,2017-09-24 21:24:53
152060313,Thomas,False,2021-11-12 01:02:59,2021-11-12 01:02:59
152068633,Philipp,False,2021-11-18 16:32:43,2021-11-18 16:32:43
152089057,Zeff,False,2019-09-05 17:35:33,2019-09-05 17:35:33
152131941,Alexander,False,2021-09-28 18:57:02,2021-09-28 18:57:02
152133936,Jessica,False,2020-07-19 12:24:05,2020-07-19 12:24:05
152139325,Marius,False,2017-09-17 23:23:16,2017-09-17 23:23:16
152172293,Sinali,False,2017-10-27 07:31:20,2017-10-27 07:31:20
152172436,Valya,False,2017-11-25 21:47:24,2017-11-25 21:47:24
152190309,Rosanne,False,2017-10-07 00:41:23,2017-10-07 00:41:23
152197298,Manana,False,2017-10-23 03:39:35,2017-10-23 03:39:35
152414341,Hesham,False,2021-11-19 12:45:44,2021-11-19 12:45:44
152439926,Sofiya,False,2018-07-27 09:01:30,2018-07-27 09:01:30
152562968,Johannes,False,2017-10-01 23:37:33,2017-10-01 23:37:33
152636521,Ourania,False,2021-11-02 05:25:48,2021-11-02 05:25:48
152669366,Angela,False,2018-08-24 00:04:12,2018-08-24 00:04:12
152688610,Leonardo,False,2018-03-19 15:49:47,2018-03-19 15:49:47
152741718,Merlin,False,2019-03-17 21:23:51,2019-03-17 21:23:51
152782015,Christiane,False,2021-10-23 05:56:49,2021-10-23 05:56:49
152834885,Gjorgi,False,2019-08-25 19:36:49,2019-08-25 19:36:49
152843202,Frank,False,2021-10-31 13:51:19,2021-10-31 13:51:19
152957218,Ricarda Céline,False,2018-02-14 20:21:18,2018-02-14 20:21:18
153286671,Frank,False,2017-10-06 10:51:53,2017-10-06 10:51:53
153293311,Daria,False,2019-05-09 10:50:52,2019-05-09 10:50:52
153368326,Akshata,False,2019-02-02 20:29:17,2019-02-02 20:29:17
153496416,Jens Und Stefanie,True,2017-10-25 14:53:52,2017-10-25 14:53:52
153553069,Frida,False,2021-11-09 19:06:34,2021-11-09 19:06:34
153604052,Mostafa,False,2019-07-30 06:22:31,2019-07-30 06:22:31
153613792,Ricardo,False,2019-10-08 22:50:36,2019-10-08 22:50:36
153658211,Yumin,True,2019-08-24 04:58:58,2019-08-24 04:58:58
153717454,Athina,False,2017-10-28 07:55:16,2017-10-28 07:55:16
153723110,Maria,False,2018-01-01 18:18:05,2018-01-01 18:18:05
153745268,Antje,False,2021-10-28 04:28:04,2021-10-28 04:28:04
153776774,Ivo,False,2018-01-21 22:49:53,2018-01-21 22:49:53
153855047,Theresa,False,2017-11-26 18:33:51,2017-11-26 18:33:51
153893002,Lena,False,2021-10-31 10:38:09,2021-10-31 10:38:09
153911309,Silke,False,2017-10-23 15:03:13,2017-10-23 15:03:13
153923983,Alessio (Aisha),False,2017-10-08 15:11:12,2017-10-08 15:11:12
154000683,Viv,False,2021-07-30 11:15:37,2021-07-30 11:15:37
154009154,Miriam,False,2019-02-06 09:12:14,2019-02-06 09:12:14
154010280,Maria,True,2020-01-03 05:15:12,2020-01-03 05:15:12
154028156,Mikail,False,2018-05-01 05:29:22,2018-05-01 05:29:22
154053702,Caro,False,2017-10-21 16:08:24,2017-10-21 16:08:24
154077755,Armin,True,2017-12-23 16:16:33,2017-12-23 16:16:33
154081600,Anna,False,2021-10-05 03:57:26,2021-10-05 03:57:26
154173240,Floor,False,2021-11-05 22:22:17,2021-11-05 22:22:17
154222592,Adam,False,2017-10-17 19:47:11,2017-10-17 19:47:11
154279461,Bang,False,2017-10-26 02:19:22,2017-10-26 02:19:22
154300188,Jette,False,2019-03-29 11:46:36,2019-03-29 11:46:36
154304214,Fadi,False,2021-10-29 04:42:03,2021-10-29 04:42:03
154315544,Anja,False,2017-12-30 23:46:01,2017-12-30 23:46:01
154320149,Nina,False,2019-08-07 22:36:40,2019-08-07 22:36:40
154364163,Gabriel,False,2020-07-26 16:32:08,2020-07-26 16:32:08
154382625,Jürgen,False,2018-07-10 05:27:16,2018-07-10 05:27:16
154388151,Nick,False,2021-11-18 08:35:54,2021-11-18 08:35:54
154444049,Ralph,False,2017-10-05 04:12:46,2017-10-05 04:12:46
154459928,Cla,False,2021-11-17 15:59:36,2021-11-17 15:59:36
154473416,Maycon,True,2018-06-27 19:56:25,2018-06-27 19:56:25
154497701,Erdem,False,2017-10-24 07:43:47,2017-10-24 07:43:47
154549465,Antonia,False,2017-10-13 11:16:31,2017-10-13 11:16:31
154637218,Berlin,False,2021-10-24 10:03:25,2021-10-24 10:03:25
154653929,Stefan,False,2021-11-17 09:05:17,2021-11-17 09:05:17
154840825,Hernan,False,2021-05-23 22:05:26,2021-05-23 22:05:26
154843007,Hanna,False,2017-10-12 23:21:30,2017-10-12 23:21:30
154852945,Kathrin,False,2018-07-01 13:37:55,2018-07-01 13:37:55
154917279,Martin,False,2021-07-17 06:40:37,2021-07-17 06:40:37
154966496,Emilie,False,2019-08-26 12:03:21,2019-08-26 12:03:21
155005411,Milad,False,2017-10-19 08:37:20,2017-10-19 08:37:20
155080787,Dorothée,False,2017-11-25 21:28:45,2017-11-25 21:28:45
155094795,Anke,False,2018-04-29 23:09:05,2018-04-29 23:09:05
155105708,Sören,False,2017-11-28 13:25:50,2017-11-28 13:25:50
155140624,Max,False,2017-10-17 17:54:19,2017-10-17 17:54:19
155181125,Tea,False,2021-10-24 23:24:21,2021-10-24 23:24:21
155186849,Erich,False,2017-11-29 14:55:43,2017-11-29 14:55:43
155205098,Johannes,True,2017-10-31 21:59:05,2017-10-31 21:59:05
155245530,David,False,2018-12-27 18:13:30,2018-12-27 18:13:30
155387306,Jenny,False,2017-10-16 04:30:46,2017-10-16 04:30:46
155406724,Florian,False,2017-10-19 20:44:04,2017-10-19 20:44:04
155419137,Mahmoud,False,2021-08-14 11:17:43,2021-08-14 11:17:43
155705496,Kathrin,False,2020-12-31 21:10:58,2020-12-31 21:10:58
155722828,Long,False,2018-02-20 01:07:18,2018-02-20 01:07:18
155733596,Ilias,False,2017-11-10 03:02:38,2017-11-10 03:02:38
155753831,Ionela,False,2021-11-13 05:00:35,2021-11-13 05:00:35
155786874,Francisco,True,2019-07-07 01:27:59,2019-07-07 01:27:59
155791747,Thekla,True,2019-05-03 12:47:58,2019-05-03 12:47:58
155814934,Karin-Bernd,True,2019-01-31 22:00:01,2019-01-31 22:00:01
155814966,Pietro,False,2020-05-25 12:37:59,2020-05-25 12:37:59
155933640,Sunny,False,2017-10-25 13:54:10,2017-10-25 13:54:10
155937178,Johanna,False,2021-06-14 07:30:14,2021-06-14 07:30:14
156028691,Ronja,False,2019-06-06 20:06:06,2019-06-06 20:06:06
156046558,Anthony,True,2018-09-03 05:39:26,2018-09-03 05:39:26
156048701,Torsten,False,2021-07-01 02:13:04,2021-07-01 02:13:04
156200092,Brigitte Und Uwe,False,2017-11-23 07:43:41,2017-11-23 07:43:41
156200360,Beate,False,2017-11-09 21:59:24,2017-11-09 21:59:24
156213282,Adryan,True,2017-11-03 02:59:37,2017-11-03 02:59:37
156220851,Cristiana,False,2021-06-16 17:32:56,2021-06-16 17:32:56
156222101,Nurettin,False,2017-12-30 08:22:39,2017-12-30 08:22:39
156284295,Max,False,2017-10-20 04:54:46,2017-10-20 04:54:46
156314830,Pedro,True,2017-11-05 01:48:30,2017-11-05 01:48:30
156349618,Martin,False,2017-12-10 21:19:47,2017-12-10 21:19:47
156401628,Nadine,False,2021-10-22 18:08:07,2021-10-22 18:08:07
156412952,Lorenza,True,2019-09-20 03:31:12,2019-09-20 03:31:12
156451506,Penne,False,2021-10-22 07:37:57,2021-10-22 07:37:57
156461453,Sebastian,False,2017-10-15 04:00:17,2017-10-15 04:00:17
156552347,Maria,True,2019-11-19 00:13:37,2019-11-19 00:13:37
156558237,Cristina,False,2020-01-02 19:28:58,2020-01-02 19:28:58
156568725,Lisa,False,2017-10-27 08:17:53,2017-10-27 08:17:53
156580537,Laurette,False,2017-12-17 06:11:39,2017-12-17 06:11:39
156632337,Ulrich,False,2017-11-17 05:17:44,2017-11-17 05:17:44
156659912,Ariane,False,2017-10-23 11:57:47,2017-10-23 11:57:47
156670178,Mahdi,False,2018-12-27 01:12:44,2018-12-27 01:12:44
156674051,Nell,False,2018-03-19 13:26:13,2018-03-19 13:26:13
156712462,Kevin,False,2021-11-06 14:20:18,2021-11-06 14:20:18
156748477,Ori,False,2018-09-09 05:59:39,2018-09-09 05:59:39
156869645,Kijana,False,2020-01-11 22:21:41,2020-01-11 22:21:41
156884055,Alexa,False,2018-08-10 02:26:12,2018-08-10 02:26:12
156908455,Hinrikus,False,2021-11-06 03:53:37,2021-11-06 03:53:37
156936686,Ana,False,2021-11-03 10:28:55,2021-11-03 10:28:55
156988172,Consuelo,False,2018-01-04 09:48:45,2018-01-04 09:48:45
157008851,Karmen,False,2020-01-29 19:58:59,2020-01-29 19:58:59
157018638,Yann,False,2018-01-16 02:59:16,2018-01-16 02:59:16
157031211,Andrea,False,2018-09-04 17:48:51,2018-09-04 17:48:51
157216702,Jose Enrique,False,2021-11-17 23:11:34,2021-11-17 23:11:34
157245700,Iryna,False,2018-05-15 06:08:33,2018-05-15 06:08:33
157253023,Maria,False,2017-12-29 16:37:20,2017-12-29 16:37:20
157294886,Adriano,False,2018-03-27 20:54:28,2018-03-27 20:54:28
157298294,Pascal,False,2019-10-16 03:21:02,2019-10-16 03:21:02
157353641,Nicolas,False,2017-11-23 09:31:21,2017-11-23 09:31:21
157399342,Aylin Nurten,False,2018-05-13 21:21:20,2018-05-13 21:21:20
157493133,Sabrina,False,2018-06-16 10:31:02,2018-06-16 10:31:02
157528531,Marein,False,2017-11-27 21:18:20,2017-11-27 21:18:20
157549462,Robert,False,2021-11-09 21:35:22,2021-11-09 21:35:22
157638980,Eileen,False,2018-07-09 05:45:23,2018-07-09 05:45:23
157644828,Blaire & Anna,True,2018-05-12 15:50:58,2018-05-12 15:50:58
157661456,Lilli,False,2018-08-09 00:47:51,2018-08-09 00:47:51
157669475,Kristina,True,2017-11-16 11:27:44,2017-11-16 11:27:44
157696761,Daniel,False,2021-11-17 02:11:21,2021-11-17 02:11:21
157803047,Darina,False,2021-10-31 23:53:40,2021-10-31 23:53:40
157823346,Damla,False,2017-11-12 01:38:43,2017-11-12 01:38:43
157886841,Ana,False,2021-10-23 03:52:40,2021-10-23 03:52:40
157950551,Ramona,False,2019-12-28 08:56:55,2019-12-28 08:56:55
158014092,Elisa,True,2018-04-24 11:26:45,2018-04-24 11:26:45
158040758,Vany,False,2021-05-16 23:16:17,2021-05-16 23:16:17
158151263,Nicholas,True,2021-04-12 19:12:03,2021-04-12 19:12:03
158204725,Andreas,False,2017-12-08 08:55:12,2017-12-08 08:55:12
158431389,Friedrich,True,2019-01-03 13:42:25,2019-01-03 13:42:25
158460764,Julia,False,2018-07-16 00:55:01,2018-07-16 00:55:01
158469533,Ahmad,False,2018-09-25 20:30:01,2018-09-25 20:30:01
158514558,Ann,False,2018-05-08 08:08:34,2018-05-08 08:08:34
158569916,Vassilios,False,2017-11-16 19:58:13,2017-11-16 19:58:13
158583764,Daniela,True,2018-07-19 15:48:20,2018-07-19 15:48:20
158664044,Jen,False,2017-12-19 15:05:14,2017-12-19 15:05:14
158688230,Alessio,True,2019-07-23 09:03:07,2019-07-23 09:03:07
158798094,Florian,False,2017-12-27 07:02:02,2017-12-27 07:02:02
158804162,Kata,False,2017-11-02 13:26:45,2017-11-02 13:26:45
158876072,Sibille,False,2017-12-02 21:38:25,2017-12-02 21:38:25
158929328,Rebecca,False,2017-12-21 16:46:21,2017-12-21 16:46:21
158959100,Trine,False,2017-11-24 08:34:05,2017-11-24 08:34:05
158982787,Max,False,2018-11-25 08:54:29,2018-11-25 08:54:29
159002202,Bibiana,False,2019-06-27 09:21:02,2019-06-27 09:21:02
159023005,Sebastián,False,2019-12-05 23:14:59,2019-12-05 23:14:59
159054347,Valérie,False,2017-12-22 18:02:39,2017-12-22 18:02:39
159069280,Josephine,False,2021-11-12 18:59:52,2021-11-12 18:59:52
159084133,Holde,False,2021-11-07 03:53:46,2021-11-07 03:53:46
159086267,Jasmin,False,2019-06-20 13:54:57,2019-06-20 13:54:57
159181918,Ele,False,2017-11-25 14:47:01,2017-11-25 14:47:01
159275740,Fritz,True,2020-06-16 06:06:44,2020-06-16 06:06:44
159278372,Julie,False,2017-11-22 17:14:34,2017-11-22 17:14:34
159321901,Mick,False,2017-11-24 20:58:31,2017-11-24 20:58:31
159365432,Ixchel,False,2021-09-04 22:00:35,2021-09-04 22:00:35
159440612,Lion,False,2017-11-22 22:28:13,2017-11-22 22:28:13
159468349,Dennis,False,2021-11-02 16:15:01,2021-11-02 16:15:01
159540062,Maike,False,2018-06-09 12:23:19,2018-06-09 12:23:19
159603007,Steffi,True,2017-12-08 23:27:25,2017-12-08 23:27:25
159609896,Moritz,False,2017-12-26 17:22:59,2017-12-26 17:22:59
159614605,Carlos,False,2021-11-18 17:41:26,2021-11-18 17:41:26
159639261,Alex,False,2021-11-17 07:19:10,2021-11-17 07:19:10
159701548,Marcel,False,2017-12-13 11:41:36,2017-12-13 11:41:36
159831846,Mark,False,2021-11-01 04:30:51,2021-11-01 04:30:51
159842798,Henri,False,2019-02-26 22:36:08,2019-02-26 22:36:08
159890884,Lina Burcu,False,2021-08-20 17:16:05,2021-08-20 17:16:05
159921408,Lilly,False,2018-02-18 21:50:11,2018-02-18 21:50:11
159938913,Irantzu,False,2021-11-03 13:37:14,2021-11-03 13:37:14
159953124,Jordi,False,2018-12-14 03:42:47,2018-12-14 03:42:47
160029799,Luca,False,2021-09-22 14:22:48,2021-09-22 14:22:48
160031705,Amina,False,2021-05-28 04:14:21,2021-05-28 04:14:21
160037121,Jonas,True,2018-02-23 18:52:30,2018-02-23 18:52:30
160045464,Jascha,False,2017-11-24 18:15:53,2017-11-24 18:15:53
160046811,Daniele,False,2017-12-11 06:57:53,2017-12-11 06:57:53
160050727,Carolin,False,2021-10-22 03:57:30,2021-10-22 03:57:30
160057066,Natalia,False,2018-04-22 03:27:22,2018-04-22 03:27:22
160178706,Adasa,False,2018-04-23 11:41:09,2018-04-23 11:41:09
160184461,Mario,False,2017-12-28 08:41:18,2017-12-28 08:41:18
160283585,Sandra,True,2017-12-15 18:14:52,2017-12-15 18:14:52
160296770,Lea,False,2021-11-07 10:01:35,2021-11-07 10:01:35
160338519,Angele,False,2019-02-21 22:04:28,2019-02-21 22:04:28
160397411,Daniel,False,2019-10-26 19:57:54,2019-10-26 19:57:54
160408388,Nils,False,2017-12-16 22:02:46,2017-12-16 22:02:46
160545973,Elke,True,2018-02-07 17:42:39,2018-02-07 17:42:39
160563462,Willi,False,2017-12-27 08:21:24,2017-12-27 08:21:24
160604605,Monika,False,2018-01-13 20:44:22,2018-01-13 20:44:22
160617542,Veronika,True,2018-10-21 13:15:15,2018-10-21 13:15:15
160648874,Salibi,False,2021-07-09 23:27:06,2021-07-09 23:27:06
160821265,Robin,True,2020-08-12 17:00:24,2020-08-12 17:00:24
160823100,GaboTest,False,2021-11-15 08:11:10,2021-11-15 08:11:10
160825827,Hipolito,False,2017-12-20 00:23:35,2017-12-20 00:23:35
160830896,Michele,False,2017-11-23 05:19:41,2017-11-23 05:19:41
160861534,Gabriele,False,2017-12-21 19:33:28,2017-12-21 19:33:28
161005730,YourHost,False,2018-02-14 21:01:04,2018-02-14 21:01:04
161079051,Ben,False,2018-03-23 14:58:00,2018-03-23 14:58:00
161112400,David,False,2017-12-21 12:51:26,2017-12-21 12:51:26
161112787,Wolfram,True,2017-12-26 15:38:17,2017-12-26 15:38:17
161114176,Khloud,False,2021-10-28 00:59:27,2021-10-28 00:59:27
161122393,Maike,False,2018-01-02 15:14:05,2018-01-02 15:14:05
161127590,Christian,False,2021-10-30 08:00:27,2021-10-30 08:00:27
161130903,Tam,False,2018-03-19 04:58:30,2018-03-19 04:58:30
161137873,Anne-Marie,False,2021-10-28 13:15:44,2021-10-28 13:15:44
161209453,Lukas,False,2021-11-04 09:01:33,2021-11-04 09:01:33
161264668,Gabi,False,2017-12-14 03:35:23,2017-12-14 03:35:23
161285882,Can You,False,2017-12-06 20:54:26,2017-12-06 20:54:26
161396202,Norbert,False,2021-11-09 10:40:26,2021-11-09 10:40:26
161409294,Rainer,False,2017-12-15 19:48:55,2017-12-15 19:48:55
161416639,Kwon,False,2017-11-30 23:47:34,2017-11-30 23:47:34
161438581,Dona,True,2019-08-31 13:55:00,2019-08-31 13:55:00
161525311,Petra,True,2017-12-12 02:28:48,2017-12-12 02:28:48
161548920,Eike,False,2018-10-04 08:05:19,2018-10-04 08:05:19
161596791,Louisa,False,2017-12-13 17:38:20,2017-12-13 17:38:20
161676733,Toni,False,2020-01-16 20:23:27,2020-01-16 20:23:27
161686029,Nadine,False,2018-05-24 12:04:59,2018-05-24 12:04:59
161695600,Fabian,False,2019-07-27 10:02:14,2019-07-27 10:02:14
161720863,The Lovers,False,2017-12-07 04:50:37,2017-12-07 04:50:37
161792772,René,True,2018-03-30 04:27:53,2018-03-30 04:27:53
161822094,Liane,False,2021-11-06 19:44:47,2021-11-06 19:44:47
161867560,Isaiah,False,2019-07-22 09:56:05,2019-07-22 09:56:05
161985915,Regine,False,2018-04-02 17:39:10,2018-04-02 17:39:10
162051955,Alina,False,2018-07-03 01:20:26,2018-07-03 01:20:26
162056711,Hussain,False,2017-12-10 05:16:10,2017-12-10 05:16:10
162057242,Dudu,False,2021-11-06 19:19:20,2021-11-06 19:19:20
162067080,Stefan,False,2017-12-31 21:48:49,2017-12-31 21:48:49
162068327,Marie-Christine,False,2018-07-22 15:16:31,2018-07-22 15:16:31
162080060,Sandra,True,2018-01-25 07:34:24,2018-01-25 07:34:24
162204203,Simon,False,2018-09-07 09:52:14,2018-09-07 09:52:14
162206864,Julia,False,2018-03-24 12:35:30,2018-03-24 12:35:30
162208870,Sasi,False,2020-08-14 20:37:53,2020-08-14 20:37:53
162227647,Thorsten,False,2020-02-10 12:06:48,2020-02-10 12:06:48
162242482,Vera,False,2018-01-03 16:03:37,2018-01-03 16:03:37
162258655,Britta,True,2019-02-02 19:16:53,2019-02-02 19:16:53
162261801,Vlad,True,2018-01-14 20:41:51,2018-01-14 20:41:51
162345707,Philipp,False,2018-07-18 01:07:38,2018-07-18 01:07:38
162378065,Gregor,True,2017-12-29 14:59:15,2017-12-29 14:59:15
162385004,Birgit,False,2021-11-13 19:50:17,2021-11-13 19:50:17
162414627,Nina,False,2018-03-09 05:54:25,2018-03-09 05:54:25
162420180,Moritz,False,2021-11-09 13:57:17,2021-11-09 13:57:17
162426994,Jivala,False,2020-09-05 22:35:51,2020-09-05 22:35:51
162561658,Yael,False,2021-03-01 01:42:45,2021-03-01 01:42:45
162615470,Michaela,False,2017-12-23 04:01:07,2017-12-23 04:01:07
162675658,Zinab,False,2020-07-31 08:40:40,2020-07-31 08:40:40
162692461,Mody,False,2019-08-17 22:27:29,2019-08-17 22:27:29
162695630,Marie,False,2021-11-13 08:38:42,2021-11-13 08:38:42
162763923,Maria,False,2021-10-29 11:38:35,2021-10-29 11:38:35
162772598,Anita,False,2019-03-01 12:22:38,2019-03-01 12:22:38
162810506,Waleed,False,2018-03-10 14:35:54,2018-03-10 14:35:54
162818111,Marcel,False,2021-10-28 23:32:56,2021-10-28 23:32:56
162819302,Bianca,True,2021-03-25 01:46:33,2021-03-25 01:46:33
162859639,Minghong,False,2021-11-03 20:16:47,2021-11-03 20:16:47
162915120,Vanessa,False,2021-11-06 14:48:36,2021-11-06 14:48:36
162917359,Tobias,False,2021-10-23 16:52:50,2021-10-23 16:52:50
162926505,Tobias,False,2019-12-25 18:29:24,2019-12-25 18:29:24
162999084,Sophie,False,2017-12-25 00:43:35,2017-12-25 00:43:35
163021657,Timm,False,2020-12-11 09:56:28,2020-12-11 09:56:28
163065208,Susanne,False,2018-01-09 20:28:47,2018-01-09 20:28:47
163128125,Heike,False,2018-07-15 21:56:51,2018-07-15 21:56:51
163138795,Oliver,False,2021-10-24 23:37:22,2021-10-24 23:37:22
163140697,Elena,False,2017-12-19 05:07:18,2017-12-19 05:07:18
163146855,Marvi,True,2017-12-30 05:09:39,2017-12-30 05:09:39
163170467,Jürgen,False,2021-10-28 18:14:06,2021-10-28 18:14:06
163176327,Katrin,False,2018-04-02 01:11:31,2018-04-02 01:11:31
163284016,Dianika,True,2018-12-30 17:14:10,2018-12-30 17:14:10
163292387,Anjuna,False,2018-03-17 22:05:02,2018-03-17 22:05:02
163315280,Polina,False,2020-10-25 08:52:30,2020-10-25 08:52:30
163404075,Bao,False,2018-08-24 12:13:15,2018-08-24 12:13:15
163438825,Rosy,False,2019-06-08 03:29:02,2019-06-08 03:29:02
163447033,Leah,True,2019-02-18 05:23:28,2019-02-18 05:23:28
163465168,Johan,False,2017-12-21 03:31:34,2017-12-21 03:31:34
163545961,Julia,False,2019-12-12 15:36:58,2019-12-12 15:36:58
163575955,Isabell,False,2017-12-30 02:40:48,2017-12-30 02:40:48
163576464,Roman,False,2018-09-25 02:35:37,2018-09-25 02:35:37
163591573,Mark,True,2019-08-17 19:07:15,2019-08-17 19:07:15
163599131,Keti,False,2019-03-11 02:00:41,2019-03-11 02:00:41
163610382,Yuri,True,2018-01-01 17:28:33,2018-01-01 17:28:33
163721406,Ingo,False,2018-02-06 05:17:00,2018-02-06 05:17:00
163829916,Hannah,True,2018-08-13 13:59:10,2018-08-13 13:59:10
164011333,Giovanni Christopher,False,2017-12-23 11:46:41,2017-12-23 11:46:41
164318684,Katharina,False,2021-06-14 06:55:48,2021-06-14 06:55:48
164350638,Chihab,False,2018-07-25 21:17:51,2018-07-25 21:17:51
164600208,Marlene,True,2018-04-23 05:39:01,2018-04-23 05:39:01
164656783,Flo,False,2017-12-29 15:29:30,2017-12-29 15:29:30
164771882,Sylvie,False,2018-02-02 09:30:17,2018-02-02 09:30:17
164836433,Luise,False,2021-10-24 00:34:16,2021-10-24 00:34:16
164973968,Amira,False,2021-11-01 20:27:19,2021-11-01 20:27:19
164991512,Manuela,False,2018-01-04 10:42:54,2018-01-04 10:42:54
164998040,Martin Und Tobias,False,2017-12-30 15:01:51,2017-12-30 15:01:51
165077669,Waltraud,True,2018-02-26 23:33:45,2018-02-26 23:33:45
165078522,Alain,False,2021-10-29 20:13:06,2021-10-29 20:13:06
165214661,Manuel,True,2019-05-14 15:56:06,2019-05-14 15:56:06
165343699,Svetlozar,False,2018-02-01 09:24:52,2018-02-01 09:24:52
165403641,Alexis,True,2018-01-11 11:07:38,2018-01-11 11:07:38
165484955,Eltayeb,False,2018-01-19 07:19:10,2018-01-19 07:19:10
165556924,Richard,False,2021-10-27 15:23:54,2021-10-27 15:23:54
165564915,Joanna,False,2016-05-06 02:09:55,2016-05-06 02:09:55
165605158,Maximiliane,False,2021-10-28 15:24:40,2021-10-28 15:24:40
165653177,Adem,False,2018-08-19 10:48:50,2018-08-19 10:48:50
165680691,Bilal,False,2021-11-03 16:28:49,2021-11-03 16:28:49
165761192,Burghardt,True,2018-01-02 11:34:42,2018-01-02 11:34:42
165920991,Mica,False,2019-11-18 00:53:42,2019-11-18 00:53:42
165950424,Levke,True,2019-05-18 07:39:21,2019-05-18 07:39:21
165957726,Khadija,False,2019-02-01 15:52:04,2019-02-01 15:52:04
165957729,Jannick,False,2021-11-19 19:56:52,2021-11-19 19:56:52
165971458,Stella,False,2020-09-30 12:37:59,2020-09-30 12:37:59
166052942,Bianka,True,2018-07-08 06:02:00,2018-07-08 06:02:00
166072891,Mimoo,False,2019-10-10 07:01:15,2019-10-10 07:01:15
166142538,Juliette,False,2018-09-30 13:18:24,2018-09-30 13:18:24
166146439,Tatjana,False,2018-01-02 13:20:51,2018-01-02 13:20:51
166163729,Sinja,False,2021-11-02 18:04:01,2021-11-02 18:04:01
166176451,Marion,True,2018-05-16 16:25:02,2018-05-16 16:25:02
166227698,Joakin,False,2021-11-14 03:56:50,2021-11-14 03:56:50
166241825,Roberto,False,2021-11-01 19:28:38,2021-11-01 19:28:38
166423400,Gvantsa,False,2021-11-15 17:33:45,2021-11-15 17:33:45
166622859,Sophia,False,2021-10-28 03:22:58,2021-10-28 03:22:58
166631548,Tanja,True,2018-02-09 23:03:45,2018-02-09 23:03:45
166649679,Henning,False,2021-11-06 00:00:05,2021-11-06 00:00:05
166731323,Anne,False,2020-05-23 09:53:16,2020-05-23 09:53:16
166769669,Sindy,True,2019-12-30 20:44:44,2019-12-30 20:44:44
166935464,Ulli,False,2019-10-03 15:10:50,2019-10-03 15:10:50
167067226,Magali,False,2018-05-18 21:34:23,2018-05-18 21:34:23
167202681,Raafat,False,2018-01-27 13:06:22,2018-01-27 13:06:22
167319423,Jens,False,2018-07-11 15:51:52,2018-07-11 15:51:52
167377690,Eli,False,2018-02-06 06:51:52,2018-02-06 06:51:52
167410436,Eileen,False,2021-10-30 02:01:32,2021-10-30 02:01:32
167483294,Susanna,False,2018-07-18 03:02:30,2018-07-18 03:02:30
167508259,Rafael,False,2021-10-27 08:08:24,2021-10-27 08:08:24
167515393,Paul,False,2018-04-01 19:08:23,2018-04-01 19:08:23
167534450,Gloria,False,2018-08-14 14:32:30,2018-08-14 14:32:30
167572635,Pablo,False,2019-10-08 04:16:20,2019-10-08 04:16:20
167652613,Hotel Tiergarten Berlin,False,2020-02-25 13:15:16,2020-02-25 13:15:16
167661838,Dirk,True,2018-03-14 13:52:35,2018-03-14 13:52:35
167679954,Anna-Lena,False,2018-01-20 12:52:22,2018-01-20 12:52:22
167778488,Ser,False,2021-10-24 08:57:14,2021-10-24 08:57:14
167862035,Louis,False,2018-01-19 12:44:57,2018-01-19 12:44:57
167881332,Eugen,False,2018-01-14 08:22:23,2018-01-14 08:22:23
167904555,Franz,False,2021-11-03 15:16:21,2021-11-03 15:16:21
167933970,Clara,False,2018-01-05 14:17:44,2018-01-05 14:17:44
167958949,Leonhard,False,2018-02-14 13:49:01,2018-02-14 13:49:01
167989119,Tatjana,False,2018-02-06 05:10:51,2018-02-06 05:10:51
168004874,Tom,True,2018-04-22 14:36:12,2018-04-22 14:36:12
168102966,Emma,False,2018-01-10 06:24:21,2018-01-10 06:24:21
168111723,喆,False,2018-08-25 23:16:44,2018-08-25 23:16:44
168128415,Erman,False,2018-01-15 03:15:03,2018-01-15 03:15:03
168167047,Jasmin,False,2018-03-05 15:34:04,2018-03-05 15:34:04
168176867,Peter,False,2018-02-01 09:53:26,2018-02-01 09:53:26
168290064,Tina,True,2018-02-03 21:31:29,2018-02-03 21:31:29
168337022,Karim,False,2019-06-12 13:50:54,2019-06-12 13:50:54
168484420,Jana,False,2018-05-02 03:51:04,2018-05-02 03:51:04
168667550,Birgit,False,2021-10-24 05:03:26,2021-10-24 05:03:26
168680858,Elisabeth,False,2018-07-06 18:15:03,2018-07-06 18:15:03
168690459,Marlon,False,2021-11-12 14:24:08,2021-11-12 14:24:08
168743858,Valeria,False,2019-03-11 04:33:30,2019-03-11 04:33:30
168852264,Kati,False,2020-04-23 17:46:17,2020-04-23 17:46:17
168953934,Samantha,False,2019-01-07 14:23:57,2019-01-07 14:23:57
169080434,Benny,False,2021-11-08 22:22:20,2021-11-08 22:22:20
169111035,Natalie,False,2018-09-26 07:40:48,2018-09-26 07:40:48
169248909,Louis,False,2021-11-03 02:56:06,2021-11-03 02:56:06
169274328,Ole,False,2021-05-30 11:38:13,2021-05-30 11:38:13
169284713,Till,False,2019-05-24 04:50:24,2019-05-24 04:50:24
169301923,Gili,False,2018-06-12 16:35:23,2018-06-12 16:35:23
169377845,Brigitte,False,2018-04-12 04:01:08,2018-04-12 04:01:08
169450739,Elena,False,2018-01-19 23:45:00,2018-01-19 23:45:00
169541670,Michael,False,2018-05-05 06:36:17,2018-05-05 06:36:17
169653605,Christian,False,2018-01-26 03:26:40,2018-01-26 03:26:40
169706663,Jerry,False,2020-01-11 12:26:54,2020-01-11 12:26:54
169709556,Mara,False,2018-02-12 15:09:08,2018-02-12 15:09:08
169711882,Rainer,False,2018-03-26 15:15:35,2018-03-26 15:15:35
169823261,Laetitia,False,2018-02-07 02:26:07,2018-02-07 02:26:07
169863788,Walentin,False,2018-02-06 03:42:33,2018-02-06 03:42:33
169885897,Lennart,False,2018-02-02 16:51:27,2018-02-02 16:51:27
169928862,Glückskind,True,2018-11-10 08:24:54,2018-11-10 08:24:54
169998526,Tobias,True,2018-07-25 12:38:24,2018-07-25 12:38:24
170150366,Tural,False,2021-11-04 11:22:15,2021-11-04 11:22:15
170150638,Ines,False,2021-11-13 21:16:54,2021-11-13 21:16:54
170153654,Paula,False,2021-11-14 16:49:12,2021-11-14 16:49:12
170212497,Simon,False,2018-09-17 04:09:55,2018-09-17 04:09:55
170258663,Oliver,True,2019-04-18 07:58:37,2019-04-18 07:58:37
170533141,Maximilian,False,2018-02-05 04:09:44,2018-02-05 04:09:44
170587432,Sebastian,True,2018-03-17 17:26:11,2018-03-17 17:26:11
170600789,Mariana,False,2019-08-30 07:17:35,2019-08-30 07:17:35
170691547,Andrea,False,2019-12-25 04:04:56,2019-12-25 04:04:56
170741752,Taner,False,2018-03-29 15:34:50,2018-03-29 15:34:50
170783254,Frank,False,2018-01-25 20:47:18,2018-01-25 20:47:18
170805616,Thien,False,2018-02-09 09:54:52,2018-02-09 09:54:52
170933809,Joana,False,2018-03-30 02:09:00,2018-03-30 02:09:00
171245106,Andrej,False,2021-09-12 08:18:03,2021-09-12 08:18:03
171252135,Marina,False,2021-08-12 15:30:09,2021-08-12 15:30:09
171261181,Stephan,True,2018-04-19 17:20:53,2018-04-19 17:20:53
171343957,Yves,True,2018-02-03 01:46:30,2018-02-03 01:46:30
171399240,Till,False,2018-01-29 01:21:06,2018-01-29 01:21:06
171527631,Cristian,False,2019-07-29 05:53:13,2019-07-29 05:53:13
171550103,Dina,True,2018-06-28 10:29:23,2018-06-28 10:29:23
171592674,Joao,False,2021-11-11 03:01:35,2021-11-11 03:01:35
171592903,Margarita,False,2021-10-29 22:51:16,2021-10-29 22:51:16
171602108,Federica,False,2021-07-07 02:20:10,2021-07-07 02:20:10
171606176,Christian,False,2018-02-26 02:54:56,2018-02-26 02:54:56
171608711,Monika,False,2018-05-10 16:28:27,2018-05-10 16:28:27
171680617,Igor,True,2019-06-02 16:51:23,2019-06-02 16:51:23
171752792,Thorsten,False,2019-08-30 14:52:36,2019-08-30 14:52:36
171777167,Cristóbal,False,2021-10-22 13:24:11,2021-10-22 13:24:11
171811733,Lina,False,2018-10-27 15:35:58,2018-10-27 15:35:58
171832891,Daniel,False,2018-03-03 03:59:54,2018-03-03 03:59:54
171863224,Mandy,True,2019-05-21 10:18:41,2019-05-21 10:18:41
171967212,Firas,False,2019-11-18 22:03:37,2019-11-18 22:03:37
171988699,Ole,False,2018-03-03 07:12:37,2018-03-03 07:12:37
172027240,Fanny,False,2021-11-14 12:05:45,2021-11-14 12:05:45
172043505,Dana,False,2021-10-26 13:54:27,2021-10-26 13:54:27
172106212,Janine,True,2020-02-03 21:26:18,2020-02-03 21:26:18
172114632,Lucian,False,2019-09-16 10:18:25,2019-09-16 10:18:25
172232819,Holiday 33,False,2018-02-22 14:33:23,2018-02-22 14:33:23
172288392,Monika,False,2021-10-28 14:38:20,2021-10-28 14:38:20
172306339,Francesca,True,2019-08-30 14:53:04,2019-08-30 14:53:04
172452402,Philipp,False,2018-06-27 10:41:31,2018-06-27 10:41:31
172458650,Eric,False,2021-10-25 07:33:41,2021-10-25 07:33:41
172469771,Zeynep,False,2019-02-24 08:41:44,2019-02-24 08:41:44
172542810,Lazar,False,2021-11-03 10:10:08,2021-11-03 10:10:08
172621762,Theresa,True,2018-02-11 05:39:05,2018-02-11 05:39:05
172630815,Li-An,False,2018-02-27 13:40:02,2018-02-27 13:40:02
172690444,M,False,2018-02-22 23:21:46,2018-02-22 23:21:46
172700050,Frank,False,2019-08-26 06:13:07,2019-08-26 06:13:07
172776577,Tom,False,2018-02-07 22:40:27,2018-02-07 22:40:27
172802977,Fallahi,False,2020-02-17 20:50:06,2020-02-17 20:50:06
172803916,Arne,False,2018-06-16 08:33:56,2018-06-16 08:33:56
172813406,Petra,False,2018-05-15 00:57:45,2018-05-15 00:57:45
172892930,Rached,False,2021-11-07 00:53:16,2021-11-07 00:53:16
172960119,Hannes,False,2018-02-12 02:45:31,2018-02-12 02:45:31
172967041,Dorina,False,2018-02-06 00:54:56,2018-02-06 00:54:56
172996111,Lesley,False,2018-03-27 06:14:07,2018-03-27 06:14:07
173179141,Sandra,False,2018-03-09 12:39:16,2018-03-09 12:39:16
173208768,Natalie,False,2018-02-23 16:05:29,2018-02-23 16:05:29
173230432,Alex,False,2017-03-11 16:07:55,2017-03-11 16:07:55
173473002,Johannes,False,2019-07-25 08:33:25,2019-07-25 08:33:25
173604722,Daniel,False,2021-11-10 23:03:21,2021-11-10 23:03:21
173606747,Juliane,False,2021-10-23 02:33:33,2021-10-23 02:33:33
173692390,Sibo,False,2018-08-22 07:46:37,2018-08-22 07:46:37
173799763,Tahelah,False,2018-03-15 13:31:23,2018-03-15 13:31:23
173922802,Daniel,False,2019-08-09 16:30:10,2019-08-09 16:30:10
173931235,Mira,False,2018-02-22 16:34:52,2018-02-22 16:34:52
173995100,Nadine,False,2019-10-10 06:04:13,2019-10-10 06:04:13
174038835,Dainaly,False,2020-09-24 02:54:31,2020-09-24 02:54:31
174047870,Edouard,False,2018-02-16 21:24:50,2018-02-16 21:24:50
174136994,Hanna,False,2018-02-28 07:17:34,2018-02-28 07:17:34
174145915,Irina,False,2021-10-22 00:33:42,2021-10-22 00:33:42
174151392,Fabian,False,2020-07-03 05:47:15,2020-07-03 05:47:15
174157905,Adrian,False,2018-03-04 20:44:33,2018-03-04 20:44:33
174214846,Lina,False,2021-10-27 01:51:21,2021-10-27 01:51:21
174231951,Chris,False,2018-02-09 23:44:16,2018-02-09 23:44:16
174254113,Anna,False,2018-02-23 05:04:01,2018-02-23 05:04:01
174320959,Eliana,False,2018-02-27 03:51:38,2018-02-27 03:51:38
174335327,Lorena,False,2019-04-07 13:48:01,2019-04-07 13:48:01
174343869,Marcela,False,2018-06-06 18:13:48,2018-06-06 18:13:48
174364538,Lena,False,2019-10-23 07:19:25,2019-10-23 07:19:25
174524863,Victoria,False,2019-12-01 10:19:16,2019-12-01 10:19:16
174559909,Mohit,False,2019-10-27 13:55:25,2019-10-27 13:55:25
174580619,Lucas,False,2018-02-24 22:03:37,2018-02-24 22:03:37
174608579,Elena,False,2019-03-05 23:48:21,2019-03-05 23:48:21
174614591,Don,False,2018-04-20 22:57:02,2018-04-20 22:57:02
174625090,Elias,False,2018-09-06 11:37:15,2018-09-06 11:37:15
174725147,Sarah,False,2019-12-17 07:10:04,2019-12-17 07:10:04
174735694,Luciana,False,2021-11-18 09:32:25,2021-11-18 09:32:25
174779362,Katerina,False,2018-04-12 01:28:15,2018-04-12 01:28:15
174787262,Ivan,False,2018-02-14 07:11:22,2018-02-14 07:11:22
174923505,Margit,False,2018-03-16 22:05:46,2018-03-16 22:05:46
175081501,Marika,False,2018-05-15 19:00:39,2018-05-15 19:00:39
175239213,Andre,True,2018-03-07 07:35:24,2018-03-07 07:35:24
175288764,Marlene,False,2020-02-13 07:01:59,2020-02-13 07:01:59
175396263,Simon,False,2021-09-19 22:30:09,2021-09-19 22:30:09
175590325,Reiner,False,2018-03-18 04:21:18,2018-03-18 04:21:18
175598863,Manuela Und Armin,True,2018-04-26 12:03:01,2018-04-26 12:03:01
175619053,David,False,2018-09-23 14:43:13,2018-09-23 14:43:13
175654535,Miao,False,2019-12-28 07:40:50,2019-12-28 07:40:50
175697475,Vilma,False,2021-07-01 01:24:51,2021-07-01 01:24:51
175804467,Randolf,False,2021-11-14 04:42:29,2021-11-14 04:42:29
175839244,Limehome,False,2021-10-26 23:43:43,2021-10-26 23:43:43
175851365,Conny,False,2018-02-26 09:27:38,2018-02-26 09:27:38
175865207,Thilo,False,2018-04-07 09:30:59,2018-04-07 09:30:59
175890096,Cathy,False,2018-10-04 22:07:31,2018-10-04 22:07:31
175980680,Hans,False,2019-12-29 09:36:04,2019-12-29 09:36:04
176045432,Nathan,False,2018-04-07 21:49:26,2018-04-07 21:49:26
176209179,Nina,False,2021-10-23 18:04:11,2021-10-23 18:04:11
176227957,Raphael,False,2018-06-02 06:04:43,2018-06-02 06:04:43
176320361,Elisa,False,2018-03-22 22:39:05,2018-03-22 22:39:05
176351085,Katja,False,2021-10-31 17:42:11,2021-10-31 17:42:11
176358665,Frau,False,2018-02-26 19:25:34,2018-02-26 19:25:34
176517429,Jay P,True,2018-02-25 16:32:08,2018-02-25 16:32:08
176541683,Jonas,True,2021-03-27 00:55:10,2021-03-27 00:55:10
176603885,Annica,False,2018-03-08 15:15:31,2018-03-08 15:15:31
176750828,Jürgen,False,2018-02-28 04:12:12,2018-02-28 04:12:12
176756838,Jayne,False,2018-03-15 14:12:21,2018-03-15 14:12:21
177013169,Simon,True,2018-05-31 03:05:47,2018-05-31 03:05:47
177035379,Adil,True,2020-09-18 12:38:16,2020-09-18 12:38:16
177093394,Sören,True,2018-04-26 08:30:21,2018-04-26 08:30:21
177166073,Naza,False,2018-03-04 16:22:41,2018-03-04 16:22:41
177201738,Leo,True,2019-07-18 00:20:19,2019-07-18 00:20:19
177285014,Margritt,False,2021-11-09 18:01:34,2021-11-09 18:01:34
177318290,Celly,True,2018-03-31 14:48:46,2018-03-31 14:48:46
177332633,Mohamed Ali,False,2021-10-25 14:25:40,2021-10-25 14:25:40
177461515,Juliane,False,2018-04-16 08:45:20,2018-04-16 08:45:20
177489771,Niklas,False,2018-05-26 06:04:08,2018-05-26 06:04:08
177537291,Johannes,False,2018-12-21 19:21:11,2018-12-21 19:21:11
177597446,Yvonne,False,2021-11-15 04:50:27,2021-11-15 04:50:27
177617514,Negar,False,2018-02-23 11:07:27,2018-02-23 11:07:27
177619318,Arabel Design Apartments,False,2018-05-25 06:15:48,2018-05-25 06:15:48
177664569,Hendrik,False,2018-03-18 21:25:05,2018-03-18 21:25:05
177686693,Heiko,False,2019-05-03 06:19:11,2019-05-03 06:19:11
177712443,Amarjot,False,2019-04-14 04:16:01,2019-04-14 04:16:01
177712632,Sandra,False,2021-07-26 09:56:46,2021-07-26 09:56:46
177714942,David,False,2018-04-13 01:27:24,2018-04-13 01:27:24
177812342,Daniela,False,2021-10-21 02:50:54,2021-10-21 02:50:54
177856363,Detlef,True,2019-07-17 08:30:49,2019-07-17 08:30:49
177895808,Antonia,False,2020-08-17 09:42:51,2020-08-17 09:42:51
177911536,Berno,True,2018-04-07 13:42:13,2018-04-07 13:42:13
177977343,Vincent,False,2019-03-31 10:11:20,2019-03-31 10:11:20
178037042,Ina,False,2019-10-19 07:23:21,2019-10-19 07:23:21
178178558,Davina,False,2018-03-27 05:53:40,2018-03-27 05:53:40
178188974,Matias,False,2019-11-11 01:02:33,2019-11-11 01:02:33
178292287,Lucie,False,2018-03-30 22:18:05,2018-03-30 22:18:05
178375349,Thomas,False,2018-03-13 06:52:03,2018-03-13 06:52:03
178416136,Hernan,False,2021-02-01 12:53:43,2021-02-01 12:53:43
178419234,Madeleine,False,2021-09-07 02:13:29,2021-09-07 02:13:29
178437258,Samuel,False,2018-05-04 09:25:03,2018-05-04 09:25:03
178514024,Sukru,False,2021-11-17 14:41:15,2021-11-17 14:41:15
178567571,John,False,2018-04-15 17:44:23,2018-04-15 17:44:23
178659459,Tim & Matthias,True,2020-11-25 07:11:09,2020-11-25 07:11:09
178663411,Kim,True,2021-07-10 14:15:45,2021-07-10 14:15:45
178669173,Malen,False,2018-03-19 04:13:26,2018-03-19 04:13:26
178775825,Gösta,False,2018-12-13 04:13:59,2018-12-13 04:13:59
178784913,Ocak Apart & Hotel,False,2020-07-17 09:46:53,2020-07-17 09:46:53
178970031,Emanuel,False,2018-03-24 11:23:14,2018-03-24 11:23:14
178978691,Maria,False,2019-08-09 00:01:14,2019-08-09 00:01:14
178995407,Francisco,False,2021-07-19 05:40:37,2021-07-19 05:40:37
179126204,Elizabeth,False,2019-04-29 15:53:00,2019-04-29 15:53:00
179131157,Billie & Munja,False,2018-06-26 16:50:44,2018-06-26 16:50:44
179169845,Andy,True,2018-03-31 04:39:48,2018-03-31 04:39:48
179179070,Jana,False,2018-05-24 14:20:59,2018-05-24 14:20:59
179181774,Javier,False,2018-03-19 14:09:08,2018-03-19 14:09:08
179421660,Iryna,False,2018-04-24 07:48:15,2018-04-24 07:48:15
179514965,Kristian,False,2021-11-11 13:18:48,2021-11-11 13:18:48
179743787,Hotel,False,2021-10-31 23:07:14,2021-10-31 23:07:14
179857269,Jonas,False,2018-09-06 01:16:30,2018-09-06 01:16:30
179968133,Alina,False,2021-10-26 15:17:40,2021-10-26 15:17:40
180004024,Marlene,False,2018-04-29 14:21:44,2018-04-29 14:21:44
180025652,Patrick,False,2020-02-19 22:10:52,2020-02-19 22:10:52
180081155,Anna-Lena,False,2018-07-20 12:04:52,2018-07-20 12:04:52
180136626,Christine,True,2020-12-26 13:11:19,2020-12-26 13:11:19
180183241,Carla,False,2021-05-05 13:43:45,2021-05-05 13:43:45
180242594,Antonin,False,2018-11-02 16:11:58,2018-11-02 16:11:58
180265434,Helena,False,2018-08-04 23:21:33,2018-08-04 23:21:33
180508243,Friederike,True,2019-10-04 17:42:23,2019-10-04 17:42:23
180538642,Sara,False,2018-03-21 15:32:29,2018-03-21 15:32:29
180542608,Fotios,False,2018-06-18 22:41:38,2018-06-18 22:41:38
180629090,Malte Und Sarah,False,2018-04-10 04:30:02,2018-04-10 04:30:02
180638720,Gisela,False,2020-01-20 12:21:08,2020-01-20 12:21:08
180700472,Christian,False,2021-10-21 21:04:52,2021-10-21 21:04:52
180704002,Johanna,False,2018-07-08 09:02:11,2018-07-08 09:02:11
180742497,Suzanna,False,2018-04-10 23:32:18,2018-04-10 23:32:18
180758665,Magnus,True,2018-04-28 16:33:37,2018-04-28 16:33:37
180824064,Philipp,False,2019-08-29 07:10:30,2019-08-29 07:10:30
180839425,Jürgen,False,2021-10-24 00:30:39,2021-10-24 00:30:39
180850168,Keyhan,False,2018-04-10 06:36:22,2018-04-10 06:36:22
180902435,Stefano,False,2018-04-07 21:11:41,2018-04-07 21:11:41
180902499,Rasmus,False,2018-05-31 07:42:51,2018-05-31 07:42:51
180959066,Daniel,False,2018-03-23 11:00:01,2018-03-23 11:00:01
181062162,Thomas,False,2021-10-25 21:31:58,2021-10-25 21:31:58
181065930,Martin,False,2018-06-08 05:07:45,2018-06-08 05:07:45
181182518,Patrick,False,2019-05-31 08:27:35,2019-05-31 08:27:35
181233581,Angel,False,2021-10-30 13:10:46,2021-10-30 13:10:46
181322527,Daniel,False,2019-06-23 17:11:55,2019-06-23 17:11:55
181441777,Freiraum Hostel,False,2021-08-08 22:14:55,2021-08-08 22:14:55
181478192,Icardo,False,2018-04-18 22:19:34,2018-04-18 22:19:34
181499374,Desiree,False,2020-06-14 22:04:32,2020-06-14 22:04:32
181570040,Bjoern,False,2021-11-04 22:12:43,2021-11-04 22:12:43
181605315,Mathilde,False,2018-06-03 21:15:17,2018-06-03 21:15:17
181657115,Niclas,False,2020-01-27 09:11:59,2020-01-27 09:11:59
181672745,Robin,False,2019-01-22 05:52:11,2019-01-22 05:52:11
181678549,Katja,False,2019-08-03 10:00:46,2019-08-03 10:00:46
181742117,Piergiorgio,True,2018-11-15 16:21:51,2018-11-15 16:21:51
181796151,Billie Bonita,False,2020-07-13 21:13:37,2020-07-13 21:13:37
181934749,Svenja,True,2018-09-11 06:03:23,2018-09-11 06:03:23
181955613,Melanie,False,2018-05-19 07:55:19,2018-05-19 07:55:19
181970874,Paul,False,2021-10-31 12:27:52,2021-10-31 12:27:52
182032984,Ronja,False,2018-03-30 13:08:27,2018-03-30 13:08:27
182047663,Katharina,False,2018-04-16 15:38:20,2018-04-16 15:38:20
182263499,Martin,False,2021-11-17 03:32:03,2021-11-17 03:32:03
182284017,Manuel,False,2021-09-21 20:53:34,2021-09-21 20:53:34
182361724,Bianca,False,2018-12-21 10:17:17,2018-12-21 10:17:17
182364115,Sigrid,False,2018-06-09 02:32:31,2018-06-09 02:32:31
182435004,Anna-Lena,False,2018-04-26 15:18:50,2018-04-26 15:18:50
182558424,Favorent,False,2020-07-19 13:02:35,2020-07-19 13:02:35
182658486,Caline,False,2020-08-24 04:36:50,2020-08-24 04:36:50
182673326,Ronja,False,2018-04-21 07:10:42,2018-04-21 07:10:42
182731111,Laura,False,2018-11-12 18:53:53,2018-11-12 18:53:53
182733064,Clara,False,2018-04-12 06:12:13,2018-04-12 06:12:13
182761408,Talia,False,2021-04-02 22:52:33,2021-04-02 22:52:33
183055767,Udo,False,2018-04-07 15:15:56,2018-04-07 15:15:56
183067961,Roland,False,2018-09-27 10:56:39,2018-09-27 10:56:39
183248794,Leni,False,2018-04-16 15:30:43,2018-04-16 15:30:43
183268840,Chandra,False,2018-04-03 21:06:21,2018-04-03 21:06:21
183281679,Mira,False,2021-08-11 19:40:23,2021-08-11 19:40:23
183372921,Franz,True,2018-10-04 20:30:30,2018-10-04 20:30:30
183409490,Fariba,False,2019-02-24 08:56:44,2019-02-24 08:56:44
183533424,Björn,False,2021-10-30 22:44:06,2021-10-30 22:44:06
183548929,Iljana,False,2018-04-13 09:56:15,2018-04-13 09:56:15
183670795,Kathrin,True,2018-08-07 11:51:28,2018-08-07 11:51:28
183729511,Philipp,False,2021-11-19 06:36:17,2021-11-19 06:36:17
183762354,Liz,False,2021-11-03 05:23:44,2021-11-03 05:23:44
183876576,Viktor,False,2021-10-23 21:50:16,2021-10-23 21:50:16
183881123,Deborah,False,2018-07-14 22:33:50,2018-07-14 22:33:50
183902279,Dave & Lee,False,2018-04-26 18:52:12,2018-04-26 18:52:12
183938400,Karin,False,2018-07-18 15:32:03,2018-07-18 15:32:03
184337505,Konstantin,False,2018-07-03 13:07:01,2018-07-03 13:07:01
184472573,Yagmur,False,2019-07-24 02:59:37,2019-07-24 02:59:37
184599590,Carina,False,2021-11-03 23:50:00,2021-11-03 23:50:00
184636927,Ingo,False,2021-01-17 19:28:16,2021-01-17 19:28:16
184661493,Rina Neg,False,2021-11-19 21:04:26,2021-11-19 21:04:26
184779561,Anastasia,False,2018-04-30 14:31:34,2018-04-30 14:31:34
184819156,Hendrika,False,2021-11-09 23:58:23,2021-11-09 23:58:23
184983126,Nico,False,2018-06-30 12:35:27,2018-06-30 12:35:27
185052454,А,False,2019-05-11 08:34:15,2019-05-11 08:34:15
185104416,Marc,False,2018-05-06 19:20:17,2018-05-06 19:20:17
185127873,Angela,False,2021-11-19 08:03:37,2021-11-19 08:03:37
185130665,Ketki,False,2019-11-19 20:02:03,2019-11-19 20:02:03
185131977,Ligia-And-Tim,False,2021-11-09 12:02:26,2021-11-09 12:02:26
185331428,Charlotte,False,2019-09-04 04:16:42,2019-09-04 04:16:42
185462358,Jorro,False,2021-11-02 04:30:46,2021-11-02 04:30:46
185478541,Anoosh,False,2018-04-30 19:24:28,2018-04-30 19:24:28
185493774,Smadar,False,2018-07-27 03:34:23,2018-07-27 03:34:23
185679076,Anne,False,2018-04-26 10:08:41,2018-04-26 10:08:41
185705260,Isabelle,True,2018-05-10 06:36:42,2018-05-10 06:36:42
185803969,Annabell,False,2018-05-08 03:53:05,2018-05-08 03:53:05
185914276,Ana,False,2021-11-14 05:48:53,2021-11-14 05:48:53
186089671,René,False,2021-07-14 19:52:42,2021-07-14 19:52:42
186123207,Hannah,False,2018-06-28 16:09:28,2018-06-28 16:09:28
186208208,Elena,True,2020-02-06 04:12:41,2020-02-06 04:12:41
186399123,Markus,False,2018-04-23 18:34:05,2018-04-23 18:34:05
186460740,Gia,False,2019-07-27 17:53:41,2019-07-27 17:53:41
186487369,Artpimp,False,2018-10-18 16:32:26,2018-10-18 16:32:26
186559720,Cornelius,False,2019-05-03 10:49:06,2019-05-03 10:49:06
186634753,Flo,False,2018-08-29 01:20:18,2018-08-29 01:20:18
186725484,Layal,False,2019-07-02 15:24:14,2019-07-02 15:24:14
186772971,Dorothea,True,2018-05-15 15:37:25,2018-05-15 15:37:25
186902057,Osam,False,2018-05-02 12:27:05,2018-05-02 12:27:05
187045688,Lisa,True,2018-04-30 01:46:09,2018-04-30 01:46:09
187073406,Carlotta,False,2019-02-25 23:13:33,2019-02-25 23:13:33
187078477,Roni,False,2021-10-25 16:33:25,2021-10-25 16:33:25
187082499,Delio,False,2018-10-01 15:20:27,2018-10-01 15:20:27
187158536,Violanta & Alex,False,2018-05-07 00:14:29,2018-05-07 00:14:29
187222745,Maria,True,2019-08-26 16:05:43,2019-08-26 16:05:43
187264790,Bianca,False,2018-06-03 12:14:28,2018-06-03 12:14:28
187269518,Hussam,False,2018-06-03 15:38:31,2018-06-03 15:38:31
187437981,Carola,True,2018-05-22 08:04:43,2018-05-22 08:04:43
187451083,Jan,False,2019-01-01 17:16:06,2019-01-01 17:16:06
187465369,Tom,False,2018-04-29 09:42:01,2018-04-29 09:42:01
187653504,Ralf,False,2018-07-17 00:38:16,2018-07-17 00:38:16
187655517,TWO Hotel Berlin By Axel - Adults,False,2018-07-03 02:17:55,2018-07-03 02:17:55
187676894,Aisha,True,2018-06-26 06:39:48,2018-06-26 06:39:48
187700760,Alex,False,2018-05-29 10:19:49,2018-05-29 10:19:49
187861873,Sultani,False,2018-05-24 08:13:41,2018-05-24 08:13:41
187865272,Caroline,False,2018-04-29 02:22:50,2018-04-29 02:22:50
187987885,Alexandra,False,2018-07-06 01:44:29,2018-07-06 01:44:29
188299537,Francesco,False,2018-05-18 14:04:02,2018-05-18 14:04:02
188309571,Tim,False,2018-08-07 16:40:38,2018-08-07 16:40:38
188345028,Ella,False,2021-11-16 20:11:37,2021-11-16 20:11:37
188371179,Ashka,False,2021-06-10 13:22:14,2021-06-10 13:22:14
188372797,Sabine,True,2019-01-11 07:37:19,2019-01-11 07:37:19
188449250,Kathrin,False,2018-05-17 23:53:59,2018-05-17 23:53:59
188475656,Clara,False,2018-06-25 01:10:07,2018-06-25 01:10:07
188478182,Michelberger Hotel,False,2018-09-07 16:08:31,2018-09-07 16:08:31
188536761,Páris,True,2019-05-31 04:08:49,2019-05-31 04:08:49
188642510,Sophia,False,2020-08-02 10:37:38,2020-08-02 10:37:38
188668906,Антон,False,2019-07-13 09:21:45,2019-07-13 09:21:45
188821864,Mari,False,2018-08-06 01:14:29,2018-08-06 01:14:29
188844544,Glenn,False,2020-02-09 11:07:06,2020-02-09 11:07:06
188849025,Bärbel,True,2018-06-14 08:46:47,2018-06-14 08:46:47
188997068,Gulkiz,False,2018-05-01 16:56:33,2018-05-01 16:56:33
189137873,Leticia,False,2021-11-14 22:28:54,2021-11-14 22:28:54
189155455,Valentin,True,2018-05-26 19:43:41,2018-05-26 19:43:41
189189105,Leo,False,2018-05-18 13:05:56,2018-05-18 13:05:56
189356164,Rudolf,False,2018-05-25 19:29:17,2018-05-25 19:29:17
189371281,Theresa,False,2021-09-03 21:58:30,2021-09-03 21:58:30
189702363,Franz,False,2018-05-20 05:03:18,2018-05-20 05:03:18
189712516,Thuy Trang,True,2021-08-11 05:02:26,2021-08-11 05:02:26
189727497,Harald,False,2018-06-02 12:43:24,2018-06-02 12:43:24
189733157,Meriem,False,2018-11-04 10:35:14,2018-11-04 10:35:14
189765633,Ursula,False,2021-11-04 02:04:32,2021-11-04 02:04:32
189774580,Sebastian,True,2018-05-05 04:22:01,2018-05-05 04:22:01
189883336,Lisa,False,2019-11-13 17:45:17,2019-11-13 17:45:17
189929449,Matthias,False,2018-06-08 06:42:01,2018-06-08 06:42:01
190045823,Hong,False,2021-11-03 10:00:18,2021-11-03 10:00:18
190062232,Helge,False,2018-06-03 11:33:29,2018-06-03 11:33:29
190071696,Tobias,False,2020-09-04 10:48:14,2020-09-04 10:48:14
190073525,Francesco,True,2019-06-05 13:38:33,2019-06-05 13:38:33
190096971,Nicole,False,2021-07-13 00:01:02,2021-07-13 00:01:02
190133418,Ibrahim,False,2018-05-18 09:02:52,2018-05-18 09:02:52
190149131,Mika,False,2018-07-16 16:08:58,2018-07-16 16:08:58
190227788,Philipp,False,2020-07-04 09:15:55,2020-07-04 09:15:55
190260192,Hélène,False,2021-11-14 10:33:31,2021-11-14 10:33:31
190263981,Teem Verwaltung,True,2018-05-18 03:07:49,2018-05-18 03:07:49
190265660,Özdem,False,2021-11-04 22:21:01,2021-11-04 22:21:01
190551349,Nils,False,2019-10-31 04:20:44,2019-10-31 04:20:44
190737633,Samet,False,2018-07-10 23:23:12,2018-07-10 23:23:12
190957759,Stella,True,2018-07-08 04:56:36,2018-07-08 04:56:36
190998588,Stefan,False,2020-01-25 03:37:15,2020-01-25 03:37:15
191014407,Adhil Mubarak,False,2019-10-17 01:54:10,2019-10-17 01:54:10
191049220,Maurice,False,2018-06-09 08:29:02,2018-06-09 08:29:02
191131925,Lorna,False,2021-10-24 21:44:05,2021-10-24 21:44:05
191156834,Zarah,True,2018-06-12 19:36:44,2018-06-12 19:36:44
191218997,Michael,False,2018-05-24 22:23:55,2018-05-24 22:23:55
191543044,Gyulyuzar,False,2018-08-03 00:11:57,2018-08-03 00:11:57
191706485,Cansu,False,2018-07-15 08:20:20,2018-07-15 08:20:20
191752005,Anita,False,2021-06-03 19:20:21,2021-06-03 19:20:21
191821964,Wesam,False,2019-12-22 21:52:40,2019-12-22 21:52:40
191829434,Mirko,False,2018-05-26 11:39:27,2018-05-26 11:39:27
191830563,Saif,False,2018-06-23 23:40:37,2018-06-23 23:40:37
192014498,Damian,False,2018-06-05 10:09:08,2018-06-05 10:09:08
192018470,Flo,False,2021-11-15 05:05:02,2021-11-15 05:05:02
192020815,Sonja,False,2019-07-23 23:12:43,2019-07-23 23:12:43
192092454,Ulf,False,2019-03-26 06:42:26,2019-03-26 06:42:26
192130100,Caroline,False,2018-05-26 11:29:16,2018-05-26 11:29:16
192200150,Cristian,False,2019-12-20 09:30:28,2019-12-20 09:30:28
192210205,Katrin,False,2018-06-04 04:26:21,2018-06-04 04:26:21
192221262,Alice,False,2018-12-16 11:06:47,2018-12-16 11:06:47
192224480,Sascha,False,2018-05-24 02:05:46,2018-05-24 02:05:46
192286210,Bianca,True,2018-06-18 05:34:01,2018-06-18 05:34:01
192300010,Anto,False,2021-11-11 21:11:35,2021-11-11 21:11:35
192314217,Sarah,False,2019-12-18 11:52:43,2019-12-18 11:52:43
192337343,Marius,False,2019-02-01 10:50:45,2019-02-01 10:50:45
192352278,Ina,False,2018-06-09 14:01:57,2018-06-09 14:01:57
192439967,Tan,False,2020-03-08 09:39:23,2020-03-08 09:39:23
192455794,Michael,False,2018-06-17 08:57:34,2018-06-17 08:57:34
192654826,Johanna,False,2019-06-21 12:58:46,2019-06-21 12:58:46
192805504,Danielle,False,2018-06-29 18:03:39,2018-06-29 18:03:39
193222579,André,False,2020-10-14 22:09:38,2020-10-14 22:09:38
193243349,Lucas,False,2018-06-24 00:11:53,2018-06-24 00:11:53
193388569,Alex,False,2019-08-13 21:46:31,2019-08-13 21:46:31
193439734,Paulina,False,2020-06-30 11:01:09,2020-06-30 11:01:09
193461863,Itay,False,2018-05-28 01:20:04,2018-05-28 01:20:04
193468086,Norema,False,2018-06-05 08:08:06,2018-06-05 08:08:06
193504997,Carlos,True,2018-06-16 15:20:23,2018-06-16 15:20:23
193611541,C.,False,2018-06-19 08:44:58,2018-06-19 08:44:58
193643890,ElPilar,False,2018-08-14 01:46:40,2018-08-14 01:46:40
193731690,Patrick,False,2018-11-13 12:45:06,2018-11-13 12:45:06
193814759,Nadine,False,2018-06-29 20:22:03,2018-06-29 20:22:03
193820230,Sophia,False,2021-11-03 20:44:08,2021-11-03 20:44:08
193831106,Ryan,False,2019-07-11 01:04:35,2019-07-11 01:04:35
194077741,Nidhal,False,2021-09-01 04:02:27,2021-09-01 04:02:27
194135933,Enrico,False,2021-11-11 14:44:53,2021-11-11 14:44:53
194144898,Daniela,False,2018-08-04 21:14:46,2018-08-04 21:14:46
194252369,Oscar,False,2018-06-04 00:53:24,2018-06-04 00:53:24
194268217,Nejteh,False,2018-07-03 22:12:32,2018-07-03 22:12:32
194343081,Kilian,True,2019-06-13 01:09:32,2019-06-13 01:09:32
194475135,Kristin,True,2019-05-13 09:58:13,2019-05-13 09:58:13
194663540,Vera,True,2018-06-17 14:50:51,2018-06-17 14:50:51
194675656,Anke,False,2018-08-04 20:23:59,2018-08-04 20:23:59
194858741,Victoria,False,2018-06-03 18:48:39,2018-06-03 18:48:39
194909568,Andy,False,2018-07-03 04:54:16,2018-07-03 04:54:16
194930255,Merle Malou,False,2018-06-18 00:18:54,2018-06-18 00:18:54
194994513,Beate,False,2021-08-15 07:18:30,2021-08-15 07:18:30
195006466,Yanina,False,2021-11-19 19:10:44,2021-11-19 19:10:44
195013901,Henk,False,2021-07-14 19:17:52,2021-07-14 19:17:52
195136536,Andre,False,2018-06-18 22:41:05,2018-06-18 22:41:05
195199908,Julian,True,2018-06-17 04:15:41,2018-06-17 04:15:41
195205137,Tea,True,2018-07-02 21:25:10,2018-07-02 21:25:10
195241396,An,True,2019-02-25 12:15:32,2019-02-25 12:15:32
195358017,Isabelle,False,2018-07-28 06:37:42,2018-07-28 06:37:42
195456152,Renas,False,2019-07-02 12:37:46,2019-07-02 12:37:46
195553985,Daria,False,2019-08-27 19:34:01,2019-08-27 19:34:01
195560708,Kevin,False,2018-07-01 11:11:12,2018-07-01 11:11:12
195679063,Dani,False,2018-07-09 13:44:46,2018-07-09 13:44:46
195709119,Toni,True,2018-06-26 23:40:09,2018-06-26 23:40:09
195748609,Yukon,False,2018-06-21 10:52:46,2018-06-21 10:52:46
195783755,Ali,False,2019-12-12 21:54:47,2019-12-12 21:54:47
195856286,Sophie,False,2021-11-10 17:53:34,2021-11-10 17:53:34
195867979,Özlem,False,2021-11-14 14:14:47,2021-11-14 14:14:47
195933294,Galina,True,2018-06-03 16:36:50,2018-06-03 16:36:50
196070548,Max,False,2018-06-17 04:15:01,2018-06-17 04:15:01
196147226,Simona,False,2018-06-29 15:21:22,2018-06-29 15:21:22
196387284,Anna,False,2018-07-02 01:29:37,2018-07-02 01:29:37
196520970,Marie,False,2018-09-01 23:15:08,2018-09-01 23:15:08
196545452,Sendhil,False,2021-11-14 19:15:43,2021-11-14 19:15:43
196550406,Mona,False,2021-11-11 04:08:20,2021-11-11 04:08:20
196625630,Florian,False,2018-06-22 01:38:02,2018-06-22 01:38:02
196709080,Iwona,True,2018-06-29 17:23:37,2018-06-29 17:23:37
196781468,Angelika,True,2018-09-26 18:35:20,2018-09-26 18:35:20
196822945,Larissa,False,2019-04-03 22:01:12,2019-04-03 22:01:12
196874018,Hayat,False,2018-06-24 04:22:54,2018-06-24 04:22:54
196986485,Sophie,False,2018-07-02 15:34:50,2018-07-02 15:34:50
197188619,Thomas,False,2018-07-25 04:18:45,2018-07-25 04:18:45
197227115,Martha,True,2018-07-05 19:35:54,2018-07-05 19:35:54
197233948,Ben,False,2020-08-18 09:05:49,2020-08-18 09:05:49
197288782,Kris,False,2021-10-31 07:37:23,2021-10-31 07:37:23
197444036,Marie,False,2018-12-31 09:29:51,2018-12-31 09:29:51
197444204,Sabine,False,2018-06-21 16:04:50,2018-06-21 16:04:50
197634213,Celina,False,2019-07-09 06:47:07,2019-07-09 06:47:07
197703868,Aisha,False,2018-06-11 02:36:47,2018-06-11 02:36:47
197716584,Lisa,False,2021-10-29 08:05:18,2021-10-29 08:05:18
197908287,Muharrem,False,2021-11-04 14:11:14,2021-11-04 14:11:14
197915619,Jakob,False,2018-08-25 23:34:07,2018-08-25 23:34:07
197920736,Clément,False,2018-07-06 19:37:26,2018-07-06 19:37:26
197968020,利亚,False,2021-11-11 07:47:56,2021-11-11 07:47:56
197978265,Heike,False,2018-07-13 21:43:42,2018-07-13 21:43:42
198061260,Andrew,False,2018-07-20 02:49:43,2018-07-20 02:49:43
198110578,Sarah,False,2021-08-25 20:16:49,2021-08-25 20:16:49
198130253,Jennifer,False,2018-07-05 08:21:33,2018-07-05 08:21:33
198200036,Catharina,False,2019-01-03 21:40:29,2019-01-03 21:40:29
198349095,Stephan,False,2018-07-25 02:21:47,2018-07-25 02:21:47
198404989,Karina,False,2021-11-17 06:58:20,2021-11-17 06:58:20
198463177,Alexei,False,2020-07-30 00:06:31,2020-07-30 00:06:31
198564506,Alessandro,True,2018-11-22 09:22:40,2018-11-22 09:22:40
198640795,Simon,False,2018-05-31 13:37:58,2018-05-31 13:37:58
198668412,Marylin,False,2018-06-27 23:51:09,2018-06-27 23:51:09
198787263,Justin,False,2018-11-02 04:02:34,2018-11-02 04:02:34
198861385,Patrice,False,2018-07-28 13:26:31,2018-07-28 13:26:31
198864678,Ebtisam,False,2021-11-13 06:53:01,2021-11-13 06:53:01
198974220,Aziz,False,2018-07-25 16:38:47,2018-07-25 16:38:47
199007222,Patrick,False,2018-10-10 02:21:34,2018-10-10 02:21:34
199150527,Mustafa,False,2019-09-11 04:05:17,2019-09-11 04:05:17
199190869,Ulrich,False,2018-06-29 02:01:56,2018-06-29 02:01:56
199627082,Hans Werner,True,2018-07-05 23:28:12,2018-07-05 23:28:12
199673303,Benni,False,2018-07-11 06:40:59,2018-07-11 06:40:59
199701359,Mustafa,False,2018-12-22 14:37:51,2018-12-22 14:37:51
199758744,Giovanna,False,2018-12-24 03:39:46,2018-12-24 03:39:46
199794458,Marleijn,False,2018-07-05 14:12:39,2018-07-05 14:12:39
199967460,Alex,True,2018-07-03 18:11:23,2018-07-03 18:11:23
200098082,Anna,False,2021-11-01 16:42:13,2021-11-01 16:42:13
200195304,Ben,True,2018-06-29 07:04:49,2018-06-29 07:04:49
200248962,Dirk,False,2018-09-01 23:05:23,2018-09-01 23:05:23
200347806,David,True,2018-07-26 13:04:33,2018-07-26 13:04:33
200369628,Annica,False,2018-07-28 06:32:50,2018-07-28 06:32:50
200406875,Susanne,False,2018-06-25 14:50:36,2018-06-25 14:50:36
200407976,Carsten,True,2018-07-14 04:56:53,2018-07-14 04:56:53
200458035,Philipp,False,2020-07-02 08:08:50,2020-07-02 08:08:50
200549573,Holger,False,2018-07-10 02:31:36,2018-07-10 02:31:36
200627195,Diana,True,2019-08-15 02:21:41,2019-08-15 02:21:41
200753080,Nickolai,False,2019-02-22 12:00:18,2019-02-22 12:00:18
200794512,Knut,False,2018-08-18 04:54:34,2018-08-18 04:54:34
200833865,Silvia,False,2021-11-11 00:30:57,2021-11-11 00:30:57
200941684,Lisa,False,2021-09-12 06:06:00,2021-09-12 06:06:00
200945496,Susanne,False,2021-11-11 05:00:50,2021-11-11 05:00:50
201049868,Leona,False,2021-10-21 16:35:38,2021-10-21 16:35:38
201075090,Irene,False,2018-07-17 22:09:26,2018-07-17 22:09:26
201279474,Doro,True,2018-07-29 07:26:56,2018-07-29 07:26:56
201324336,Gioia,False,2019-03-14 18:53:50,2019-03-14 18:53:50
201332261,Nicolás,False,2018-07-07 11:34:33,2018-07-07 11:34:33
201457320,Jacky,False,2019-07-15 18:56:54,2019-07-15 18:56:54
201522303,Gaurav,False,2018-07-14 16:03:31,2018-07-14 16:03:31
201525538,Marion,True,2018-07-15 01:04:46,2018-07-15 01:04:46
201537102,Tristan,False,2019-02-13 18:48:49,2019-02-13 18:48:49
201720555,Your.Rentals,False,2021-11-09 01:27:48,2021-11-09 01:27:48
201748463,Lisa,False,2020-09-05 17:11:12,2020-09-05 17:11:12
201754455,Amina Bambina,False,2019-02-26 10:09:45,2019-02-26 10:09:45
201762540,Luise,False,2018-12-05 19:34:03,2018-12-05 19:34:03
201775943,Karen,True,2018-09-18 03:06:02,2018-09-18 03:06:02
201800593,Mandy,True,2018-07-28 06:07:54,2018-07-28 06:07:54
201809555,Alisa,False,2018-07-19 21:00:03,2018-07-19 21:00:03
201839696,Erdinc,False,2018-07-16 04:49:31,2018-07-16 04:49:31
202056883,Karolina & Philipp,True,2020-05-26 07:01:57,2020-05-26 07:01:57
202123087,Sandra,False,2018-07-27 00:24:20,2018-07-27 00:24:20
202217269,Nemi,False,2020-10-17 10:52:32,2020-10-17 10:52:32
202307531,Alex,True,2020-07-27 08:45:04,2020-07-27 08:45:04
202344102,Sofia,False,2021-11-14 20:29:48,2021-11-14 20:29:48
202695467,Bastin,False,2018-08-11 21:53:03,2018-08-11 21:53:03
202727923,Maria,False,2018-08-18 23:08:56,2018-08-18 23:08:56
202728548,Dominik,False,2018-07-29 03:03:50,2018-07-29 03:03:50
202747425,Ilva,False,2019-03-20 09:10:07,2019-03-20 09:10:07
202779274,Me Hien,True,2018-07-06 14:10:59,2018-07-06 14:10:59
202968614,Christian Karl-Heinz,False,2021-08-28 17:14:35,2021-08-28 17:14:35
203071555,Victoria,False,2021-03-05 10:48:05,2021-03-05 10:48:05
203193166,Steffen,False,2021-06-06 08:10:42,2021-06-06 08:10:42
203514968,Dunja,False,2018-07-29 23:59:25,2018-07-29 23:59:25
203584355,Oliver,False,2018-07-25 07:19:51,2018-07-25 07:19:51
203689530,Tony,False,2019-08-07 08:54:58,2019-08-07 08:54:58
203997165,Osman,False,2021-11-14 21:44:52,2021-11-14 21:44:52
204027928,Peter,True,2018-07-21 10:03:40,2018-07-21 10:03:40
204170899,Hugh,False,2019-10-24 21:47:30,2019-10-24 21:47:30
204171816,Andreas,True,2018-08-23 20:06:59,2018-08-23 20:06:59
204210308,OlEr,True,2018-08-04 13:48:51,2018-08-04 13:48:51
204265055,Gio,False,2018-09-16 15:12:39,2018-09-16 15:12:39
204308354,Lisa,False,2018-12-22 17:51:53,2018-12-22 17:51:53
204660001,Alexandra,False,2021-10-21 15:38:30,2021-10-21 15:38:30
204713450,Alice,False,2018-07-29 22:52:28,2018-07-29 22:52:28
204761289,Henri,False,2019-08-19 17:17:42,2019-08-19 17:17:42
205049345,Jenny,False,2018-11-12 20:05:33,2018-11-12 20:05:33
205235114,Lotta,False,2020-02-05 06:08:53,2020-02-05 06:08:53
205258595,Oleksandr,False,2018-07-28 00:22:05,2018-07-28 00:22:05
205705714,Natalie,False,2021-11-16 13:14:55,2021-11-16 13:14:55
205752377,Perry,False,2019-05-07 13:30:05,2019-05-07 13:30:05
205773837,Tony,False,2021-11-13 12:31:46,2021-11-13 12:31:46
205905208,Frederic,False,2018-08-21 23:12:23,2018-08-21 23:12:23
205976061,Júlia,False,2021-11-13 06:26:33,2021-11-13 06:26:33
206153158,Paulo,False,2018-07-23 15:42:22,2018-07-23 15:42:22
206176712,Nicole,True,2018-08-06 08:36:17,2018-08-06 08:36:17
206354995,Jonas,False,2021-11-12 11:34:22,2021-11-12 11:34:22
206367813,Henry,False,2019-03-08 08:45:19,2019-03-08 08:45:19
206374835,Marcel,True,2019-07-25 00:16:02,2019-07-25 00:16:02
206485562,Ahmee,False,2018-08-06 00:43:29,2018-08-06 00:43:29
206494022,Tavy,False,2021-11-09 06:52:23,2021-11-09 06:52:23
206522893,Hadi,False,2018-07-26 20:36:19,2018-07-26 20:36:19
206674863,Christian,False,2018-08-20 07:19:35,2018-08-20 07:19:35
206689318,Sonya,False,2021-11-10 12:52:49,2021-11-10 12:52:49
206827879,Tim,False,2018-08-12 13:45:20,2018-08-12 13:45:20
206843996,Lee,False,2018-07-29 08:50:37,2018-07-29 08:50:37
206862811,Steffen,True,2018-07-27 18:03:18,2018-07-27 18:03:18
206877989,Corinna,True,2021-05-31 09:07:52,2021-05-31 09:07:52
206926760,Sui,False,2020-09-29 14:11:38,2020-09-29 14:11:38
207062664,1a Apartment,False,2019-08-10 08:29:30,2019-08-10 08:29:30
207178379,Yoren,False,2018-09-28 11:14:30,2018-09-28 11:14:30
207473068,Anne,False,2021-11-18 08:36:10,2021-11-18 08:36:10
207475344,Aharon,False,2021-05-28 23:30:35,2021-05-28 23:30:35
207814426,Manu,False,2019-07-30 11:17:08,2019-07-30 11:17:08
207929989,Eva,True,2018-11-09 04:44:05,2018-11-09 04:44:05
207993866,Kgomotso,False,2021-10-21 03:52:32,2021-10-21 03:52:32
208019418,Daniel,False,2019-12-19 06:04:06,2019-12-19 06:04:06
208069921,Pierre,True,2019-07-20 12:45:33,2019-07-20 12:45:33
208272633,Lyudmil,False,2021-11-14 11:11:05,2021-11-14 11:11:05
208279113,Violet,False,2019-04-02 21:10:38,2019-04-02 21:10:38
208293610,Andreas,False,2018-08-17 06:07:04,2018-08-17 06:07:04
208443009,Egil,False,2018-09-04 08:12:13,2018-09-04 08:12:13
208645599,Patrick,False,2018-08-22 17:39:13,2018-08-22 17:39:13
208721377,Maria + Benno,False,2018-08-13 01:09:20,2018-08-13 01:09:20
208849155,Regina,False,2018-08-22 17:32:54,2018-08-22 17:32:54
209018173,Silvia,False,2021-08-29 05:44:03,2021-08-29 05:44:03
209054839,Engin,False,2019-12-29 03:41:56,2019-12-29 03:41:56
209082762,Tareef,False,2018-10-14 03:13:14,2018-10-14 03:13:14
209199022,Rosemarie,False,2018-08-18 08:05:51,2018-08-18 08:05:51
209203249,Janna,False,2018-11-03 10:34:18,2018-11-03 10:34:18
209250178,Sven,False,2020-02-22 08:56:45,2020-02-22 08:56:45
209258189,Benyamin,False,2018-08-23 01:50:41,2018-08-23 01:50:41
209327933,Ronja,False,2019-08-18 12:35:48,2019-08-18 12:35:48
209461073,Robert,False,2018-12-24 06:38:50,2018-12-24 06:38:50
209466384,Alexander,False,2019-03-04 11:33:38,2019-03-04 11:33:38
209555676,Ann-Kathrin,False,2019-06-19 13:42:04,2019-06-19 13:42:04
209596863,Simone,False,2021-08-18 00:35:14,2021-08-18 00:35:14
209649631,Elisabeth,False,2018-08-18 23:31:46,2018-08-18 23:31:46
209666936,M. Florian,False,2018-09-01 10:14:11,2018-09-01 10:14:11
209678303,Max,False,2021-11-03 00:42:03,2021-11-03 00:42:03
209738741,Paulo,False,2018-08-07 21:13:22,2018-08-07 21:13:22
210045882,Katharina,False,2018-09-10 20:35:35,2018-09-10 20:35:35
210058923,Marija,False,2018-09-02 14:30:30,2018-09-02 14:30:30
210071028,Marie,False,2018-11-24 15:09:03,2018-11-24 15:09:03
210185436,Luka,False,2021-10-25 01:12:52,2021-10-25 01:12:52
210270223,Divine,False,2018-09-05 04:44:19,2018-09-05 04:44:19
210286210,C,False,2018-09-02 22:59:06,2018-09-02 22:59:06
210291317,Ferry,False,2018-08-31 02:49:58,2018-08-31 02:49:58
210465681,Can,True,2018-08-22 00:58:53,2018-08-22 00:58:53
210470412,Madlen,True,2018-08-17 19:42:04,2018-08-17 19:42:04
210484545,Jose,False,2018-09-10 00:55:27,2018-09-10 00:55:27
210523149,Karl-Hinrich,False,2018-09-01 00:35:22,2018-09-01 00:35:22
210545456,Berkan,False,2018-08-10 02:28:17,2018-08-10 02:28:17
210684446,Kiraz,False,2018-08-23 11:51:45,2018-08-23 11:51:45
210700814,Downtown Apartments Berlin,True,2018-12-12 22:13:08,2018-12-12 22:13:08
210712144,Julie,False,2018-08-12 19:54:50,2018-08-12 19:54:50
210731852,Valdis,False,2018-08-18 19:50:08,2018-08-18 19:50:08
210760043,Johannes,False,2021-08-06 03:57:08,2021-08-06 03:57:08
210836796,Din,False,2021-07-22 03:07:05,2021-07-22 03:07:05
210914922,Erik,False,2018-08-31 01:01:23,2018-08-31 01:01:23
210943950,Chantal,False,2018-09-15 05:57:36,2018-09-15 05:57:36
210979600,Zejna,False,2021-11-19 10:03:23,2021-11-19 10:03:23
211089589,Sebastian,True,2020-10-11 10:27:11,2020-10-11 10:27:11
211096430,Ali,False,2020-08-12 08:36:40,2020-08-12 08:36:40
211151778,Dora,True,2018-10-22 02:57:48,2018-10-22 02:57:48
211478275,Robin,False,2018-10-16 04:36:02,2018-10-16 04:36:02
211505567,Amano Home Apartments,False,2018-11-29 18:40:59,2018-11-29 18:40:59
211541011,Sören,False,2021-11-09 21:00:51,2021-11-09 21:00:51
211672889,Kit,True,2018-09-03 19:05:39,2018-09-03 19:05:39
211673565,Álvaro,False,2019-01-21 18:06:05,2019-01-21 18:06:05
211851013,Amadeus,False,2018-12-19 15:44:45,2018-12-19 15:44:45
212034529,Talat,False,2018-08-30 15:16:06,2018-08-30 15:16:06
212091686,Koray,False,2019-08-21 23:42:50,2019-08-21 23:42:50
212106796,Ausama,False,2018-09-04 07:08:30,2018-09-04 07:08:30
212189469,Louisa'S Place,False,2019-06-06 17:07:30,2019-06-06 17:07:30
212193161,Andrea,False,2018-09-23 05:08:25,2018-09-23 05:08:25
212197766,HENRI Team,True,2019-01-22 14:46:55,2019-01-22 14:46:55
212377709,Hotel Zoo,False,2021-10-25 14:57:20,2021-10-25 14:57:20
212465284,Florian,False,2018-08-27 06:40:34,2018-08-27 06:40:34
212479271,Bogdana,False,2019-12-31 14:37:41,2019-12-31 14:37:41
212558982,Jens,True,2020-09-18 22:45:04,2020-09-18 22:45:04
212586679,Arne,False,2021-10-29 22:08:45,2021-10-29 22:08:45
212590330,Jan Und Elnaz,False,2018-09-08 21:17:16,2018-09-08 21:17:16
212597196,Karak,False,2018-09-23 18:32:15,2018-09-23 18:32:15
212766182,Wioletta,False,2018-12-08 03:22:29,2018-12-08 03:22:29
212774369,Georg,False,2019-07-04 12:03:57,2019-07-04 12:03:57
212782483,Oliver,True,2018-09-07 23:14:39,2018-09-07 23:14:39
212799157,Hotel,False,2019-02-22 19:16:09,2019-02-22 19:16:09
212843172,Philipp,False,2021-11-05 12:59:40,2021-11-05 12:59:40
212852826,Jürgen,True,2018-09-07 07:39:15,2018-09-07 07:39:15
212853002,Lola,False,2018-09-09 02:32:59,2018-09-09 02:32:59
212873823,Lena,False,2021-10-31 05:04:18,2021-10-31 05:04:18
212946182,Wolf Martin,True,2018-08-24 04:48:49,2018-08-24 04:48:49
212963857,André,False,2021-10-28 13:39:26,2021-10-28 13:39:26
213169487,Landry,False,2018-08-29 12:28:04,2018-08-29 12:28:04
213221785,安,True,2019-07-20 01:53:27,2019-07-20 01:53:27
213278089,Thomas,False,2018-10-01 21:33:35,2018-10-01 21:33:35
213301443,Michael,False,2021-09-12 05:31:34,2021-09-12 05:31:34
213304271,Andreas,False,2018-12-03 12:43:13,2018-12-03 12:43:13
213416425,Matthew,True,2020-02-12 04:10:38,2020-02-12 04:10:38
213518028,Leo,False,2019-05-09 22:19:40,2019-05-09 22:19:40
213528984,Yc,False,2021-11-01 07:39:04,2021-11-01 07:39:04
213595635,Gerard,False,2018-10-11 01:03:04,2018-10-11 01:03:04
213674200,Anne,False,2019-04-16 03:57:14,2019-04-16 03:57:14
213877372,Anna 1908,False,2019-04-28 01:23:17,2019-04-28 01:23:17
213890489,Joseph,False,2018-09-10 15:47:48,2018-09-10 15:47:48
213910519,Victor,False,2021-10-31 17:56:09,2021-10-31 17:56:09
213967353,Maja,True,2018-09-19 22:03:40,2018-09-19 22:03:40
214044965,Jörn,True,2019-05-17 23:57:23,2019-05-17 23:57:23
214075094,Burak,False,2019-05-26 06:39:52,2019-05-26 06:39:52
214387108,Susanne,False,2021-08-09 05:53:23,2021-08-09 05:53:23
214403628,Maru,False,2021-11-08 06:23:48,2021-11-08 06:23:48
214454662,Anja,False,2020-03-15 17:26:47,2020-03-15 17:26:47
214593057,Paylag,False,2018-12-25 23:39:07,2018-12-25 23:39:07
214598399,Mr,False,2019-08-03 10:09:15,2019-08-03 10:09:15
214644316,Ana,True,2018-09-13 22:56:23,2018-09-13 22:56:23
214653833,Luzia,False,2018-09-11 15:15:17,2018-09-11 15:15:17
214790308,Ursula,False,2018-10-13 13:27:00,2018-10-13 13:27:00
214803461,Bulut,False,2018-09-21 17:45:39,2018-09-21 17:45:39
214841261,Mathilde,False,2020-01-01 15:20:15,2020-01-01 15:20:15
214851154,Max,False,2016-05-25 11:20:23,2016-05-25 11:20:23
214865067,Caro,False,2018-09-14 17:31:31,2018-09-14 17:31:31
214941388,Mathias,False,2019-10-31 23:39:37,2019-10-31 23:39:37
214951099,Karam,False,2021-11-18 13:19:03,2021-11-18 13:19:03
214963971,Anna,False,2018-09-14 07:02:19,2018-09-14 07:02:19
214971466,Paula,False,2018-09-19 05:00:04,2018-09-19 05:00:04
214992365,Thilo,False,2019-12-26 12:02:49,2019-12-26 12:02:49
215027759,Tony,False,2021-11-03 16:30:35,2021-11-03 16:30:35
215174581,CALMA Berlin Mitte,True,2018-11-18 15:09:45,2018-11-18 15:09:45
215175725,Fjord Hotel Berlin,False,2018-10-27 17:31:55,2018-10-27 17:31:55
215178674,Lindemann'S,False,2018-12-11 05:03:52,2018-12-11 05:03:52
215344022,Jürgen,False,2019-12-09 20:31:42,2019-12-09 20:31:42
215385584,Charalambos,False,2018-09-22 19:51:20,2018-09-22 19:51:20
215514794,Britta,True,2021-11-18 22:28:15,2021-11-18 22:28:15
215519704,Zawar,False,2018-12-25 00:56:35,2018-12-25 00:56:35
215573313,Noella,False,2021-06-07 21:29:45,2021-06-07 21:29:45
215643792,Danya,True,2021-05-10 03:40:39,2021-05-10 03:40:39
215651220,Ivan,False,2021-10-28 18:25:52,2021-10-28 18:25:52
215898210,Vera,False,2018-09-12 08:14:14,2018-09-12 08:14:14
215926055,Rosa,False,2020-08-21 18:44:00,2020-08-21 18:44:00
215937780,Marcel,True,2018-12-23 11:36:15,2018-12-23 11:36:15
216089548,Sylvana,False,2018-10-07 04:19:23,2018-10-07 04:19:23
216090764,Jan David,False,2020-03-02 11:15:09,2020-03-02 11:15:09
216103834,Celina,False,2019-02-23 11:40:57,2019-02-23 11:40:57
216253769,Fernando,True,2019-09-27 02:57:17,2019-09-27 02:57:17
216384648,Laura,False,2021-11-05 13:11:29,2021-11-05 13:11:29
216392647,Petra,False,2018-10-26 01:13:33,2018-10-26 01:13:33
216394478,Mustafa,False,2021-11-18 05:59:08,2021-11-18 05:59:08
216469474,Sinisa,False,2019-11-11 18:27:56,2019-11-11 18:27:56
216540733,Johann,False,2018-10-27 16:55:26,2018-10-27 16:55:26
216545166,Kim And Caro,False,2018-09-13 04:07:55,2018-09-13 04:07:55
216837175,Amelia,True,2018-12-22 01:39:30,2018-12-22 01:39:30
216855948,Emelio,False,2021-05-13 05:04:33,2021-05-13 05:04:33
216867611,Rewari Hotel Berlin,True,2018-12-05 15:08:33,2018-12-05 15:08:33
216880791,Sebastian,False,2019-05-13 12:29:12,2019-05-13 12:29:12
217008809,Christoph,False,2018-09-29 00:07:26,2018-09-29 00:07:26
217049360,Peter & Sabine,True,2018-10-24 04:25:28,2018-10-24 04:25:28
217176947,Janna,False,2018-09-15 23:29:57,2018-09-15 23:29:57
217187729,Julian,False,2018-09-28 20:21:06,2018-09-28 20:21:06
217262525,Allison,False,2018-10-05 03:30:42,2018-10-05 03:30:42
217378709,Visionapartments,False,2016-03-11 21:06:57,2016-03-11 21:06:57
217382028,Anna,False,2021-11-04 05:03:26,2021-11-04 05:03:26
217529245,Conny,False,2018-12-30 12:35:05,2018-12-30 12:35:05
217538129,Maria,False,2021-10-21 00:27:30,2021-10-21 00:27:30
217559281,Marie,False,2021-10-24 06:06:40,2021-10-24 06:06:40
217642567,Marilu,True,2019-01-06 22:31:27,2019-01-06 22:31:27
217706736,Gudrun,False,2018-10-23 07:29:29,2018-10-23 07:29:29
217724263,Daniel,False,2019-08-03 14:30:49,2019-08-03 14:30:49
217899069,Oliver,True,2018-10-21 08:39:03,2018-10-21 08:39:03
217952174,Fereshteh,False,2021-07-08 06:54:49,2021-07-08 06:54:49
218056981,Jennifer,False,2020-02-25 07:42:02,2020-02-25 07:42:02
218067793,Simon,False,2021-09-14 17:44:19,2021-09-14 17:44:19
218110120,Jens,True,2020-06-10 13:18:44,2020-06-10 13:18:44
218426295,Panos,False,2021-11-13 16:47:42,2021-11-13 16:47:42
218540737,Arne Und Fee,False,2021-11-02 20:41:32,2021-11-02 20:41:32
218563528,Nico,False,2018-10-30 14:26:08,2018-10-30 14:26:08
218706214,Michael,True,2018-10-07 00:51:31,2018-10-07 00:51:31
218761980,Hannes,False,2021-11-18 11:49:25,2021-11-18 11:49:25
218792729,Gabriele,False,2018-11-17 08:08:48,2018-11-17 08:08:48
218817177,Jule,False,2018-10-13 14:42:14,2018-10-13 14:42:14
218829566,Daniel,False,2021-04-13 12:32:10,2021-04-13 12:32:10
219276021,Steven,False,2021-10-23 18:52:52,2021-10-23 18:52:52
219284770,Alex,False,2021-11-17 11:43:47,2021-11-17 11:43:47
219326028,Tanja & Julius,True,2018-11-29 12:30:01,2018-11-29 12:30:01
219387149,Andre,False,2018-10-11 03:50:09,2018-10-11 03:50:09
219411816,Andrew,True,2019-08-09 07:56:10,2019-08-09 07:56:10
219420726,Nabila,False,2018-12-13 00:48:13,2018-12-13 00:48:13
219587159,Annegret,False,2018-10-30 11:41:30,2018-10-30 11:41:30
219791942,Moritz,False,2019-08-09 12:11:20,2019-08-09 12:11:20
219818665,Sebastian,True,2018-10-08 02:39:21,2018-10-08 02:39:21
219826586,Muhammad &Angela,False,2018-12-27 21:59:57,2018-12-27 21:59:57
220021377,Georg,True,2021-06-10 01:17:59,2021-06-10 01:17:59
220025968,Frank,False,2021-10-25 01:22:41,2021-10-25 01:22:41
220040685,Karin,True,2018-10-15 18:50:18,2018-10-15 18:50:18
220188192,Carlotta,False,2019-01-02 07:42:03,2019-01-02 07:42:03
220193495,Frank,False,2019-05-28 02:27:46,2019-05-28 02:27:46
220204535,Team NEWBERLIN,False,2018-12-22 15:53:13,2018-12-22 15:53:13
220427209,Kathrin,False,2018-10-24 04:44:58,2018-10-24 04:44:58
220934996,Tansu,False,2021-10-28 12:17:46,2021-10-28 12:17:46
220957569,Heide,True,2019-01-06 21:43:50,2019-01-06 21:43:50
221150356,Andrea,False,2018-11-18 14:22:04,2018-11-18 14:22:04
221307440,Arite,False,2021-11-18 10:45:55,2021-11-18 10:45:55
221325581,Raquel,False,2021-10-23 11:52:12,2021-10-23 11:52:12
221361263,Birte,True,2018-10-20 03:57:10,2018-10-20 03:57:10
221364268,Ule,False,2019-02-02 12:49:57,2019-02-02 12:49:57
221370552,Peter,False,2020-08-06 20:37:31,2020-08-06 20:37:31
221486457,Berlina,False,2018-11-01 01:41:02,2018-11-01 01:41:02
221529487,Louise,False,2018-12-01 01:53:44,2018-12-01 01:53:44
221559421,Diana,False,2018-12-31 05:15:32,2018-12-31 05:15:32
221610108,Robin,True,2018-10-22 13:45:18,2018-10-22 13:45:18
221662049,Zanda,False,2020-01-04 01:15:24,2020-01-04 01:15:24
221731912,Annika,False,2021-11-15 11:54:58,2021-11-15 11:54:58
221733916,Alexandre,False,2019-11-10 18:13:24,2019-11-10 18:13:24
221885061,Rafi,False,2020-11-28 22:09:27,2020-11-28 22:09:27
221894338,Karthik,False,2019-11-04 17:12:03,2019-11-04 17:12:03
221894358,Kamilla,False,2021-08-14 16:36:06,2021-08-14 16:36:06
222021604,Christof,True,2018-10-29 12:48:37,2018-10-29 12:48:37
222039980,Carolin,False,2021-06-28 15:03:23,2021-06-28 15:03:23
222088950,Clarissa,False,2021-11-14 11:21:20,2021-11-14 11:21:20
222154123,Isabelle,True,2018-12-26 17:09:38,2018-12-26 17:09:38
222276941,Emmanuel,False,2018-11-04 02:42:34,2018-11-04 02:42:34
222347863,Marco,False,2019-09-22 03:51:28,2019-09-22 03:51:28
222565622,Daniele,False,2018-10-23 18:31:19,2018-10-23 18:31:19
222575103,Jona,False,2018-12-24 02:02:04,2018-12-24 02:02:04
222596512,Juval,False,2021-10-29 07:39:57,2021-10-29 07:39:57
222672960,Pippa,False,2021-10-26 01:16:48,2021-10-26 01:16:48
222673220,Diana,False,2021-11-14 15:40:25,2021-11-14 15:40:25
222877193,Luca,True,2021-01-20 18:20:27,2021-01-20 18:20:27
222935818,Ralf,True,2018-10-26 16:10:57,2018-10-26 16:10:57
222966010,Francis,True,2021-04-17 10:27:00,2021-04-17 10:27:00
222997440,Siegfried,False,2018-11-02 05:11:23,2018-11-02 05:11:23
223098376,Isabelle,False,2019-07-05 23:39:14,2019-07-05 23:39:14
223112527,Patrik,False,2021-10-26 20:58:13,2021-10-26 20:58:13
223122438,Benjamin,False,2019-07-18 06:38:08,2019-07-18 06:38:08
223184163,Bert,False,2019-11-12 09:03:39,2019-11-12 09:03:39
223195205,Maya,False,2018-10-31 22:34:30,2018-10-31 22:34:30
223290400,Lu,False,2018-11-10 01:52:59,2018-11-10 01:52:59
223369819,Anisa,False,2018-12-15 19:28:15,2018-12-15 19:28:15
223414302,Jannis,False,2018-11-06 14:09:29,2018-11-06 14:09:29
223469578,Lucas,False,2019-05-29 14:31:57,2019-05-29 14:31:57
223488941,Inga,False,2019-06-09 12:48:57,2019-06-09 12:48:57
223670741,Conor,True,2019-08-01 15:24:34,2019-08-01 15:24:34
223679612,Jens,True,2018-10-22 04:19:02,2018-10-22 04:19:02
223702661,Celia,False,2020-01-07 12:23:01,2020-01-07 12:23:01
223758739,Jenifer,False,2019-06-24 15:10:20,2019-06-24 15:10:20
223807959,Eva,False,2021-11-11 03:52:20,2021-11-11 03:52:20
224005802,Akhtar,False,2018-11-18 00:17:00,2018-11-18 00:17:00
224088356,Ben,False,2021-11-01 00:24:48,2021-11-01 00:24:48
224128782,Dietmar,True,2018-11-13 04:59:26,2018-11-13 04:59:26
224156706,Cem,True,2018-11-19 15:02:00,2018-11-19 15:02:00
224274594,Martin,True,2019-01-05 05:24:12,2019-01-05 05:24:12
224289213,Iris,False,2018-12-20 00:43:34,2018-12-20 00:43:34
224415305,Natalia,False,2018-11-16 06:08:10,2018-11-16 06:08:10
224487852,Rafa,False,2020-01-30 20:28:55,2020-01-30 20:28:55
224508134,Katja,False,2018-12-21 21:52:13,2018-12-21 21:52:13
224618890,Nico,False,2019-03-28 03:52:39,2019-03-28 03:52:39
224642410,Anna,False,2018-11-06 01:05:04,2018-11-06 01:05:04
224691394,Kristina,False,2018-11-17 02:33:04,2018-11-17 02:33:04
224800977,Juno,False,2020-11-09 05:08:31,2020-11-09 05:08:31
224824217,Sophia,False,2018-12-24 15:38:57,2018-12-24 15:38:57
224826358,Mirfat,False,2018-11-28 08:53:57,2018-11-28 08:53:57
224914737,Fu,True,2020-11-21 04:00:28,2020-11-21 04:00:28
225032154,Simon,False,2019-02-24 13:15:53,2019-02-24 13:15:53
225133967,Nadja,False,2021-07-23 13:07:31,2021-07-23 13:07:31
225190210,Humeyra,False,2019-09-19 02:04:16,2019-09-19 02:04:16
225204685,Naomi,False,2018-11-10 20:34:57,2018-11-10 20:34:57
225240354,Sophia,False,2021-10-25 00:47:56,2021-10-25 00:47:56
225256054,Magda,False,2018-12-17 01:08:29,2018-12-17 01:08:29
225263350,Sara,False,2021-11-13 10:50:39,2021-11-13 10:50:39
225277104,Gelfo,False,2018-11-26 01:46:15,2018-11-26 01:46:15
225339158,Giulia,True,2019-07-29 17:30:02,2019-07-29 17:30:02
225448824,Sigrun,False,2019-01-25 10:43:41,2019-01-25 10:43:41
225527178,Joanna,False,2018-11-03 11:12:46,2018-11-03 11:12:46
225580370,Lars,False,2019-10-30 11:31:55,2019-10-30 11:31:55
225695136,Tino,False,2020-08-15 15:57:38,2020-08-15 15:57:38
225711033,Rubén,True,2018-11-13 04:24:56,2018-11-13 04:24:56
225729173,Franz,False,2021-07-17 17:44:43,2021-07-17 17:44:43
225781791,Schoeneberg,False,2018-11-07 00:08:35,2018-11-07 00:08:35
225852413,Britta,False,2018-11-27 14:39:17,2018-11-27 14:39:17
225874512,Manfred,False,2021-09-25 15:27:54,2021-09-25 15:27:54
225941636,Anton,False,2018-12-07 00:46:54,2018-12-07 00:46:54
225999508,Gökhan,True,2021-03-06 06:09:58,2021-03-06 06:09:58
226028482,Viviana,False,2019-01-31 18:22:11,2019-01-31 18:22:11
226065063,Darius Und Tommy,False,2018-11-28 08:27:57,2018-11-28 08:27:57
226306598,Marcus,False,2018-12-07 10:18:18,2018-12-07 10:18:18
226345338,Sam,False,2020-03-18 09:40:10,2020-03-18 09:40:10
226367313,Julia,False,2018-12-13 03:52:26,2018-12-13 03:52:26
226379402,Katharina,False,2018-11-17 19:25:20,2018-11-17 19:25:20
226468844,Winnie,False,2019-03-01 01:38:18,2019-03-01 01:38:18
226480704,Willi,False,2019-12-19 13:02:13,2019-12-19 13:02:13
226545155,Caroline,True,2019-05-07 23:10:01,2019-05-07 23:10:01
226644788,Lara,False,2019-08-10 21:46:00,2019-08-10 21:46:00
226804910,Andrea,True,2021-04-27 14:11:23,2021-04-27 14:11:23
226976247,Benjamin,False,2021-10-22 18:12:13,2021-10-22 18:12:13
227034714,Norbert,True,2018-12-06 05:40:54,2018-12-06 05:40:54
227122628,Hassanin,False,2021-11-07 04:46:30,2021-11-07 04:46:30
227441080,Benni,False,2021-10-21 12:40:28,2021-10-21 12:40:28
227580228,Florian,False,2018-11-24 02:21:49,2018-11-24 02:21:49
227583617,Lou,False,2019-01-11 16:12:34,2019-01-11 16:12:34
227608392,Phuc,False,2021-08-30 21:14:23,2021-08-30 21:14:23
227612865,André,False,2018-12-09 00:47:24,2018-12-09 00:47:24
227623259,Susana,True,2020-10-15 23:47:32,2020-10-15 23:47:32
227774469,Ainhoa,False,2018-12-05 08:08:28,2018-12-05 08:08:28
227798081,Nicolas,True,2019-03-30 23:20:26,2019-03-30 23:20:26
227835898,Zviad,False,2021-11-15 14:53:28,2021-11-15 14:53:28
227868914,Alalouch,False,2019-08-01 09:26:48,2019-08-01 09:26:48
227947244,Amadou,False,2019-05-26 22:40:16,2019-05-26 22:40:16
228058426,Dorit,True,2018-11-26 11:52:56,2018-11-26 11:52:56
228105924,Eva-Lotta,False,2021-11-10 05:23:52,2021-11-10 05:23:52
228360093,Peter,False,2021-07-31 04:51:09,2021-07-31 04:51:09
228560577,Amjad,False,2021-10-29 11:55:39,2021-10-29 11:55:39
228579126,Negin,False,2021-11-15 00:54:26,2021-11-15 00:54:26
228670455,Uwe,False,2018-11-26 10:12:59,2018-11-26 10:12:59
228702349,Maximilian,False,2018-12-24 06:16:10,2018-12-24 06:16:10
228821843,Peta,False,2018-12-18 17:30:27,2018-12-18 17:30:27
228826277,Lion,False,2018-12-27 13:14:27,2018-12-27 13:14:27
228838792,Lisa,False,2019-09-09 12:00:09,2019-09-09 12:00:09
228863350,Ana,False,2018-12-16 04:01:02,2018-12-16 04:01:02
228893524,Rebeca,False,2018-12-19 09:04:18,2018-12-19 09:04:18
228898318,Andrea,True,2021-06-15 21:28:14,2021-06-15 21:28:14
228901917,Lara,False,2021-06-27 14:54:44,2021-06-27 14:54:44
228990143,Joseph,False,2020-02-18 04:46:27,2020-02-18 04:46:27
229087787,Joanna,False,2021-08-02 11:04:30,2021-08-02 11:04:30
229089748,Nikola,True,2021-07-02 13:13:23,2021-07-02 13:13:23
229198003,Benjamin Und Andreas,False,2019-04-20 01:24:50,2019-04-20 01:24:50
229209363,Ann-Sophie,False,2019-09-01 05:01:33,2019-09-01 05:01:33
229224660,FLOTTWELL BERLIN Hotel,False,2019-03-30 05:18:14,2019-03-30 05:18:14
229225507,Violeta,False,2018-12-30 15:12:37,2018-12-30 15:12:37
229230204,Sascha,False,2018-12-09 10:45:47,2018-12-09 10:45:47
229379445,Julien,False,2021-11-04 02:56:32,2021-11-04 02:56:32
229435799,Elliot,False,2020-07-13 22:27:18,2020-07-13 22:27:18
229439059,Alexander,False,2019-02-02 20:13:13,2019-02-02 20:13:13
229443494,Yana,False,2018-12-26 09:53:13,2018-12-26 09:53:13
229694700,Mouod,False,2021-10-26 02:43:41,2021-10-26 02:43:41
229742535,Tom,True,2019-08-14 16:26:59,2019-08-14 16:26:59
229814668,Anastasia,False,2018-12-19 16:46:21,2018-12-19 16:46:21
229818288,Ermin,False,2019-12-19 18:19:39,2019-12-19 18:19:39
229848279,Itohan Mercy,False,2019-04-18 21:52:04,2019-04-18 21:52:04
229906598,Aris,False,2019-01-01 14:40:27,2019-01-01 14:40:27
229974079,Naora,False,2019-04-23 17:09:42,2019-04-23 17:09:42
229976316,Sören,False,2018-12-25 12:36:52,2018-12-25 12:36:52
230001236,Assunta,True,2019-01-08 12:59:34,2019-01-08 12:59:34
230303813,My Linh,False,2019-04-19 22:18:46,2019-04-19 22:18:46
230318099,Petra,True,2019-03-21 20:53:41,2019-03-21 20:53:41
230325352,Vincent,False,2019-07-17 11:10:22,2019-07-17 11:10:22
230343847,Fabio,False,2019-06-24 04:18:10,2019-06-24 04:18:10
230352789,Uta,False,2019-03-15 16:48:55,2019-03-15 16:48:55
230374445,Nour,False,2019-08-24 08:20:20,2019-08-24 08:20:20
230386042,Evgeny,False,2020-04-15 00:17:42,2020-04-15 00:17:42
230483522,Sabine,False,2019-12-27 09:03:15,2019-12-27 09:03:15
230485511,Lauriane,False,2018-12-21 08:52:48,2018-12-21 08:52:48
230607730,Andrea,False,2021-08-05 22:09:44,2021-08-05 22:09:44
230642908,Alexandra,False,2019-11-24 06:37:45,2019-11-24 06:37:45
230662590,Felix,False,2019-03-17 22:16:43,2019-03-17 22:16:43
230943751,Morgan,False,2021-10-29 08:10:55,2021-10-29 08:10:55
231054516,Björn,False,2019-04-25 15:44:45,2019-04-25 15:44:45
231080319,Stephan,False,2018-12-25 02:18:26,2018-12-25 02:18:26
231082199,Annett,False,2021-08-21 07:09:53,2021-08-21 07:09:53
231137281,Lara,False,2019-03-04 06:24:31,2019-03-04 06:24:31
231153373,Linda,False,2019-04-08 05:54:57,2019-04-08 05:54:57
231321669,Johann,True,2021-04-01 18:56:08,2021-04-01 18:56:08
231385009,Florian,False,2019-12-25 07:44:33,2019-12-25 07:44:33
231477389,Miguel Tito,False,2018-12-17 18:59:50,2018-12-17 18:59:50
231480307,Aria,False,2018-12-24 13:44:50,2018-12-24 13:44:50
231582428,Mohit,False,2019-05-29 02:21:00,2019-05-29 02:21:00
231617186,Manuel,False,2019-07-27 18:29:33,2019-07-27 18:29:33
231622685,Anne,False,2019-01-27 01:50:04,2019-01-27 01:50:04
231632308,Julian,True,2018-12-30 10:35:03,2018-12-30 10:35:03
231768189,Alex,False,2019-02-04 20:53:01,2019-02-04 20:53:01
231929784,Christian,False,2019-06-01 09:55:12,2019-06-01 09:55:12
231988813,Ayesha,False,2018-12-16 14:42:34,2018-12-16 14:42:34
232010466,Werner,True,2019-01-12 15:16:00,2019-01-12 15:16:00
232067096,Islem,False,2020-08-11 05:15:24,2020-08-11 05:15:24
232136851,Sören,True,2019-07-17 14:12:25,2019-07-17 14:12:25
232201424,Marissa,True,2019-02-25 03:36:18,2019-02-25 03:36:18
232381112,Mark,False,2019-03-15 22:52:47,2019-03-15 22:52:47
232510151,Bettina,False,2019-04-27 23:27:20,2019-04-27 23:27:20
232544721,Brigitte,False,2019-04-15 07:22:36,2019-04-15 07:22:36
232551293,Philipp,True,2019-02-16 19:17:54,2019-02-16 19:17:54
232691796,Dusan,True,2018-12-22 14:06:39,2018-12-22 14:06:39
232917231,Franziska,False,2018-12-16 17:45:37,2018-12-16 17:45:37
232966616,Gabriele,False,2019-03-03 16:18:13,2019-03-03 16:18:13
232977398,Steffen,False,2019-06-30 02:56:25,2019-06-30 02:56:25
233220830,Mohammad Hamza,False,2021-11-09 07:00:44,2021-11-09 07:00:44
233476604,Sami,False,2021-07-11 11:09:11,2021-07-11 11:09:11
233629381,Olaf,False,2018-12-29 01:56:30,2018-12-29 01:56:30
233663426,Matthias,True,2019-04-25 03:25:04,2019-04-25 03:25:04
233890775,Michael,False,2019-01-09 20:29:00,2019-01-09 20:29:00
233918696,Alessandra,False,2019-07-31 21:53:46,2019-07-31 21:53:46
233927295,Nhung,False,2019-01-05 16:39:25,2019-01-05 16:39:25
234077728,Anahita,False,2021-11-08 10:40:22,2021-11-08 10:40:22
234080474,Julius,False,2019-05-07 19:56:26,2019-05-07 19:56:26
234280081,Irene,False,2019-01-24 04:19:54,2019-01-24 04:19:54
234312359,Trina,False,2019-05-08 11:39:05,2019-05-08 11:39:05
234393112,Sven,False,2019-01-13 08:31:59,2019-01-13 08:31:59
234510969,Frank,True,2019-12-17 23:13:55,2019-12-17 23:13:55
234578236,Sarah,False,2021-10-28 04:47:06,2021-10-28 04:47:06
234695082,Susanne,False,2021-10-21 08:17:52,2021-10-21 08:17:52
234753937,Yue,False,2021-10-26 02:00:45,2021-10-26 02:00:45
234800552,Mohammad Reza,False,2019-01-24 13:30:38,2019-01-24 13:30:38
234811911,Alex,False,2021-11-09 10:55:54,2021-11-09 10:55:54
234930165,KroMap,False,2019-04-02 06:13:55,2019-04-02 06:13:55
235032226,Benjamin,False,2019-01-15 07:17:50,2019-01-15 07:17:50
235058174,Bert,True,2019-01-04 18:48:56,2019-01-04 18:48:56
235168007,Gela,True,2019-01-17 10:58:24,2019-01-17 10:58:24
235188041,Pedram,False,2021-11-18 20:31:48,2021-11-18 20:31:48
235201790,Renate,True,2019-01-24 10:03:03,2019-01-24 10:03:03
235406349,Centrovital,False,2019-02-02 16:31:50,2019-02-02 16:31:50
235448301,Gritt,True,2019-02-23 11:03:50,2019-02-23 11:03:50
235494831,Sol,False,2019-01-23 05:19:39,2019-01-23 05:19:39
235516787,Frank,False,2019-01-03 05:57:31,2019-01-03 05:57:31
235520461,Ralf,False,2021-11-16 09:45:30,2021-11-16 09:45:30
235524245,Vinnie,True,2019-06-11 04:44:20,2019-06-11 04:44:20
235527892,Jhon Jairo,False,2019-07-21 21:26:02,2019-07-21 21:26:02
235589349,Maria,False,2019-02-09 12:29:49,2019-02-09 12:29:49
235668226,Nebo,False,2021-02-10 04:05:42,2021-02-10 04:05:42
235728535,Monika,True,2019-01-14 21:36:18,2019-01-14 21:36:18
235847317,Annette,True,2019-02-06 15:51:48,2019-02-06 15:51:48
235871361,Sahling,False,2019-01-05 01:23:17,2019-01-05 01:23:17
235879272,Stefan,False,2019-01-17 10:15:15,2019-01-17 10:15:15
235904998,Franziska,False,2019-05-26 02:05:21,2019-05-26 02:05:21
236031555,Lisa,False,2021-08-21 17:41:36,2021-08-21 17:41:36
236084954,Marc,False,2019-03-21 22:15:53,2019-03-21 22:15:53
236148209,Antje,False,2021-07-14 07:46:34,2021-07-14 07:46:34
236290057,Susann,False,2020-03-05 23:49:50,2020-03-05 23:49:50
236291927,Henok,False,2019-04-10 21:32:38,2019-04-10 21:32:38
236474705,Arzu,True,2019-03-15 03:41:09,2019-03-15 03:41:09
236551352,Victor,True,2021-07-29 08:59:23,2021-07-29 08:59:23
236562193,Simona,False,2019-01-08 05:21:58,2019-01-08 05:21:58
236746096,Georg,False,2020-06-30 05:20:55,2020-06-30 05:20:55
236761017,Janis,True,2019-01-26 13:32:36,2019-01-26 13:32:36
236828216,Kathleen,False,2019-02-23 19:50:40,2019-02-23 19:50:40
236933948,Team Living Hotel Weissensee,False,2020-05-21 09:11:47,2020-05-21 09:11:47
237190016,Özgür,False,2021-10-20 23:11:34,2021-10-20 23:11:34
237199104,Mathias,False,2019-02-02 11:01:30,2019-02-02 11:01:30
237247600,Ruben,True,2019-02-09 16:01:54,2019-02-09 16:01:54
237277569,Djamila,False,2020-07-26 02:11:10,2020-07-26 02:11:10
237476911,Janeth,False,2019-02-28 02:46:09,2019-02-28 02:46:09
237617227,Diana,False,2021-11-05 22:52:32,2021-11-05 22:52:32
237735970,Koko,False,2021-11-09 14:23:56,2021-11-09 14:23:56
237852071,Markus,True,2019-01-16 04:41:11,2019-01-16 04:41:11
237868039,Fadi,True,2020-09-04 03:05:05,2020-09-04 03:05:05
237949725,Hannah,False,2020-09-06 07:16:28,2020-09-06 07:16:28
238003420,Stefan,False,2021-11-05 00:32:14,2021-11-05 00:32:14
238028559,Buchungsservice SECRA Bookings,False,2021-07-28 20:49:01,2021-07-28 20:49:01
238029336,Buchungsservice SECRA Bookings,False,2020-12-01 16:44:54,2020-12-01 16:44:54
238030351,Buchungsservice SECRA Bookings,False,2021-10-26 03:36:06,2021-10-26 03:36:06
238117376,Alina,False,2021-10-28 11:47:59,2021-10-28 11:47:59
238278118,Ndoumbe,False,2019-07-08 13:37:04,2019-07-08 13:37:04
238293580,Rebecca,False,2019-02-03 04:26:51,2019-02-03 04:26:51
238342312,Anna,False,2019-02-08 02:56:54,2019-02-08 02:56:54
238446402,Sophia,False,2019-01-25 10:00:29,2019-01-25 10:00:29
238646049,Pieter & Anne,False,2019-03-02 00:34:16,2019-03-02 00:34:16
238693377,Steffen,False,2019-03-22 20:13:14,2019-03-22 20:13:14
238744871,Firman,False,2019-04-08 09:32:13,2019-04-08 09:32:13
238904827,Marlene,False,2019-02-26 21:28:02,2019-02-26 21:28:02
238914286,Baron,False,2021-11-02 05:20:34,2021-11-02 05:20:34
239040287,Joachim,False,2019-06-16 17:02:42,2019-06-16 17:02:42
239050243,Barbara,False,2019-08-31 14:42:43,2019-08-31 14:42:43
239058698,Eylem,False,2019-01-13 04:21:29,2019-01-13 04:21:29
239249936,Benjamin,False,2021-11-10 06:04:23,2021-11-10 06:04:23
239572037,Ana,False,2021-11-15 11:27:26,2021-11-15 11:27:26
239737415,Christin,False,2019-02-10 00:28:57,2019-02-10 00:28:57
239752574,Hector,False,2021-11-01 11:12:09,2021-11-01 11:12:09
239914396,Ferdinand,False,2019-03-23 12:20:25,2019-03-23 12:20:25
239934068,Se,False,2019-10-06 13:37:38,2019-10-06 13:37:38
240160127,Barkin,False,2019-03-04 19:54:16,2019-03-04 19:54:16
240204649,St Christophers Inn Berlin,False,2019-06-25 16:49:30,2019-06-25 16:49:30
240210420,Gabriela,False,2019-01-29 22:20:40,2019-01-29 22:20:40
240229894,Mathias,False,2020-04-27 17:50:50,2020-04-27 17:50:50
240236791,Christian,False,2019-06-27 11:56:41,2019-06-27 11:56:41
240349779,Thomas,False,2019-02-13 03:57:05,2019-02-13 03:57:05
240361474,Cora,False,2021-11-09 00:56:19,2021-11-09 00:56:19
240471823,Damien,True,2019-08-05 09:02:07,2019-08-05 09:02:07
240489100,Charlotte,False,2019-10-11 20:05:19,2019-10-11 20:05:19
240774012,Meredith,False,2021-11-13 01:15:53,2021-11-13 01:15:53
240803358,Michaela,True,2019-03-06 06:33:46,2019-03-06 06:33:46
240978402,Oliver,False,2021-10-28 03:27:06,2021-10-28 03:27:06
241020837,Jürgen,True,2019-04-11 04:08:05,2019-04-11 04:08:05
241176336,Stayery,True,2019-02-14 18:50:41,2019-02-14 18:50:41
241261677,Ernst,False,2021-11-01 21:04:00,2021-11-01 21:04:00
241278252,Flo,True,2019-03-14 16:29:19,2019-03-14 16:29:19
241439206,Andrea,True,2019-04-22 10:55:44,2019-04-22 10:55:44
241486369,Tim,True,2020-08-21 19:50:53,2020-08-21 19:50:53
241598444,Maya,False,2020-09-21 02:45:40,2020-09-21 02:45:40
241626933,Rupert,False,2021-11-09 19:33:57,2021-11-09 19:33:57
241643747,Mehdi,False,2021-07-26 06:40:30,2021-07-26 06:40:30
241695991,Sarah,False,2019-03-27 18:40:58,2019-03-27 18:40:58
241731385,Deborah,False,2021-11-06 18:39:55,2021-11-06 18:39:55
241745713,Josef,False,2019-02-18 19:04:40,2019-02-18 19:04:40
241893881,Alina,False,2021-10-22 14:30:55,2021-10-22 14:30:55
241946091,Shivam,False,2019-05-08 18:12:14,2019-05-08 18:12:14
242063096,Torill,True,2019-03-07 12:14:12,2019-03-07 12:14:12
242128703,Zöhre,True,2019-10-21 11:18:10,2019-10-21 11:18:10
242231104,Hannes,False,2019-03-05 18:30:29,2019-03-05 18:30:29
242430405,Werner,True,2019-04-15 23:46:37,2019-04-15 23:46:37
242439150,Igor,False,2019-05-19 10:36:54,2019-05-19 10:36:54
242443720,Sha,False,2020-02-20 23:53:30,2020-02-20 23:53:30
242476070,Frederic,True,2019-03-09 07:40:40,2019-03-09 07:40:40
242495251,Tina,False,2021-06-24 05:27:05,2021-06-24 05:27:05
242507901,Mareen,False,2019-03-05 18:35:25,2019-03-05 18:35:25
242573496,Peggy,False,2020-10-07 13:47:02,2020-10-07 13:47:02
242662435,Ramona,False,2019-06-27 08:50:51,2019-06-27 08:50:51
242676450,Marion,True,2020-02-14 09:27:17,2020-02-14 09:27:17
242732438,Max,False,2019-03-03 19:54:07,2019-03-03 19:54:07
242740150,Bernd,False,2019-05-11 20:21:14,2019-05-11 20:21:14
242922705,Philipp,False,2019-10-02 18:26:39,2019-10-02 18:26:39
242928642,Lila,True,2019-02-07 09:44:28,2019-02-07 09:44:28
242961382,Helvin,True,2019-03-05 12:43:22,2019-03-05 12:43:22
242964912,SaMer,False,2019-03-01 02:51:14,2019-03-01 02:51:14
243076441,Sebastian,True,2019-10-21 03:06:32,2019-10-21 03:06:32
243177127,Sebastian,True,2019-08-21 18:22:05,2019-08-21 18:22:05
243390663,Anja,False,2021-07-07 21:40:23,2021-07-07 21:40:23
243421116,Maria,False,2021-11-06 14:24:01,2021-11-06 14:24:01
243427336,Trish,False,2019-02-17 01:51:04,2019-02-17 01:51:04
243483364,Tanja,False,2019-02-18 20:28:22,2019-02-18 20:28:22
243593450,Dragos,False,2019-05-15 20:06:03,2019-05-15 20:06:03
243622938,Darya,False,2021-11-02 12:49:30,2021-11-02 12:49:30
243806907,Stefan,False,2019-07-04 22:05:16,2019-07-04 22:05:16
243835679,Marco,False,2019-12-22 15:17:41,2019-12-22 15:17:41
243896113,Nik,False,2019-05-04 10:40:56,2019-05-04 10:40:56
243934963,Sebastian,False,2021-10-25 03:49:03,2021-10-25 03:49:03
243951375,Ani,False,2021-08-01 22:12:08,2021-08-01 22:12:08
244058292,Kasey,False,2019-02-24 01:08:20,2019-02-24 01:08:20
244062496,Lauritz,False,2019-03-01 09:34:21,2019-03-01 09:34:21
244300136,Lukas,False,2019-03-20 08:04:13,2019-03-20 08:04:13
244301347,Jule,False,2019-12-31 08:53:15,2019-12-31 08:53:15
244311758,Juliette,False,2019-03-14 06:54:45,2019-03-14 06:54:45
244346619,Pierre,False,2019-11-09 04:59:10,2019-11-09 04:59:10
244374498,Roman,True,2020-07-29 21:32:13,2020-07-29 21:32:13
244482639,Sylvia,False,2019-02-19 19:44:43,2019-02-19 19:44:43
244591669,Michael,True,2019-11-08 08:17:44,2019-11-08 08:17:44
244881771,Lutz,False,2020-10-27 19:48:41,2020-10-27 19:48:41
245121658,Anika Und Martin,False,2021-11-06 20:17:16,2021-11-06 20:17:16
245134540,Anat,True,2019-05-21 19:28:31,2019-05-21 19:28:31
245273297,Lea,False,2019-03-01 02:42:36,2019-03-01 02:42:36
245287038,Gianni,False,2020-08-31 22:45:35,2020-08-31 22:45:35
245322783,Sofie,True,2019-06-04 22:23:40,2019-06-04 22:23:40
245717635,Ulf,True,2019-04-20 05:36:40,2019-04-20 05:36:40
245724076,IRent,False,2019-03-03 05:15:35,2019-03-03 05:15:35
245813534,Viktoria,False,2019-12-27 06:23:24,2019-12-27 06:23:24
245921875,Cornelia,False,2021-10-29 01:32:36,2021-10-29 01:32:36
245939806,Christoph,False,2021-10-28 01:40:26,2021-10-28 01:40:26
246097895,Vicky,False,2019-02-27 16:27:01,2019-02-27 16:27:01
246126296,Katharina,False,2019-03-06 01:26:59,2019-03-06 01:26:59
246141139,Philipp,False,2019-02-27 14:12:57,2019-02-27 14:12:57
246149585,Toma,False,2019-04-16 11:36:00,2019-04-16 11:36:00
246182817,Donata,False,2020-01-20 04:52:12,2020-01-20 04:52:12
246426102,Saman,True,2020-07-23 00:28:38,2020-07-23 00:28:38
246524621,Vivien,False,2019-08-24 04:09:54,2019-08-24 04:09:54
246731979,Larissa,False,2019-04-04 12:04:59,2019-04-04 12:04:59
246816195,Carolin,False,2019-03-06 17:05:43,2019-03-06 17:05:43
246848849,Kim,False,2021-10-28 18:39:02,2021-10-28 18:39:02
247023802,Esra,True,2019-03-29 17:53:42,2019-03-29 17:53:42
247071736,Jeffrey,False,2019-03-11 13:20:00,2019-03-11 13:20:00
247158537,Carolin,False,2019-03-20 09:38:49,2019-03-20 09:38:49
247180286,Paul,False,2019-04-01 03:59:48,2019-04-01 03:59:48
247205056,Thomas,False,2021-07-30 00:37:12,2021-07-30 00:37:12
247426814,Joseph,True,2019-03-20 18:33:35,2019-03-20 18:33:35
247428676,Michael,False,2021-10-29 17:14:30,2021-10-29 17:14:30
247436929,Patric,True,2019-03-10 04:30:40,2019-03-10 04:30:40
247444610,Daria,True,2019-03-09 02:25:35,2019-03-09 02:25:35
247583994,Daniel,True,2019-03-16 07:46:01,2019-03-16 07:46:01
247651074,Lucka,False,2019-03-14 12:45:57,2019-03-14 12:45:57
247668798,Christiane,False,2019-06-20 08:34:54,2019-06-20 08:34:54
247832729,Diana,False,2019-09-17 05:56:44,2019-09-17 05:56:44
247958421,Denis,False,2019-03-21 12:27:24,2019-03-21 12:27:24
247978374,Leena,True,2019-03-26 03:24:57,2019-03-26 03:24:57
248037605,Leslye,False,2019-03-15 12:25:07,2019-03-15 12:25:07
248358743,Markus,False,2019-07-14 07:58:25,2019-07-14 07:58:25
248390574,Anna,False,2019-11-26 10:31:43,2019-11-26 10:31:43
248447171,Konstantin,True,2019-03-18 04:59:34,2019-03-18 04:59:34
248564713,Luis,False,2019-03-31 06:02:34,2019-03-31 06:02:34
248577093,Anne,False,2019-03-26 22:58:43,2019-03-26 22:58:43
248696847,Gerasimos,False,2020-03-01 01:43:29,2020-03-01 01:43:29
248820265,Oguzhan,False,2020-02-20 10:36:01,2020-02-20 10:36:01
248853741,Suse,False,2019-03-10 16:27:42,2019-03-10 16:27:42
248866253,Kaya,True,2019-08-21 16:36:06,2019-08-21 16:36:06
249039927,Emiliano,False,2021-11-12 14:28:48,2021-11-12 14:28:48
249076347,Eli,True,2019-07-23 12:25:20,2019-07-23 12:25:20
249095771,Jonas,False,2019-04-19 12:33:03,2019-04-19 12:33:03
249240890,Bob,False,2021-07-31 01:09:29,2021-07-31 01:09:29
249285910,Ricardo,False,2021-11-13 05:16:51,2021-11-13 05:16:51
249494349,Anne,False,2019-06-28 21:37:50,2019-06-28 21:37:50
249586813,Lina,True,2019-07-02 16:11:27,2019-07-02 16:11:27
249643775,Soraya,False,2019-03-13 08:45:15,2019-03-13 08:45:15
249647967,Debora,False,2019-12-23 13:52:32,2019-12-23 13:52:32
249817385,Iris,False,2019-06-04 17:36:20,2019-06-04 17:36:20
249851890,Natascha,True,2019-03-15 22:44:09,2019-03-15 22:44:09
249913966,Till,False,2019-07-10 16:12:28,2019-07-10 16:12:28
249960384,Sabine & Andreas,False,2019-04-04 20:58:29,2019-04-04 20:58:29
250095588,Tushar,False,2019-05-26 18:02:32,2019-05-26 18:02:32
250422861,Uta,False,2019-04-19 04:08:02,2019-04-19 04:08:02
250424750,Armin,False,2019-04-08 06:31:13,2019-04-08 06:31:13
250434615,Henrik,False,2019-03-22 19:36:15,2019-03-22 19:36:15
250463009,Ana,False,2019-10-18 11:37:01,2019-10-18 11:37:01
250474714,Laura,False,2019-04-17 16:43:38,2019-04-17 16:43:38
250490126,Louisa,False,2021-11-08 10:19:41,2021-11-08 10:19:41
250648735,Tanya,False,2021-05-19 14:19:38,2021-05-19 14:19:38
250666138,Nicolas,False,2019-09-14 20:32:50,2019-09-14 20:32:50
250756570,Anaïs,False,2021-07-03 18:10:40,2021-07-03 18:10:40
250859973,Dennis,False,2019-04-07 14:14:01,2019-04-07 14:14:01
250865735,Thomas,False,2019-08-29 01:53:38,2019-08-29 01:53:38
250865866,Ewa,False,2021-11-04 11:21:12,2021-11-04 11:21:12
250869359,Anastassia,False,2019-09-18 12:19:49,2019-09-18 12:19:49
250870384,Andreas,True,2019-04-12 11:53:20,2019-04-12 11:53:20
251070303,Viola,False,2019-04-08 01:59:33,2019-04-08 01:59:33
251495116,Andrea,False,2019-05-13 08:05:34,2019-05-13 08:05:34
251497729,Kristina,False,2019-05-25 18:31:21,2019-05-25 18:31:21
251609284,Florian,False,2021-10-22 07:22:40,2021-10-22 07:22:40
251692186,Maischa,False,2019-08-06 05:39:24,2019-08-06 05:39:24
251702716,John,False,2021-11-10 09:07:39,2021-11-10 09:07:39
251703986,Martin,False,2020-07-24 22:42:45,2020-07-24 22:42:45
251708769,Marie,False,2019-05-26 19:30:28,2019-05-26 19:30:28
251921957,Sabby,False,2019-12-22 04:44:49,2019-12-22 04:44:49
251964839,Isabella,True,2019-04-12 08:04:37,2019-04-12 08:04:37
251971300,Philipp,False,2019-09-05 12:07:53,2019-09-05 12:07:53
252010097,Ardit,False,2020-04-27 20:48:25,2020-04-27 20:48:25
252025968,Kanchanjit,False,2021-11-17 11:20:09,2021-11-17 11:20:09
252048694,Aghy,False,2020-02-26 23:53:26,2020-02-26 23:53:26
252090361,Jonathan,False,2019-04-05 22:24:59,2019-04-05 22:24:59
252128965,Anja,False,2019-07-09 00:09:47,2019-07-09 00:09:47
252315229,David,False,2019-08-03 04:38:42,2019-08-03 04:38:42
252498808,Vermietungsservice SECRA Bookings,False,2021-08-06 11:40:10,2021-08-06 11:40:10
252506507,Rainer,False,2019-03-23 18:56:21,2019-03-23 18:56:21
252517578,Christian,True,2019-04-10 13:31:06,2019-04-10 13:31:06
252608118,Enrico,False,2019-06-19 17:44:35,2019-06-19 17:44:35
252615967,Manuela,False,2021-11-02 16:15:05,2021-11-02 16:15:05
252720334,Anja,False,2020-02-13 16:42:07,2020-02-13 16:42:07
252740499,Ulf,False,2019-04-07 14:50:03,2019-04-07 14:50:03
252743752,Judith,True,2019-04-01 10:14:57,2019-04-01 10:14:57
252805983,Silvan,False,2021-10-23 06:35:10,2021-10-23 06:35:10
252831202,Jonas,False,2019-04-19 01:56:54,2019-04-19 01:56:54
252938718,Anna,False,2021-11-17 12:39:01,2021-11-17 12:39:01
252963672,Serena,False,2019-04-30 02:11:32,2019-04-30 02:11:32
252981613,Sofia,False,2019-04-18 15:25:27,2019-04-18 15:25:27
253137965,Laura,False,2019-06-26 17:48:22,2019-06-26 17:48:22
253224425,Augusto,False,2021-08-13 20:15:51,2021-08-13 20:15:51
253228683,Dan,False,2019-05-18 02:16:33,2019-05-18 02:16:33
253433465,Anika,False,2019-06-29 23:52:45,2019-06-29 23:52:45
253470504,Konstantin,True,2019-04-05 09:16:36,2019-04-05 09:16:36
253489630,Paul,False,2021-11-11 22:50:47,2021-11-11 22:50:47
253550770,铮争,False,2021-10-23 10:15:38,2021-10-23 10:15:38
253593119,Silvia,False,2021-11-09 03:42:04,2021-11-09 03:42:04
253607769,Felix,True,2019-04-11 13:41:34,2019-04-11 13:41:34
253784213,Anna,False,2019-05-13 03:14:52,2019-05-13 03:14:52
253869373,Janine,False,2019-06-02 23:19:00,2019-06-02 23:19:00
254002911,Malou,False,2019-06-08 18:21:58,2019-06-08 18:21:58
254003149,Hilmi Kaya,True,2019-04-19 09:36:10,2019-04-19 09:36:10
254121955,Ghaya,False,2019-07-04 15:56:50,2019-07-04 15:56:50
254273419,Bugdayci,False,2021-11-05 20:51:49,2021-11-05 20:51:49
254296027,Annett,False,2020-02-19 22:23:19,2020-02-19 22:23:19
254344351,Julia,False,2020-01-10 15:00:15,2020-01-10 15:00:15
254371533,Jonas & Michela,False,2019-07-29 19:30:30,2019-07-29 19:30:30
254469394,Iris,False,2019-04-15 08:20:23,2019-04-15 08:20:23
254474068,Hannes,False,2019-04-27 14:34:06,2019-04-27 14:34:06
254531738,Matthias,False,2021-11-01 20:20:28,2021-11-01 20:20:28
254624292,Kevin,False,2020-06-06 00:44:55,2020-06-06 00:44:55
255189662,Vivienne,False,2020-07-17 21:14:41,2020-07-17 21:14:41
255208777,Lea,False,2019-05-02 13:22:44,2019-05-02 13:22:44
255304344,Charlotte,False,2021-08-02 20:58:38,2021-08-02 20:58:38
255434237,Kathrin,False,2021-10-27 09:22:55,2021-10-27 09:22:55
255505646,Gisela,True,2019-06-07 13:13:08,2019-06-07 13:13:08
255536908,Leo,False,2019-06-03 22:12:29,2019-06-03 22:12:29
255568099,Inga,True,2019-05-21 21:04:25,2019-05-21 21:04:25
255694167,Joyce,False,2019-06-08 10:12:37,2019-06-08 10:12:37
255935032,Jules,False,2021-09-09 19:39:41,2021-09-09 19:39:41
255958728,Patrick,False,2019-06-02 11:55:19,2019-06-02 11:55:19
256035484,Emeline,False,2020-07-13 05:00:37,2020-07-13 05:00:37
256062596,Corinna,True,2019-06-04 07:19:39,2019-06-04 07:19:39
256278556,Ben,False,2019-09-06 03:59:10,2019-09-06 03:59:10
256430330,Farzona,False,2021-04-13 08:02:04,2021-04-13 08:02:04
256588588,Nancy,False,2019-12-26 18:49:20,2019-12-26 18:49:20
256594479,Daniel,False,2019-04-28 03:17:00,2019-04-28 03:17:00
256594692,Pin-Jyun,False,2019-05-13 23:57:40,2019-05-13 23:57:40
256605450,Julian,False,2019-12-01 00:37:56,2019-12-01 00:37:56
256762224,Giancarlo,False,2021-11-06 20:38:41,2021-11-06 20:38:41
257183289,Baladeira,False,2019-04-21 16:21:04,2019-04-21 16:21:04
257323932,Ana,False,2019-06-18 01:10:25,2019-06-18 01:10:25
257379748,Cruz,False,2021-10-22 17:38:07,2021-10-22 17:38:07
257726278,Laurenz,True,2019-05-10 20:10:30,2019-05-10 20:10:30
257726398,Team Vom Goodman´S Living,False,2019-06-26 12:13:32,2019-06-26 12:13:32
257730416,Anna,True,2019-05-18 15:20:43,2019-05-18 15:20:43
257757294,Robert,True,2019-06-02 12:52:28,2019-06-02 12:52:28
257790634,Ariane,False,2021-11-07 14:24:45,2021-11-07 14:24:45
258173951,Dominik,False,2021-11-10 03:29:00,2021-11-10 03:29:00
258197723,Vicky,True,2019-04-23 04:13:44,2019-04-23 04:13:44
258217678,Tim,True,2019-11-29 20:13:50,2019-11-29 20:13:50
258229037,Daniela,False,2020-02-15 20:27:33,2020-02-15 20:27:33
258350902,Manni,False,2019-04-29 10:31:36,2019-04-29 10:31:36
258356469,Phil,False,2019-05-16 18:05:38,2019-05-16 18:05:38
258536638,Anna-Lena,False,2019-06-29 20:43:34,2019-06-29 20:43:34
258606573,Kevin Eghosa,False,2021-10-30 15:40:24,2021-10-30 15:40:24
258692912,Crystal River,False,2019-06-06 13:50:36,2019-06-06 13:50:36
258711520,Christina,False,2020-08-25 07:31:15,2020-08-25 07:31:15
258761653,Nena Apartments Metropolpark Berlin,False,2019-05-11 02:23:29,2019-05-11 02:23:29
258767530,Tanya,False,2019-05-26 04:10:57,2019-05-26 04:10:57
258780613,Sophie,False,2019-12-22 04:30:15,2019-12-22 04:30:15
258798035,Emily,True,2019-06-01 20:34:07,2019-06-01 20:34:07
258832970,Vika,False,2021-05-18 13:11:59,2021-05-18 13:11:59
258947387,Sophia Und Tilman,False,2019-05-14 22:48:03,2019-05-14 22:48:03
258959731,La Corniche Apartments GmbH,False,2021-10-30 00:21:40,2021-10-30 00:21:40
259149815,Luis,False,2019-04-28 16:56:30,2019-04-28 16:56:30
259224000,Team Vom,True,2019-06-02 16:26:07,2019-06-02 16:26:07
259262897,Letizia,False,2020-03-11 00:08:51,2020-03-11 00:08:51
259317360,Domenico,False,2021-11-18 06:51:21,2021-11-18 06:51:21
259412674,Anita,False,2021-09-25 10:11:50,2021-09-25 10:11:50
259418649,Anna,False,2021-11-19 15:57:30,2021-11-19 15:57:30
259423623,Robert,False,2019-04-21 06:13:50,2019-04-21 06:13:50
259551168,Oleg,False,2019-05-10 20:38:19,2019-05-10 20:38:19
259604247,Pia,False,2019-05-13 16:35:47,2019-05-13 16:35:47
259711094,Coralie,False,2019-07-20 04:55:32,2019-07-20 04:55:32
259727701,Elsa,False,2021-10-27 03:26:46,2021-10-27 03:26:46
259739442,Irene Lia,False,2020-07-18 11:37:34,2020-07-18 11:37:34
259940521,Kefah,False,2021-11-14 07:57:05,2021-11-14 07:57:05
259971398,Yedai,True,2019-05-09 13:31:10,2019-05-09 13:31:10
259981791,Ahmad,False,2021-10-28 05:15:13,2021-10-28 05:15:13
260167740,Marthe,False,2020-09-25 17:03:13,2020-09-25 17:03:13
260583792,Chris,False,2019-07-05 15:44:48,2019-07-05 15:44:48
260745009,Julien,False,2019-09-04 16:36:06,2019-09-04 16:36:06
260759851,Stefan,False,2019-05-24 02:56:47,2019-05-24 02:56:47
260945779,Katharina,False,2019-05-13 01:47:34,2019-05-13 01:47:34
260969264,Johannes,True,2019-06-02 21:37:56,2019-06-02 21:37:56
261036424,Elvin,False,2021-10-02 20:15:10,2021-10-02 20:15:10
261308982,Ina,False,2019-05-12 10:20:19,2019-05-12 10:20:19
261377554,Chiara,False,2019-08-26 17:32:34,2019-08-26 17:32:34
261548855,Flo,False,2019-06-11 02:51:27,2019-06-11 02:51:27
261605200,Laura,False,2019-05-01 11:58:59,2019-05-01 11:58:59
262057253,Williane,True,2019-05-12 14:28:30,2019-05-12 14:28:30
262209501,Jason,False,2019-08-25 05:23:57,2019-08-25 05:23:57
262248101,Julian,False,2019-07-10 08:17:34,2019-07-10 08:17:34
262271694,Lothar,False,2019-06-05 12:28:10,2019-06-05 12:28:10
262277644,Hugo,False,2019-05-13 13:08:49,2019-05-13 13:08:49
262362133,Lynda,True,2019-05-18 06:45:12,2019-05-18 06:45:12
262442515,Selma,False,2019-06-11 05:36:51,2019-06-11 05:36:51
262470855,Marta,False,2021-11-16 13:16:42,2021-11-16 13:16:42
262828785,Stella,False,2019-06-20 23:26:07,2019-06-20 23:26:07
262942262,Kristina,False,2019-07-14 21:42:01,2019-07-14 21:42:01
263245982,Ela,False,2020-08-22 19:40:50,2020-08-22 19:40:50
263379944,R.,True,2019-05-20 02:33:43,2019-05-20 02:33:43
263403354,Ignacio,False,2021-09-09 13:33:58,2021-09-09 13:33:58
263427438,Amélie,False,2019-06-04 21:20:28,2019-06-04 21:20:28
263458414,John,False,2019-05-27 20:21:32,2019-05-27 20:21:32
263627387,Simon,False,2021-10-22 16:47:37,2021-10-22 16:47:37
263663534,Bianca,False,2019-05-18 19:10:58,2019-05-18 19:10:58
263757282,Serhat,True,2019-06-22 09:59:41,2019-06-22 09:59:41
263814398,Uyen,False,2021-10-11 15:57:42,2021-10-11 15:57:42
263822901,Lea,False,2021-07-18 16:45:03,2021-07-18 16:45:03
263838249,Erhan,True,2019-05-17 13:53:29,2019-05-17 13:53:29
263918188,Sedra,False,2021-10-28 03:28:24,2021-10-28 03:28:24
264000094,Maryam,False,2021-11-06 01:55:48,2021-11-06 01:55:48
264047260,Yuval,True,2019-05-26 02:41:35,2019-05-26 02:41:35
264220585,Nicolas,False,2019-12-28 06:28:12,2019-12-28 06:28:12
264306815,Erdal,False,2021-11-05 08:32:16,2021-11-05 08:32:16
264435948,Soji,False,2020-02-14 19:48:33,2020-02-14 19:48:33
264442117,Matthias,False,2019-06-11 07:56:43,2019-06-11 07:56:43
264491936,Kathleen,False,2019-12-25 02:30:27,2019-12-25 02:30:27
264650965,Daniela,False,2021-10-26 22:47:47,2021-10-26 22:47:47
264670551,Matthias,False,2019-06-25 14:10:34,2019-06-25 14:10:34
264676347,Annalisa,False,2019-07-02 18:33:24,2019-07-02 18:33:24
264791454,Natalie,False,2019-07-05 20:01:55,2019-07-05 20:01:55
264908563,Laura,True,2019-06-01 05:44:42,2019-06-01 05:44:42
265251885,Phuong Linh,True,2019-08-16 00:01:19,2019-08-16 00:01:19
265406526,Julian Dean,False,2019-05-29 18:03:51,2019-05-29 18:03:51
265415759,Ana,False,2019-11-13 02:13:38,2019-11-13 02:13:38
265446715,Hesham,False,2020-08-23 22:21:14,2020-08-23 22:21:14
265490093,Robert,False,2019-05-27 00:38:52,2019-05-27 00:38:52
265491291,Céline,False,2021-03-30 23:28:40,2021-03-30 23:28:40
265635773,James,False,2019-07-16 16:51:36,2019-07-16 16:51:36
265822169,Agata,False,2019-12-17 16:00:51,2019-12-17 16:00:51
266014741,Kahan,False,2019-06-21 16:51:53,2019-06-21 16:51:53
266026454,Frank,False,2021-07-27 05:38:10,2021-07-27 05:38:10
266028804,Lilian,False,2019-06-22 10:18:25,2019-06-22 10:18:25
266066667,Frank,True,2019-06-04 12:12:02,2019-06-04 12:12:02
266090525,Letizia,False,2019-07-16 02:57:17,2019-07-16 02:57:17
266231877,Danuta,False,2019-07-04 13:24:20,2019-07-04 13:24:20
266250591,Tabea & Paula,False,2019-05-31 17:35:15,2019-05-31 17:35:15
266263930,Heike,False,2019-08-10 18:38:43,2019-08-10 18:38:43
266268233,Anna,False,2021-11-01 17:10:23,2021-11-01 17:10:23
266352766,Alina,False,2021-06-19 05:38:21,2021-06-19 05:38:21
266482556,Andrea Und Holger,True,2019-05-25 18:47:11,2019-05-25 18:47:11
266492416,Johannes,False,2019-10-14 04:49:31,2019-10-14 04:49:31
266536602,Szilard,True,2019-09-28 12:40:11,2019-09-28 12:40:11
266586952,Carla,False,2021-06-12 17:55:54,2021-06-12 17:55:54
266724394,Anna,True,2019-06-12 03:38:36,2019-06-12 03:38:36
266770902,Lisa,False,2019-06-27 08:06:49,2019-06-27 08:06:49
266817943,Oliver,False,2019-08-27 05:22:39,2019-08-27 05:22:39
266910125,Nico,False,2019-07-04 03:19:50,2019-07-04 03:19:50
266914699,Walter,False,2019-07-12 22:42:30,2019-07-12 22:42:30
266952435,Nicole,False,2019-06-19 12:48:57,2019-06-19 12:48:57
266965003,Anja,False,2021-10-29 18:17:45,2021-10-29 18:17:45
267000335,Djo,False,2019-06-21 22:03:21,2019-06-21 22:03:21
267112588,John,False,2019-09-22 16:20:04,2019-09-22 16:20:04
267172624,Wely,True,2020-06-02 09:58:13,2020-06-02 09:58:13
267316752,Nathalie,False,2019-09-03 09:08:31,2019-09-03 09:08:31
267400172,Carsten,True,2019-05-30 02:02:33,2019-05-30 02:02:33
267525825,Bülent,False,2019-08-03 07:51:20,2019-08-03 07:51:20
267551144,Mai,False,2021-08-09 23:41:37,2021-08-09 23:41:37
267562621,Jürgen,True,2019-09-04 19:26:48,2019-09-04 19:26:48
267583245,Stefan Und Nathalie,True,2019-07-12 13:09:58,2019-07-12 13:09:58
267616510,Trine,False,2019-06-12 22:55:46,2019-06-12 22:55:46
267620192,Turabi,False,2019-07-18 23:14:57,2019-07-18 23:14:57
267623793,Katja,True,2019-06-10 02:15:04,2019-06-10 02:15:04
267778385,Zoraya,False,2020-07-16 23:24:13,2020-07-16 23:24:13
267779752,St Christophers Inn Berlin Mitte,False,2019-06-21 02:22:50,2019-06-21 02:22:50
267863630,Julia,False,2019-06-21 21:08:55,2019-06-21 21:08:55
267887249,Joerg,False,2020-07-15 10:42:24,2020-07-15 10:42:24
267995688,Lutz,False,2019-06-09 11:03:14,2019-06-09 11:03:14
268022853,Hotel Die Schule,False,2019-08-30 09:12:27,2019-08-30 09:12:27
268025423,Bob,False,2019-09-19 16:44:29,2019-09-19 16:44:29
268061709,Lazhar,False,2019-06-23 22:32:09,2019-06-23 22:32:09
268066223,Mahnaz,False,2021-11-12 12:39:48,2021-11-12 12:39:48
268075764,Schlossbräu,False,2019-08-31 09:48:07,2019-08-31 09:48:07
268156265,Birgit,True,2019-09-10 16:54:13,2019-09-10 16:54:13
268176715,Tatjana,False,2021-11-03 05:07:17,2021-11-03 05:07:17
268301912,Jörg,True,2019-07-02 03:09:23,2019-07-02 03:09:23
268302176,Jane,False,2019-08-16 21:35:05,2019-08-16 21:35:05
268631508,Maryana,False,2021-10-25 16:38:30,2021-10-25 16:38:30
268768440,Natalia,True,2019-07-09 08:36:13,2019-07-09 08:36:13
268929085,Sonja,False,2019-06-19 11:16:17,2019-06-19 11:16:17
268944361,Olga,False,2019-07-06 17:33:46,2019-07-06 17:33:46
268952342,David Henry,False,2019-08-03 00:02:21,2019-08-03 00:02:21
268964781,Carolin,False,2020-02-23 15:31:06,2020-02-23 15:31:06
269165457,Ringhotel Seehof Berlin - Team,False,2021-09-14 04:48:41,2021-09-14 04:48:41
269192904,Jodali,False,2019-06-29 13:13:11,2019-06-29 13:13:11
269196922,Old Town Hotel,False,2019-08-12 06:21:48,2019-08-12 06:21:48
269247914,Reem,False,2021-11-01 22:01:32,2021-11-01 22:01:32
269454258,Sam,False,2019-12-30 10:05:19,2019-12-30 10:05:19
269461122,Daniel,False,2019-06-22 04:35:52,2019-06-22 04:35:52
269483435,Anaelle,True,2019-06-14 12:34:39,2019-06-14 12:34:39
269730595,Kamal,False,2019-10-11 12:11:36,2019-10-11 12:11:36
269810192,Marie,False,2019-12-29 23:42:52,2019-12-29 23:42:52
269850608,Socrisse Neldy,False,2021-11-03 03:01:52,2021-11-03 03:01:52
269854119,D.,True,2019-06-16 08:51:47,2019-06-16 08:51:47
270096880,Jana,False,2020-01-06 14:19:20,2020-01-06 14:19:20
270284539,Marlon,False,2021-11-17 07:42:42,2021-11-17 07:42:42
270508273,Beatrice,False,2021-09-28 20:56:30,2021-09-28 20:56:30
270511754,Gülhan,False,2020-08-27 23:32:55,2020-08-27 23:32:55
270577016,Johann,True,2019-08-30 19:27:40,2019-08-30 19:27:40
270596134,Zac,False,2021-07-17 21:17:35,2021-07-17 21:17:35
270713464,Lena,False,2021-08-04 17:52:54,2021-08-04 17:52:54
270760003,Anja,True,2019-08-17 12:00:15,2019-08-17 12:00:15
270932564,Ester,False,2021-11-19 10:19:19,2021-11-19 10:19:19
270945294,Alexander,True,2019-07-01 12:38:45,2019-07-01 12:38:45
270945970,Generator,False,2019-07-10 10:40:10,2019-07-10 10:40:10
270965910,Mandana,False,2021-11-12 14:23:59,2021-11-12 14:23:59
271235180,Sammy,False,2020-12-15 16:40:10,2020-12-15 16:40:10
271239829,Christian,False,2021-10-22 00:28:31,2021-10-22 00:28:31
271262936,Tomer,True,2019-06-19 15:08:34,2019-06-19 15:08:34
271536602,Orell,False,2019-09-07 11:49:13,2019-09-07 11:49:13
271539020,Atrous,False,2020-03-01 00:25:33,2020-03-01 00:25:33
271549062,Saskia,False,2019-09-30 18:24:16,2019-09-30 18:24:16
271600260,Kevin,False,2019-06-16 10:12:39,2019-06-16 10:12:39
271635707,Eknös,False,2020-02-08 14:38:46,2020-02-08 14:38:46
271696663,Laura,False,2019-12-23 03:42:34,2019-12-23 03:42:34
271714786,Celio,False,2021-11-16 07:19:01,2021-11-16 07:19:01
271747133,Andrei,False,2019-08-28 16:12:20,2019-08-28 16:12:20
271782848,Laura,False,2019-09-07 13:54:30,2019-09-07 13:54:30
271993354,Orhan,False,2019-06-28 19:48:12,2019-06-28 19:48:12
272015514,Jo,False,2019-07-19 00:34:19,2019-07-19 00:34:19
272028952,Ella,False,2019-06-18 20:01:57,2019-06-18 20:01:57
272444407,Julia,True,2019-07-21 07:31:12,2019-07-21 07:31:12
272513688,Robert,False,2019-06-30 03:12:48,2019-06-30 03:12:48
272567340,Mathias,True,2020-07-16 16:01:05,2020-07-16 16:01:05
272665773,Dominika,False,2019-07-05 12:35:22,2019-07-05 12:35:22
272686633,Greta,False,2019-07-24 11:56:13,2019-07-24 11:56:13
272739339,Jessica,False,2019-07-06 22:56:02,2019-07-06 22:56:02
272770561,Allen,False,2019-08-03 17:15:23,2019-08-03 17:15:23
272784264,Maqsood,False,2019-07-10 10:35:30,2019-07-10 10:35:30
273049892,Andre,True,2019-08-27 05:50:54,2019-08-27 05:50:54
273058696,Jana,False,2019-06-26 18:15:58,2019-06-26 18:15:58
273073817,Michael,True,2019-07-08 15:48:56,2019-07-08 15:48:56
273331838,Mehmet,False,2019-08-27 06:31:11,2019-08-27 06:31:11
273334779,Agata,False,2021-10-26 02:39:15,2021-10-26 02:39:15
273470240,Maria,False,2019-07-08 17:57:13,2019-07-08 17:57:13
273509888,Classik Hotel Hackescher Markt,False,2019-09-03 10:01:59,2019-09-03 10:01:59
273517819,Vera,True,2019-08-07 19:22:07,2019-08-07 19:22:07
273540150,Ivana,False,2020-02-21 13:03:29,2020-02-21 13:03:29
273574156,Kien,False,2019-11-27 19:05:57,2019-11-27 19:05:57
273603825,Melissa,False,2019-12-30 23:11:33,2019-12-30 23:11:33
273704413,Mikhail,False,2020-02-15 19:48:01,2020-02-15 19:48:01
273956965,Ekaterina,True,2021-08-30 09:16:54,2021-08-30 09:16:54
273992777,Irene,False,2019-07-20 12:16:28,2019-07-20 12:16:28
274078976,Francesco,False,2021-11-14 14:54:21,2021-11-14 14:54:21
274202606,Maja And Mark,True,2019-08-29 04:43:22,2019-08-29 04:43:22
274268017,Flo,False,2019-08-08 17:51:58,2019-08-08 17:51:58
274427243,Vanessa,False,2019-07-06 21:50:35,2019-07-06 21:50:35
274428860,Bastian,False,2019-08-29 17:52:57,2019-08-29 17:52:57
274430017,Tim,False,2021-10-27 21:44:51,2021-10-27 21:44:51
274449171,Alexandr,False,2019-07-06 18:10:26,2019-07-06 18:10:26
274566819,Zoë,False,2020-02-25 23:42:05,2020-02-25 23:42:05
274596433,Marc,False,2020-02-10 01:32:57,2020-02-10 01:32:57
274694797,Yen,False,2021-11-19 19:59:38,2021-11-19 19:59:38
274712635,Robert,False,2021-10-24 09:56:15,2021-10-24 09:56:15
274962947,Sergej,False,2019-06-29 05:45:21,2019-06-29 05:45:21
274994975,Ma,False,2019-07-11 04:58:41,2019-07-11 04:58:41
275087561,Shqiponje,False,2021-11-14 07:33:29,2021-11-14 07:33:29
275132496,Virgile,False,2019-08-10 10:04:06,2019-08-10 10:04:06
275227742,Alla,False,2019-08-28 11:14:41,2019-08-28 11:14:41
275245040,Mario,False,2019-07-17 09:43:30,2019-07-17 09:43:30
275252903,Sophia,False,2021-11-07 01:51:29,2021-11-07 01:51:29
275255165,Nora,False,2019-10-04 02:34:27,2019-10-04 02:34:27
275257887,Michael,False,2019-10-23 23:38:55,2019-10-23 23:38:55
275280158,Louis,False,2021-11-11 00:31:37,2021-11-11 00:31:37
275339948,Richard,False,2021-11-12 01:26:44,2021-11-12 01:26:44
275374141,Thomas,False,2021-11-17 12:01:15,2021-11-17 12:01:15
275389549,Helmut,False,2019-10-14 23:22:35,2019-10-14 23:22:35
275434958,Carmela,False,2021-11-06 18:12:41,2021-11-06 18:12:41
275530759,Viktoria,False,2019-07-21 10:34:23,2019-07-21 10:34:23
275558370,Victoria,False,2021-11-09 00:45:28,2021-11-09 00:45:28
275595737,Nina,False,2019-07-10 03:21:16,2019-07-10 03:21:16
275613202,Theo,False,2019-08-18 14:35:21,2019-08-18 14:35:21
275715739,Anna,False,2021-08-16 05:37:42,2021-08-16 05:37:42
275723550,Rosario,True,2019-08-16 08:20:27,2019-08-16 08:20:27
275746541,Mona,False,2019-09-29 23:02:09,2019-09-29 23:02:09
276223237,STADT. LAND. BAD. GmbH,False,2019-10-04 10:31:16,2019-10-04 10:31:16
276230451,Frank,False,2020-06-20 01:54:19,2020-06-20 01:54:19
276276652,Damla,False,2019-09-08 09:31:18,2019-09-08 09:31:18
276354122,Morten,False,2021-11-07 01:12:35,2021-11-07 01:12:35
276363267,René,False,2019-07-26 18:41:11,2019-07-26 18:41:11
276491861,Benjami,False,2021-10-29 02:41:30,2021-10-29 02:41:30
276573275,Iman,False,2021-11-15 01:11:55,2021-11-15 01:11:55
276750451,Lacey,False,2021-11-08 03:57:31,2021-11-08 03:57:31
276804047,Adeeb,False,2019-09-28 15:21:03,2019-09-28 15:21:03
276815132,Bryn,False,2021-11-15 01:18:18,2021-11-15 01:18:18
276882413,Max,False,2019-08-01 09:51:25,2019-08-01 09:51:25
277040136,Christoph,False,2019-08-26 12:17:03,2019-08-26 12:17:03
277041881,Ctap,False,2021-08-06 20:22:54,2021-08-06 20:22:54
277158924,Elena,False,2019-10-03 20:54:54,2019-10-03 20:54:54
277159422,Hala,True,2019-08-29 05:18:05,2019-08-29 05:18:05
277175913,Emma & Tony,False,2020-06-01 04:03:27,2020-06-01 04:03:27
277288176,Grand Hostel Berlin,False,2020-01-10 02:19:55,2020-01-10 02:19:55
277322085,Team Living Hotel Großer Kurfürst,False,2020-07-27 22:57:48,2020-07-27 22:57:48
277338484,Lissa,False,2019-07-22 04:17:21,2019-07-22 04:17:21
277546394,Ebenezer,False,2021-10-30 16:53:48,2021-10-30 16:53:48
277553898,Stephan,False,2019-10-27 19:44:08,2019-10-27 19:44:08
277847290,Natalia,False,2019-08-24 21:04:58,2019-08-24 21:04:58
277884734,Sarathy,False,2019-08-26 02:56:57,2019-08-26 02:56:57
277979335,Nicolas,False,2021-11-19 00:34:26,2021-11-19 00:34:26
278137731,Christine,False,2019-12-28 02:01:09,2019-12-28 02:01:09
278165220,Stefanie,True,2019-12-04 19:50:03,2019-12-04 19:50:03
278240539,Ute,True,2019-07-30 19:38:59,2019-07-30 19:38:59
278283660,Saad,False,2021-10-21 01:28:44,2021-10-21 01:28:44
278475620,Héloïse,False,2019-09-06 00:29:17,2019-09-06 00:29:17
278539159,Zimmer,False,2019-07-18 09:42:16,2019-07-18 09:42:16
278955781,Marcus,False,2019-09-05 23:41:28,2019-09-05 23:41:28
278961050,Max,False,2019-08-29 23:14:44,2019-08-29 23:14:44
279182021,Deepak,False,2019-08-08 10:46:10,2019-08-08 10:46:10
279338745,Anna,False,2019-12-07 08:59:45,2019-12-07 08:59:45
279348797,Tamas,False,2019-08-19 22:03:09,2019-08-19 22:03:09
279359730,Andreas,True,2019-09-29 19:49:45,2019-09-29 19:49:45
279360497,Luca,True,2020-07-31 13:59:00,2020-07-31 13:59:00
279428871,Fabian,False,2019-08-07 20:34:40,2019-08-07 20:34:40
279473534,Faizan,False,2019-11-05 14:27:33,2019-11-05 14:27:33
280113413,Nastasia,False,2020-02-19 10:13:24,2020-02-19 10:13:24
280177166,Erik,False,2019-12-01 12:53:15,2019-12-01 12:53:15
280292266,Lisa,False,2019-09-06 09:26:35,2019-09-06 09:26:35
280399736,Matze,True,2020-02-01 12:09:03,2020-02-01 12:09:03
280411398,Esther,False,2019-07-31 20:21:17,2019-07-31 20:21:17
280576775,Carolin,True,2019-09-05 22:10:43,2019-09-05 22:10:43
280600515,Ricarda,False,2020-09-12 05:18:14,2020-09-12 05:18:14
280606745,Alicja,False,2020-02-12 14:47:11,2020-02-12 14:47:11
280607056,Nena Apartments Bergmannkiez,False,2019-08-19 17:23:35,2019-08-19 17:23:35
280617815,Patricia,False,2019-08-26 08:36:13,2019-08-26 08:36:13
280631274,Waltraut,True,2019-08-04 17:22:38,2019-08-04 17:22:38
280649180,Kira,False,2019-08-17 03:24:40,2019-08-17 03:24:40
280853797,Katharina,False,2019-08-18 00:02:08,2019-08-18 00:02:08
280873805,Francois,False,2019-08-15 06:01:18,2019-08-15 06:01:18
280920281,Emmanuel,False,2021-11-02 05:09:51,2021-11-02 05:09:51
281003629,Natascha,False,2021-08-24 00:13:24,2021-08-24 00:13:24
281064728,Maria,False,2019-07-17 08:21:04,2019-07-17 08:21:04
281318161,Kathrin,False,2020-01-02 21:06:22,2020-01-02 21:06:22
281358765,Alexander,False,2019-08-14 22:52:51,2019-08-14 22:52:51
281376150,Sarah,False,2019-08-12 21:21:19,2019-08-12 21:21:19
281414248,Claudia,False,2020-04-25 07:36:23,2020-04-25 07:36:23
281832236,Markus,False,2019-08-06 00:50:20,2019-08-06 00:50:20
281891744,Peer,False,2019-08-08 22:16:50,2019-08-08 22:16:50
282042508,Andreas,True,2019-08-01 16:25:53,2019-08-01 16:25:53
282440216,Anuschka,False,2019-08-05 22:42:08,2019-08-05 22:42:08
282743044,Lennart,False,2019-07-29 02:05:25,2019-07-29 02:05:25
282781255,Jacqueline Eve,False,2019-10-04 07:05:00,2019-10-04 07:05:00
282799962,Liam,True,2019-08-23 18:07:36,2019-08-23 18:07:36
282969717,Julia,False,2021-10-25 01:22:47,2021-10-25 01:22:47
283174083,Dirk,True,2019-10-20 15:19:06,2019-10-20 15:19:06
283409973,Engelber,False,2021-09-16 04:48:10,2021-09-16 04:48:10
283607198,Lisa,False,2019-08-09 13:56:58,2019-08-09 13:56:58
283690319,Sven,True,2019-08-03 20:22:45,2019-08-03 20:22:45
283902197,Daniel,False,2019-08-05 17:54:56,2019-08-05 17:54:56
283970079,Michael,False,2019-08-25 12:47:09,2019-08-25 12:47:09
284206453,Islam,False,2019-08-22 12:20:20,2019-08-22 12:20:20
284287748,Juliane,False,2019-08-20 20:21:38,2019-08-20 20:21:38
284301469,Bogdan,False,2020-08-18 20:15:12,2020-08-18 20:15:12
284439028,Alexander,False,2019-07-29 01:11:48,2019-07-29 01:11:48
284682211,Alina,True,2020-02-07 11:09:48,2020-02-07 11:09:48
284720636,Oliver,True,2019-08-08 23:28:25,2019-08-08 23:28:25
284745099,Manuela,False,2019-08-16 07:21:53,2019-08-16 07:21:53
284806538,Baris,False,2019-08-03 05:16:28,2019-08-03 05:16:28
284817458,SNOW Wierich,False,2020-07-15 07:13:22,2020-07-15 07:13:22
284837787,Irene,False,2021-09-13 03:45:35,2021-09-13 03:45:35
284921967,Marko,False,2019-08-30 13:13:16,2019-08-30 13:13:16
284974503,Stefanie,True,2019-09-25 21:43:48,2019-09-25 21:43:48
285013806,Belma,False,2019-10-02 17:59:37,2019-10-02 17:59:37
285178908,Janina,False,2019-08-04 03:36:46,2019-08-04 03:36:46
285214489,Gabriele,False,2019-09-02 17:58:50,2019-09-02 17:58:50
285239727,Denny,True,2019-10-04 00:48:15,2019-10-04 00:48:15
285289976,Taieb,False,2019-09-04 06:10:22,2019-09-04 06:10:22
285374364,René,False,2019-08-05 23:11:31,2019-08-05 23:11:31
285675599,David,False,2020-06-28 18:47:55,2020-06-28 18:47:55
285702355,Alina,False,2019-08-10 00:31:27,2019-08-10 00:31:27
285751277,Murat,False,2021-10-24 14:27:20,2021-10-24 14:27:20
286011983,Cengiz Kutluhan,False,2021-11-08 23:54:08,2021-11-08 23:54:08
286070089,Roland,False,2021-11-01 16:49:27,2021-11-01 16:49:27
286093426,Karin,False,2019-09-01 07:18:17,2019-09-01 07:18:17
286403693,Raico,False,2019-10-08 17:32:59,2019-10-08 17:32:59
286813592,Kerr,False,2019-08-30 16:16:21,2019-08-30 16:16:21
286839017,Amjaad,False,2021-11-04 13:15:55,2021-11-04 13:15:55
286842277,Andrej,True,2019-08-12 15:25:02,2019-08-12 15:25:02
286894633,Patrick & Benni,True,2019-08-30 10:46:31,2019-08-30 10:46:31
287040677,Giuseppe,False,2019-08-27 17:41:32,2019-08-27 17:41:32
287520043,Lina,False,2019-08-31 07:33:32,2019-08-31 07:33:32
287594013,David,False,2019-08-21 10:31:58,2019-08-21 10:31:58
287601089,Haz Ammar,True,2019-08-21 11:39:30,2019-08-21 11:39:30
287768341,Julie,False,2019-09-14 15:04:11,2019-09-14 15:04:11
287852088,Peter & Antje,False,2019-08-24 02:12:14,2019-08-24 02:12:14
288109279,Gregor,False,2019-10-10 12:13:05,2019-10-10 12:13:05
288341447,Victoria,False,2019-11-07 03:47:20,2019-11-07 03:47:20
288423935,Jean-Baptiste,False,2019-10-28 23:30:38,2019-10-28 23:30:38
288450496,Victor,False,2021-07-19 18:17:11,2021-07-19 18:17:11
288621438,Ana,False,2019-09-02 06:47:56,2019-09-02 06:47:56
288758243,Stefan,False,2021-11-12 19:52:17,2021-11-12 19:52:17
288762588,Dirk,False,2019-08-22 20:06:03,2019-08-22 20:06:03
288897938,Yusuf,False,2019-08-22 14:46:13,2019-08-22 14:46:13
289573026,Meli,False,2019-08-29 01:45:03,2019-08-29 01:45:03
289724197,Juan,False,2021-11-09 22:16:36,2021-11-09 22:16:36
289772003,Annette Und Flemming,False,2019-08-30 22:08:56,2019-08-30 22:08:56
289775188,Alex,False,2019-09-16 20:33:21,2019-09-16 20:33:21
290026890,Numa | Drift (Ex. Gaijin),True,2021-04-20 13:24:26,2021-04-20 13:24:26
290262401,Lais,False,2020-02-18 11:38:11,2020-02-18 11:38:11
290299340,Haseeb,False,2021-10-22 07:51:33,2021-10-22 07:51:33
290302274,Tim,False,2021-06-22 18:36:21,2021-06-22 18:36:21
290440065,Simon,True,2019-09-11 15:48:49,2019-09-11 15:48:49
290447014,Denis,False,2019-09-22 23:34:20,2019-09-22 23:34:20
290768525,Maxwell,False,2019-09-19 17:58:47,2019-09-19 17:58:47
290919059,Alexandra,False,2019-08-28 06:36:39,2019-08-28 06:36:39
290973549,Min,False,2019-09-08 19:39:43,2019-09-08 19:39:43
290982176,Lena,False,2019-09-21 17:57:27,2019-09-21 17:57:27
290992825,Markus,False,2019-11-04 01:04:08,2019-11-04 01:04:08
291062397,Schenja,False,2019-09-02 17:10:50,2019-09-02 17:10:50
291094077,Jennifer,False,2019-09-22 17:26:03,2019-09-22 17:26:03
291259294,Quintus,False,2019-09-09 23:17:51,2019-09-09 23:17:51
291261520,Barbara,False,2019-09-11 19:24:34,2019-09-11 19:24:34
291386935,Kommune,True,2019-08-26 09:37:14,2019-08-26 09:37:14
291563672,Patrick,False,2021-09-22 16:37:46,2021-09-22 16:37:46
291570192,Moro,False,2019-09-05 16:34:03,2019-09-05 16:34:03
291744065,Benjamin,False,2019-10-24 18:15:05,2019-10-24 18:15:05
291765280,Peter,False,2019-09-14 18:18:16,2019-09-14 18:18:16
291798915,Karoline,False,2019-09-20 03:14:11,2019-09-20 03:14:11
291818104,Stephanie,False,2021-11-13 03:55:37,2021-11-13 03:55:37
291833531,Nicholas,False,2020-03-12 08:44:59,2020-03-12 08:44:59
291844536,Mimo,True,2020-10-18 09:25:05,2020-10-18 09:25:05
291851030,Arman,False,2019-08-28 12:29:56,2019-08-28 12:29:56
292174713,Martin,True,2019-10-13 05:30:22,2019-10-13 05:30:22
292185543,Timm,False,2020-02-04 14:44:21,2020-02-04 14:44:21
292539244,Markus,False,2019-09-08 14:28:34,2019-09-08 14:28:34
292571220,Camila,True,2019-11-03 14:08:00,2019-11-03 14:08:00
292830377,Ada,False,2019-09-14 00:06:56,2019-09-14 00:06:56
293078385,Ella,False,2019-09-22 03:53:08,2019-09-22 03:53:08
293081403,Lou-Virginia,False,2019-09-28 15:52:07,2019-09-28 15:52:07
293095688,Ofir,False,2021-11-02 09:50:28,2021-11-02 09:50:28
293442610,Galissa,False,2021-09-16 04:15:51,2021-09-16 04:15:51
293671101,Karl Michael,False,2019-10-02 21:09:00,2019-10-02 21:09:00
293956774,Michael,False,2019-09-28 14:48:40,2019-09-28 14:48:40
293985517,Chai,False,2019-09-21 19:42:52,2019-09-21 19:42:52
294015642,Friedrich,True,2019-09-26 00:13:36,2019-09-26 00:13:36
294224767,Ulli,True,2020-01-01 07:39:05,2020-01-01 07:39:05
294472967,Mara,False,2019-12-28 10:08:53,2019-12-28 10:08:53
294528581,Walter Fabian,False,2019-09-20 13:33:52,2019-09-20 13:33:52
294759884,Martin,True,2019-11-23 10:33:01,2019-11-23 10:33:01
294938232,Tanja,True,2019-10-27 21:52:00,2019-10-27 21:52:00
295078228,Philipp,False,2019-10-05 07:46:39,2019-10-05 07:46:39
295114863,Pareskewula Maria,False,2019-12-21 14:57:28,2019-12-21 14:57:28
295206009,Karyn,False,2020-02-21 05:16:39,2020-02-21 05:16:39
295282142,Frankie,False,2020-06-22 18:52:38,2020-06-22 18:52:38
295353406,Nica,False,2021-11-13 14:46:10,2021-11-13 14:46:10
295390568,Arun,False,2019-09-21 13:29:44,2019-09-21 13:29:44
295448377,Dennis,False,2019-09-23 23:34:52,2019-09-23 23:34:52
295623062,Amaranta,False,2019-09-28 23:42:55,2019-09-28 23:42:55
295834385,Jacob,False,2019-09-19 00:54:47,2019-09-19 00:54:47
295857279,Kai,False,2021-11-14 20:08:32,2021-11-14 20:08:32
296085091,Mie,False,2019-12-24 06:06:45,2019-12-24 06:06:45
296088435,Gloria,False,2021-07-11 20:30:47,2021-07-11 20:30:47
296091566,Lea,False,2019-09-26 22:05:11,2019-09-26 22:05:11
296102947,Ioan Razvan,False,2019-09-29 01:37:23,2019-09-29 01:37:23
296106167,Patty,False,2019-09-05 01:22:54,2019-09-05 01:22:54
296125062,Josephine,False,2019-10-12 12:41:05,2019-10-12 12:41:05
296266675,Juma,False,2019-09-22 05:52:50,2019-09-22 05:52:50
296432847,Joe,False,2021-10-25 18:51:15,2021-10-25 18:51:15
296664812,Lucie,False,2021-11-05 11:43:50,2021-11-05 11:43:50
296729499,Hirse,False,2019-09-25 12:47:40,2019-09-25 12:47:40
296731569,Karola,False,2019-09-27 00:49:48,2019-09-27 00:49:48
296797709,Malin,False,2019-09-28 13:27:09,2019-09-28 13:27:09
296913797,Mirella,True,2019-10-15 14:32:12,2019-10-15 14:32:12
297287009,Jessica,False,2021-10-27 23:14:57,2021-10-27 23:14:57
297304610,Linda,False,2019-11-29 15:57:19,2019-11-29 15:57:19
297332844,Franziska,False,2019-09-28 17:55:22,2019-09-28 17:55:22
297447927,Kateryna,False,2021-11-04 02:01:13,2021-11-04 02:01:13
297552852,Marcello,False,2021-11-07 19:27:47,2021-11-07 19:27:47
297556557,Ekaterina,False,2019-09-24 09:40:00,2019-09-24 09:40:00
297631364,Alex,False,2019-11-08 22:58:32,2019-11-08 22:58:32
297654213,Paula,False,2019-09-29 19:08:26,2019-09-29 19:08:26
297672553,Christoph,False,2020-02-04 05:36:00,2020-02-04 05:36:00
297693047,Tarek,False,2021-11-06 18:57:00,2021-11-06 18:57:00
297695964,Eldar,False,2021-10-24 06:51:26,2021-10-24 06:51:26
297713585,Eric,False,2019-10-07 23:50:38,2019-10-07 23:50:38
297837039,Dorothee,False,2019-09-23 19:41:40,2019-09-23 19:41:40
297860344,Sebastian,False,2019-10-02 03:42:41,2019-10-02 03:42:41
297885367,Gizem,False,2019-09-25 20:50:25,2019-09-25 20:50:25
297934320,Adham N.,False,2021-11-01 06:52:32,2021-11-01 06:52:32
297937835,Van Minh,False,2021-11-17 05:04:15,2021-11-17 05:04:15
298161984,Thierno,False,2021-10-23 23:57:14,2021-10-23 23:57:14
298310361,Melanie,False,2021-04-01 10:00:21,2021-04-01 10:00:21
298343442,Ebra,True,2021-07-25 20:46:42,2021-07-25 20:46:42
298353944,Alexander,False,2019-12-20 08:09:43,2019-12-20 08:09:43
298574599,Guevara,False,2021-06-14 08:45:36,2021-06-14 08:45:36
298707599,Franziska,False,2021-10-30 01:57:37,2021-10-30 01:57:37
298831092,Anton,True,2019-09-28 06:10:19,2019-09-28 06:10:19
298841502,Bianca,False,2021-03-25 08:01:32,2021-03-25 08:01:32
298946460,Catherine,False,2021-11-05 21:32:13,2021-11-05 21:32:13
298960203,Julia,True,2019-10-19 18:43:09,2019-10-19 18:43:09
298971012,Martin,False,2021-08-26 00:37:00,2021-08-26 00:37:00
299234553,Elena,False,2020-09-11 05:22:33,2020-09-11 05:22:33
299243397,Matthias,False,2021-11-03 05:32:08,2021-11-03 05:32:08
299338718,Ahmed,False,2020-01-13 11:22:22,2020-01-13 11:22:22
299433978,Helene,False,2019-10-29 10:15:29,2019-10-29 10:15:29
299548792,Elisa,False,2019-09-29 02:13:57,2019-09-29 02:13:57
299662075,Nicola,False,2021-10-23 00:25:05,2021-10-23 00:25:05
299702422,Sascha,False,2019-09-29 20:09:02,2019-09-29 20:09:02
299754593,Sophia,False,2019-12-23 00:19:06,2019-12-23 00:19:06
300044803,Nicole,False,2021-11-04 07:05:19,2021-11-04 07:05:19
300120390,Sabrina,False,2019-10-19 07:55:08,2019-10-19 07:55:08
300284070,Janek Toco,False,2019-11-09 14:58:20,2019-11-09 14:58:20
300437853,Peter,True,2019-10-11 22:59:37,2019-10-11 22:59:37
300587012,Estefania,False,2020-09-11 15:11:40,2020-09-11 15:11:40
300672137,Philipp,False,2019-11-06 01:26:15,2019-11-06 01:26:15
300676660,Kerstin,True,2019-10-22 13:18:59,2019-10-22 13:18:59
300727106,Ilja,False,2019-11-03 09:31:52,2019-11-03 09:31:52
300732503,Jacob,False,2019-12-16 19:47:02,2019-12-16 19:47:02
300805554,Markus,False,2019-10-21 05:42:45,2019-10-21 05:42:45
300974507,Erzsebet,True,2019-10-09 11:22:24,2019-10-09 11:22:24
300988244,Sara,False,2019-12-23 19:02:46,2019-12-23 19:02:46
300989160,Christian,False,2019-10-15 08:19:46,2019-10-15 08:19:46
301163085,David,False,2019-10-16 12:20:23,2019-10-16 12:20:23
301212132,BonusFeature,False,2019-12-15 04:00:35,2019-12-15 04:00:35
301299961,Nils,True,2019-10-06 22:49:19,2019-10-06 22:49:19
301314838,Josephin,False,2019-11-02 12:17:59,2019-11-02 12:17:59
301423544,Julia,False,2021-11-01 14:44:18,2021-11-01 14:44:18
301457007,Irmgard,False,2021-11-01 05:30:08,2021-11-01 05:30:08
301474737,Tatjana,False,2021-10-28 02:33:43,2021-10-28 02:33:43
301525788,Dhruv,False,2021-10-26 20:39:49,2021-10-26 20:39:49
301546990,Paul,False,2019-11-09 11:34:14,2019-11-09 11:34:14
301625776,Oke,False,2019-10-18 11:35:22,2019-10-18 11:35:22
301803414,Jenny,False,2021-10-31 11:33:33,2021-10-31 11:33:33
301804568,Udo,False,2021-11-09 15:54:48,2021-11-09 15:54:48
301807066,Melanie,False,2021-10-30 07:18:17,2021-10-30 07:18:17
301846053,Antoine,False,2019-11-19 02:11:37,2019-11-19 02:11:37
302059950,Melvin,False,2019-12-31 17:15:20,2019-12-31 17:15:20
302101980,Paul,False,2020-09-01 21:18:26,2020-09-01 21:18:26
302243245,Numa | Belfort,True,2019-11-15 02:57:28,2019-11-15 02:57:28
302253944,Anna,False,2021-08-15 15:44:35,2021-08-15 15:44:35
302295129,Manju,False,2021-08-29 10:51:58,2021-08-29 10:51:58
302305154,Boris,False,2021-10-21 07:22:57,2021-10-21 07:22:57
302465317,Arabella,False,2021-11-04 02:28:25,2021-11-04 02:28:25
302493161,Ann-Kristin,False,2021-07-11 15:00:21,2021-07-11 15:00:21
302581784,Alina,False,2019-12-12 03:09:08,2019-12-12 03:09:08
302698641,Ksenia,False,2019-11-19 22:12:00,2019-11-19 22:12:00
302850789,Kevin,False,2019-12-09 20:32:00,2019-12-09 20:32:00
302897727,Wataru,False,2021-07-30 21:38:29,2021-07-30 21:38:29
302949212,Barbara,False,2019-12-19 13:48:50,2019-12-19 13:48:50
303225708,Cindy,False,2019-11-02 17:46:39,2019-11-02 17:46:39
303585169,Erkan,False,2020-02-01 16:22:08,2020-02-01 16:22:08
303600319,Ella,False,2020-01-30 19:40:31,2020-01-30 19:40:31
303692955,Olga,False,2021-11-12 15:29:56,2021-11-12 15:29:56
303823164,Kalman,False,2021-10-26 10:13:21,2021-10-26 10:13:21
304040399,Katharina,False,2021-10-31 20:18:39,2021-10-31 20:18:39
304093518,Camille,False,2019-10-25 08:50:52,2019-10-25 08:50:52
304140191,Jana,False,2020-09-13 09:08:58,2020-09-13 09:08:58
304236789,Pentahotel,False,2021-11-12 18:00:46,2021-11-12 18:00:46
304244842,Laura,False,2019-11-01 18:04:24,2019-11-01 18:04:24
304253858,Gaston,False,2021-10-30 14:51:59,2021-10-30 14:51:59
304259034,Abeer,False,2019-12-18 11:37:19,2019-12-18 11:37:19
304262816,Martin,False,2019-11-01 18:54:41,2019-11-01 18:54:41
304285072,Emin,False,2021-11-06 13:02:04,2021-11-06 13:02:04
304345361,Apartmently,True,2019-11-21 02:14:08,2019-11-21 02:14:08
304493323,Hotel Atrium,False,2020-06-28 01:42:56,2020-06-28 01:42:56
304605514,Anastasia,False,2019-12-27 17:26:40,2019-12-27 17:26:40
304627245,Holger,False,2019-12-05 07:22:32,2019-12-05 07:22:32
304805539,Alex,False,2019-10-27 16:34:30,2019-10-27 16:34:30
304833996,Lukas,False,2020-01-05 02:00:40,2020-01-05 02:00:40
305012750,Marc Richard,True,2020-09-02 22:18:09,2020-09-02 22:18:09
305096010,Antonia,False,2019-10-29 12:04:51,2019-10-29 12:04:51
305217612,Rachel,False,2019-11-16 07:59:10,2019-11-16 07:59:10
305223324,André,False,2019-12-21 22:21:24,2019-12-21 22:21:24
305230492,Studios,False,2019-11-18 23:00:53,2019-11-18 23:00:53
305266205,Jürgen,False,2021-01-29 19:17:20,2021-01-29 19:17:20
305419758,Tamara,True,2019-11-08 20:28:40,2019-11-08 20:28:40
305459302,Micaela,False,2019-11-03 13:07:14,2019-11-03 13:07:14
305462208,Gustav,False,2021-10-31 10:09:43,2021-10-31 10:09:43
305500187,Ana,False,2021-10-06 02:16:30,2021-10-06 02:16:30
305757784,Christopher,False,2021-10-30 04:43:56,2021-10-30 04:43:56
305831478,Master,False,2020-06-29 14:14:02,2020-06-29 14:14:02
305840820,Laurin,False,2021-10-22 13:31:35,2021-10-22 13:31:35
306017686,Moeoud,False,2021-11-08 03:32:45,2021-11-08 03:32:45
306363526,Moreno,False,2020-01-04 22:15:13,2020-01-04 22:15:13
306419558,Philipp,False,2021-10-21 12:14:36,2021-10-21 12:14:36
306441098,Maria,False,2019-12-04 15:45:00,2019-12-04 15:45:00
306446663,Leon,False,2021-11-04 18:18:40,2021-11-04 18:18:40
306453284,Yannick,True,2019-11-02 06:26:09,2019-11-02 06:26:09
306473947,Tiries,False,2019-12-24 04:36:45,2019-12-24 04:36:45
306477150,Mathis,False,2021-11-19 13:27:49,2021-11-19 13:27:49
306482921,Viola Pauline,False,2019-10-28 18:35:57,2019-10-28 18:35:57
306506315,Lina,False,2019-11-14 02:46:11,2019-11-14 02:46:11
306565246,Laura,False,2021-10-23 09:53:40,2021-10-23 09:53:40
306979878,Eline,False,2019-12-21 10:30:43,2019-12-21 10:30:43
307035237,David,False,2021-07-22 21:51:25,2021-07-22 21:51:25
307093950,Markus,False,2021-11-09 03:48:07,2021-11-09 03:48:07
307128293,Thomas,False,2021-11-08 20:46:54,2021-11-08 20:46:54
307478545,Jürgen,True,2019-11-06 23:20:46,2019-11-06 23:20:46
307582140,Pascale,False,2021-07-08 18:48:01,2021-07-08 18:48:01
307885544,Aleksandra,True,2019-11-06 11:28:19,2019-11-06 11:28:19
308066249,Yannik,False,2021-08-21 12:01:07,2021-08-21 12:01:07
308088898,Andreas,False,2019-11-17 04:58:57,2019-11-17 04:58:57
308149203,Lara,False,2019-11-26 16:41:18,2019-11-26 16:41:18
308497924,Tom,True,2019-11-11 22:16:10,2019-11-11 22:16:10
308533881,Constantin,False,2020-05-26 13:00:50,2020-05-26 13:00:50
308658323,Kishore,False,2021-11-09 07:08:34,2021-11-09 07:08:34
308679353,Anna,False,2019-12-28 14:20:17,2019-12-28 14:20:17
308712818,Amandine,False,2019-12-14 17:52:02,2019-12-14 17:52:02
308855555,Sheila,True,2019-12-13 00:11:22,2019-12-13 00:11:22
308885379,B,False,2021-11-03 13:21:58,2021-11-03 13:21:58
308888253,Gokay,True,2019-12-27 04:11:02,2019-12-27 04:11:02
309007259,Pablo,True,2019-11-17 02:03:14,2019-11-17 02:03:14
309128523,Suite & Apart,False,2020-04-04 11:08:23,2020-04-04 11:08:23
309137590,Elisabeth,False,2019-11-19 18:53:20,2019-11-19 18:53:20
309199407,Andreas,False,2019-12-13 09:51:21,2019-12-13 09:51:21
309254035,David,False,2019-11-27 07:55:56,2019-11-27 07:55:56
309572970,Ergin,False,2019-08-25 15:03:57,2019-08-25 15:03:57
309585966,Orsi,False,2020-08-13 08:00:00,2020-08-13 08:00:00
309649093,Freyja,False,2021-11-12 16:09:19,2021-11-12 16:09:19
309650840,Nizam,False,2021-11-13 19:37:53,2021-11-13 19:37:53
309706220,Jenny,False,2021-11-12 07:11:52,2021-11-12 07:11:52
309994751,Djello,False,2019-11-29 07:21:15,2019-11-29 07:21:15
310006769,Khusrav,True,2019-12-25 21:17:46,2019-12-25 21:17:46
310125591,Ralf,False,2019-12-28 14:44:37,2019-12-28 14:44:37
310244996,Khalid,False,2019-12-29 07:51:42,2019-12-29 07:51:42
310358005,Fanni,False,2020-10-21 04:13:26,2020-10-21 04:13:26
310374687,Ruth,False,2019-11-24 06:45:55,2019-11-24 06:45:55
310395861,Daniel,False,2019-12-07 01:43:50,2019-12-07 01:43:50
310441782,Uwe,False,2021-11-10 20:39:40,2021-11-10 20:39:40
310484485,Elisha,False,2019-12-18 23:01:11,2019-12-18 23:01:11
310655522,Pari,False,2019-12-22 10:01:22,2019-12-22 10:01:22
310835509,TravelNest,False,2021-03-06 02:09:03,2021-03-06 02:09:03
310916368,Arash,False,2021-10-23 00:59:00,2021-10-23 00:59:00
311339888,Oliver Leo,False,2021-10-29 01:24:39,2021-10-29 01:24:39
311622490,Melanie,False,2021-11-12 18:25:09,2021-11-12 18:25:09
311708070,Nouri,False,2019-11-20 05:55:06,2019-11-20 05:55:06
311785674,Lisa,False,2019-12-19 02:42:37,2019-12-19 02:42:37
311816178,Victoria,False,2020-01-26 14:42:15,2020-01-26 14:42:15
311966634,Simon,False,2021-11-06 09:18:46,2021-11-06 09:18:46
311991384,Carla,True,2019-12-11 02:40:55,2019-12-11 02:40:55
312040639,Tobias,False,2019-12-27 12:09:52,2019-12-27 12:09:52
312172749,Aletto Hotel Kudamm,False,2021-11-16 13:37:39,2021-11-16 13:37:39
312256965,Thomas,False,2021-08-08 14:23:25,2021-08-08 14:23:25
312480677,Fredrica,False,2019-12-02 20:02:16,2019-12-02 20:02:16
312494526,Lizzy,False,2019-12-27 07:03:44,2019-12-27 07:03:44
312525221,Andre,False,2019-12-12 23:18:02,2019-12-12 23:18:02
312552543,Azzam,False,2020-02-07 21:28:44,2020-02-07 21:28:44
312567618,Chris,False,2019-12-30 22:35:46,2019-12-30 22:35:46
312604060,Chako,False,2021-07-17 22:20:51,2021-07-17 22:20:51
312608122,Tanja,False,2021-06-11 03:47:54,2021-06-11 03:47:54
312876036,Inad,False,2021-10-30 01:09:20,2021-10-30 01:09:20
312939940,Pamela,False,2020-08-09 05:39:26,2020-08-09 05:39:26
313097493,Camillo,False,2019-12-21 22:17:54,2019-12-21 22:17:54
313352700,Kathrin,False,2019-12-24 23:54:04,2019-12-24 23:54:04
313354527,Simon,False,2020-03-06 07:00:47,2020-03-06 07:00:47
313526306,Bubble,False,2021-11-04 18:53:22,2021-11-04 18:53:22
313527637,Latif,False,2021-11-09 13:37:48,2021-11-09 13:37:48
313543410,Carina,False,2021-11-03 03:56:16,2021-11-03 03:56:16
313552363,Daniyal,False,2021-11-14 00:41:48,2021-11-14 00:41:48
313618829,Verena,False,2019-11-24 09:26:18,2019-11-24 09:26:18
313797108,GreatStay GmbH,False,2020-11-21 23:54:54,2020-11-21 23:54:54
313833580,Jeremy,True,2019-12-17 05:23:09,2019-12-17 05:23:09
313909873,Güni,False,2020-01-22 17:45:44,2020-01-22 17:45:44
314116392,Sandra,False,2019-12-06 08:30:11,2019-12-06 08:30:11
314284761,Luka,False,2019-12-07 03:08:25,2019-12-07 03:08:25
314417163,Tobias,False,2021-11-13 04:14:54,2021-11-13 04:14:54
314470278,Karl,False,2019-12-10 02:34:05,2019-12-10 02:34:05
314652938,Azadeh,False,2019-12-09 12:50:08,2019-12-09 12:50:08
314683697,Kathrin,False,2021-11-12 08:23:11,2021-11-12 08:23:11
314713626,Gabrielle,False,2021-11-05 10:55:29,2021-11-05 10:55:29
314719730,Josef,False,2020-03-14 02:34:42,2020-03-14 02:34:42
314974414,Daniel,False,2021-10-28 21:35:01,2021-10-28 21:35:01
314991949,Isan,False,2021-11-04 21:30:38,2021-11-04 21:30:38
314993613,Sabri Und  Charo,False,2019-12-30 23:32:44,2019-12-30 23:32:44
315149732,Marco,False,2020-08-13 06:47:13,2020-08-13 06:47:13
315201947,Richard,False,2021-10-23 21:30:18,2021-10-23 21:30:18
315280811,Ibrahima,False,2021-11-18 03:04:50,2021-11-18 03:04:50
315282623,Elena Cristina,False,2019-12-21 12:16:14,2019-12-21 12:16:14
315306298,Jolanta,True,2020-02-10 02:27:12,2020-02-10 02:27:12
315509673,U,False,2019-12-22 16:50:32,2019-12-22 16:50:32
315566004,Alexander,False,2021-11-12 12:40:45,2021-11-12 12:40:45
315582894,Katrin,False,2021-11-17 00:47:51,2021-11-17 00:47:51
315793793,Anne,False,2021-03-06 19:13:54,2021-03-06 19:13:54
315832586,Rafael,False,2021-11-10 19:26:06,2021-11-10 19:26:06
315833264,Michael,False,2021-11-09 04:05:50,2021-11-09 04:05:50
315851973,Esther,False,2021-10-21 18:39:05,2021-10-21 18:39:05
315863660,Jo,False,2020-01-07 21:23:41,2020-01-07 21:23:41
315927243,Sarah,False,2020-02-22 03:38:40,2020-02-22 03:38:40
315934031,Julia,False,2019-12-07 12:11:24,2019-12-07 12:11:24
316043293,Pension,False,2021-10-25 08:06:09,2021-10-25 08:06:09
316048468,Mike,False,2021-11-10 19:54:04,2021-11-10 19:54:04
316059887,Teodora,True,2021-07-04 13:52:37,2021-07-04 13:52:37
316067480,Helga,True,2019-12-14 00:45:45,2019-12-14 00:45:45
316069893,Zakaria,False,2019-12-03 13:45:19,2019-12-03 13:45:19
316070228,Hotel Delta Am Potsdamer Platz,False,2021-10-26 01:22:54,2021-10-26 01:22:54
316093711,Olaf,False,2021-11-10 17:01:39,2021-11-10 17:01:39
316113272,Yacoub,False,2020-07-31 09:13:36,2020-07-31 09:13:36
316272647,Sabine,False,2021-10-05 07:05:53,2021-10-05 07:05:53
316379255,Marcel,True,2019-12-20 17:20:15,2019-12-20 17:20:15
316428315,Rico,False,2021-09-04 21:11:05,2021-09-04 21:11:05
316531047,Marius,False,2021-09-07 11:02:33,2021-09-07 11:02:33
316724542,Narenthiran,False,2019-12-23 07:12:05,2019-12-23 07:12:05
316752076,David,False,2021-03-08 11:39:06,2021-03-08 11:39:06
316803972,Dajana,False,2021-11-17 01:22:42,2021-11-17 01:22:42
317024709,Crissi,False,2020-03-07 20:08:31,2020-03-07 20:08:31
317120180,Lars,False,2020-07-16 02:10:09,2020-07-16 02:10:09
317426622,Delta Immo Invest,False,2019-12-31 05:13:23,2019-12-31 05:13:23
317449127,Stuart,False,2021-11-08 06:52:54,2021-11-08 06:52:54
317594391,Christiane,False,2020-08-21 23:42:21,2020-08-21 23:42:21
318230475,Peter,False,2020-09-27 11:08:29,2020-09-27 11:08:29
318257792,Maria,False,2020-03-29 11:00:43,2020-03-29 11:00:43
318307991,Miriam,False,2019-12-29 04:21:09,2019-12-29 04:21:09
318357557,Monique,False,2019-12-24 22:46:34,2019-12-24 22:46:34
318372127,Lisa,False,2019-12-28 13:20:04,2019-12-28 13:20:04
318408321,Lina,False,2019-12-05 11:39:14,2019-12-05 11:39:14
318457866,Rama,False,2021-07-08 09:54:42,2021-07-08 09:54:42
318475522,Murilo,False,2021-11-03 12:02:12,2021-11-03 12:02:12
318487906,Tom,False,2020-01-28 18:32:41,2020-01-28 18:32:41
318912597,The Circus Apartments,False,2021-08-19 00:41:48,2021-08-19 00:41:48
318945340,Heide,False,2019-12-26 13:10:39,2019-12-26 13:10:39
319033463,Anian,False,2021-11-19 11:15:53,2021-11-19 11:15:53
319307720,Pimkie,False,2021-11-09 10:31:51,2021-11-09 10:31:51
319819250,Alina,False,2020-01-01 15:01:08,2020-01-01 15:01:08
319909471,Paul,False,2019-12-18 08:53:07,2019-12-18 08:53:07
319972977,Meter,False,2019-12-14 01:14:40,2019-12-14 01:14:40
320357365,Alexander,False,2021-09-23 05:37:15,2021-09-23 05:37:15
320365699,Anna,False,2020-02-04 04:22:46,2020-02-04 04:22:46
320380756,Jonas,False,2019-12-30 02:51:21,2019-12-30 02:51:21
320832589,Anna Lisa,False,2020-02-07 13:13:29,2020-02-07 13:13:29
320900607,Omar,False,2019-12-22 08:40:07,2019-12-22 08:40:07
321100395,Harry,False,2020-01-03 02:29:13,2020-01-03 02:29:13
321216387,Sophia,False,2020-01-23 14:19:22,2020-01-23 14:19:22
321263452,Deline,False,2020-01-31 01:56:20,2020-01-31 01:56:20
321434962,Kay,False,2020-07-28 23:28:42,2020-07-28 23:28:42
321438780,Tadeo,False,2020-02-20 18:39:48,2020-02-20 18:39:48
321515829,Dana,False,2021-11-11 00:27:52,2021-11-11 00:27:52
321567007,Rotem,False,2020-01-01 00:01:55,2020-01-01 00:01:55
321927242,Sam,False,2020-01-11 05:32:38,2020-01-11 05:32:38
322187248,Karsten,False,2021-11-06 18:00:25,2021-11-06 18:00:25
322249807,Mandris,False,2021-11-11 14:06:32,2021-11-11 14:06:32
322651685,Anita,False,2020-01-03 04:02:39,2020-01-03 04:02:39
322819820,Yujing,False,2021-11-16 23:43:58,2021-11-16 23:43:58
322963631,Osman,False,2020-02-23 04:39:57,2020-02-23 04:39:57
322984212,Marco,False,2021-11-11 17:51:26,2021-11-11 17:51:26
323251455,Martin,False,2021-08-19 08:40:16,2021-08-19 08:40:16
323883391,Hazem,False,2020-01-17 12:13:53,2020-01-17 12:13:53
323938509,Nicole,False,2021-10-30 12:40:53,2021-10-30 12:40:53
323945889,Daria,False,2020-01-31 02:24:53,2020-01-31 02:24:53
323972144,Sina,False,2020-01-02 03:13:21,2020-01-02 03:13:21
324016157,Angelika,False,2020-02-11 20:38:11,2020-02-11 20:38:11
324033341,Nadia,False,2021-11-11 06:21:44,2021-11-11 06:21:44
324181574,Benjamin,False,2021-11-11 07:06:15,2021-11-11 07:06:15
324282747,Okuyan,False,2020-02-25 00:32:01,2020-02-25 00:32:01
324338565,Stephan,True,2021-08-15 19:23:14,2021-08-15 19:23:14
324493137,Peter,False,2021-07-26 16:35:48,2021-07-26 16:35:48
324502115,Elizabeth,False,2020-02-21 08:27:57,2020-02-21 08:27:57
324932700,Matthew,False,2021-10-26 14:18:51,2021-10-26 14:18:51
324947537,Christina,True,2020-01-08 02:08:45,2020-01-08 02:08:45
325522816,Giulia,False,2020-01-31 20:47:05,2020-01-31 20:47:05
325522826,Dagmar,False,2021-07-06 12:17:20,2021-07-06 12:17:20
325537173,Grand Hostel Berlin Urban,False,2020-01-21 19:17:07,2020-01-21 19:17:07
325563964,Titus,False,2021-08-13 01:13:24,2021-08-13 01:13:24
325656076,Jovana,False,2020-01-18 23:09:14,2020-01-18 23:09:14
325856414,Markus,False,2021-11-18 16:09:19,2021-11-18 16:09:19
325948252,Michael,False,2021-07-29 05:24:47,2021-07-29 05:24:47
326116765,Melani,False,2020-02-15 11:35:54,2020-02-15 11:35:54
326126612,Souhaib,False,2021-10-29 22:47:33,2021-10-29 22:47:33
326926944,Petra,False,2020-01-14 07:19:55,2020-01-14 07:19:55
327063934,Fridolin,False,2020-01-21 09:29:16,2020-01-21 09:29:16
327117455,Philipp,True,2020-01-05 06:22:52,2020-01-05 06:22:52
327396350,Ina,False,2021-05-25 15:33:15,2021-05-25 15:33:15
327422254,Mitja,False,2020-01-30 06:05:24,2020-01-30 06:05:24
327598941,Jason,False,2020-01-31 05:50:50,2020-01-31 05:50:50
327601894,Nela,True,2020-01-23 19:21:53,2020-01-23 19:21:53
327730990,Dirk,False,2020-02-21 14:41:54,2020-02-21 14:41:54
327738948,Ludwig,False,2020-02-06 22:28:37,2020-02-06 22:28:37
327800629,Rick,False,2021-10-24 20:39:09,2021-10-24 20:39:09
328674700,Alan,False,2021-10-09 10:39:30,2021-10-09 10:39:30
329122536,Marek,False,2020-02-09 18:57:22,2020-02-09 18:57:22
329264638,Cecilia,True,2020-08-30 20:06:51,2020-08-30 20:06:51
329551372,Ulrich,True,2020-12-01 02:00:43,2020-12-01 02:00:43
329651024,Florian,False,2020-03-14 03:08:42,2020-03-14 03:08:42
329745939,Jessica,True,2020-02-22 00:45:22,2020-02-22 00:45:22
329885190,Timothée,False,2021-10-21 05:08:43,2021-10-21 05:08:43
329909074,Waldemar,False,2020-02-12 13:04:36,2020-02-12 13:04:36
330009825,Arvid,False,2021-11-07 11:29:56,2021-11-07 11:29:56
330152736,Franc,False,2020-02-07 04:16:52,2020-02-07 04:16:52
330211602,Julia,False,2020-02-12 17:59:52,2020-02-12 17:59:52
330366940,Antoine,True,2021-05-16 12:26:43,2021-05-16 12:26:43
330484340,Aylin,False,2020-01-20 13:03:39,2020-01-20 13:03:39
330591266,Dorina,False,2021-11-01 09:47:34,2021-11-01 09:47:34
330679681,Rifat,False,2020-01-27 00:00:35,2020-01-27 00:00:35
330802635, Yauheniya,False,2020-01-28 05:01:49,2020-01-28 05:01:49
330804284,Sigrid,False,2020-09-10 16:48:42,2020-09-10 16:48:42
330807863,Rozi,False,2020-01-31 08:08:21,2020-01-31 08:08:21
331152448,Sarah,False,2021-11-17 22:12:46,2021-11-17 22:12:46
331300291,Manuel,False,2020-02-05 05:17:17,2020-02-05 05:17:17
331330348,Hanna,True,2020-02-08 00:25:32,2020-02-08 00:25:32
331360276,Lena,False,2020-01-29 02:15:29,2020-01-29 02:15:29
331457408,Adam,False,2021-11-09 03:49:37,2021-11-09 03:49:37
331695672,Adam,False,2020-02-02 08:04:34,2020-02-02 08:04:34
331749573,Ilkay,False,2021-10-29 14:21:54,2021-10-29 14:21:54
332009759,Vitalij,False,2021-11-12 06:28:29,2021-11-12 06:28:29
332021618,Rafael,True,2020-07-20 22:20:29,2020-07-20 22:20:29
332236818,Sarah,False,2020-02-25 07:31:35,2020-02-25 07:31:35
332237059,Jacob,False,2021-10-29 14:49:36,2021-10-29 14:49:36
332291334,Daniela,False,2020-02-17 10:43:47,2020-02-17 10:43:47
332301718,Julia,False,2020-02-02 19:32:56,2020-02-02 19:32:56
332472850,Akriti,False,2021-11-12 06:16:07,2021-11-12 06:16:07
332515272,Torsten,False,2021-11-19 07:38:45,2021-11-19 07:38:45
332928769,Waldemar,False,2021-10-25 16:36:17,2021-10-25 16:36:17
332937779,Jose,False,2020-08-01 00:56:36,2020-08-01 00:56:36
333115447,Linda,False,2021-06-25 06:17:13,2021-06-25 06:17:13
333116165,Stephanie,False,2021-11-19 05:44:20,2021-11-19 05:44:20
333250771,Khaled,False,2021-07-04 17:02:52,2021-07-04 17:02:52
333674406,Max,True,2020-02-04 22:18:51,2020-02-04 22:18:51
333706004,Rene,False,2020-09-26 10:26:39,2020-09-26 10:26:39
333981476,Jonathan,False,2021-11-16 22:24:57,2021-11-16 22:24:57
333996349,Sally,False,2021-10-29 17:10:32,2021-10-29 17:10:32
334004771,Vanesa,False,2021-11-04 04:53:55,2021-11-04 04:53:55
334258862,Peter,False,2020-03-05 10:13:31,2020-03-05 10:13:31
334373014,Raphael,False,2020-07-06 10:56:16,2020-07-06 10:56:16
334652151,Martina,False,2020-02-21 00:31:06,2020-02-21 00:31:06
334665886,Phawini,False,2021-10-27 18:45:50,2021-10-27 18:45:50
334677618,Stefania,False,2021-09-05 10:42:50,2021-09-05 10:42:50
334688580,Kat,False,2020-02-11 09:30:21,2020-02-11 09:30:21
334704128,Benjamin,False,2020-03-01 07:13:28,2020-03-01 07:13:28
334712111,Michael,True,2020-05-14 21:57:35,2020-05-14 21:57:35
335547450,Classik Hotel Alexander Plaza,False,2020-03-04 03:30:54,2020-03-04 03:30:54
335573202,Downtown Apartments,False,2021-07-13 11:56:23,2021-07-13 11:56:23
335783290,Ingolf,True,2020-03-08 06:31:53,2020-03-08 06:31:53
335854085,Sainab,False,2021-11-19 11:37:15,2021-11-19 11:37:15
336010119,Jerry,True,2020-03-03 19:24:19,2020-03-03 19:24:19
336019473,Apartment,False,2021-10-25 14:41:22,2021-10-25 14:41:22
336273100,Carl,False,2020-03-10 03:49:21,2020-03-10 03:49:21
336568993,Claudiu Tine,True,2020-02-22 09:40:58,2020-02-22 09:40:58
336702196,Alexandra,True,2021-05-22 11:36:38,2021-05-22 11:36:38
337041352,Dominik,False,2021-11-11 12:56:56,2021-11-11 12:56:56
337050841,Laura,False,2021-11-11 00:57:20,2021-11-11 00:57:20
337369460,Das Schmöckwitz,False,2020-08-12 17:58:02,2020-08-12 17:58:02
337370747,Marie-Luise,False,2020-07-21 00:21:52,2020-07-21 00:21:52
337652705,Petra,True,2020-03-08 10:03:39,2020-03-08 10:03:39
337656755,Alfonso,False,2020-07-17 16:37:15,2020-07-17 16:37:15
337659501,Hotel Brandies,False,2020-08-02 04:54:40,2020-08-02 04:54:40
337663510,Melanie,False,2021-11-16 16:24:32,2021-11-16 16:24:32
337941037,Natnael,False,2021-10-26 21:40:16,2021-10-26 21:40:16
338271531,Deniz,False,2021-11-09 10:06:41,2021-11-09 10:06:41
338272836,Garrit,False,2020-09-21 18:51:23,2020-09-21 18:51:23
338329694,Rainer,False,2020-06-29 06:43:23,2020-06-29 06:43:23
338514217,Art,False,2020-02-25 21:18:19,2020-02-25 21:18:19
338717417,Marie-Louise,True,2020-03-02 11:08:23,2020-03-02 11:08:23
338742183,Louise,False,2021-11-15 09:02:07,2021-11-15 09:02:07
338746827,Mariem,False,2021-11-05 07:39:38,2021-11-05 07:39:38
338748013,About:Berlin Hotel GmbH,False,2021-07-31 04:40:16,2021-07-31 04:40:16
338797560,Chin,False,2021-10-29 05:17:23,2021-10-29 05:17:23
338955815,Georgy,False,2020-03-13 04:10:26,2020-03-13 04:10:26
339020004,Stanislav,False,2020-07-25 04:03:21,2020-07-25 04:03:21
339054696,Will,False,2020-08-08 10:18:42,2020-08-08 10:18:42
339135580,Minimal Hostel,False,2020-05-18 18:34:54,2020-05-18 18:34:54
339184420,Tobias,False,2021-06-16 20:47:47,2021-06-16 20:47:47
339298147,Anne,False,2021-10-22 07:32:50,2021-10-22 07:32:50
339314157,Daniel,True,2021-07-22 20:56:54,2021-07-22 20:56:54
339436486,Medina,False,2021-09-10 06:24:06,2021-09-10 06:24:06
339469544,Maria,False,2020-07-23 16:22:29,2020-07-23 16:22:29
339621955,Sladjana,False,2021-05-31 15:12:49,2021-05-31 15:12:49
339625555,Silvia,False,2021-04-26 20:37:09,2021-04-26 20:37:09
339628139,Andreas,False,2021-09-24 10:12:07,2021-09-24 10:12:07
339637030,Anke Kerstin,False,2021-09-15 19:46:47,2021-09-15 19:46:47
339819754,Anna,False,2021-11-10 11:50:59,2021-11-10 11:50:59
339886038,Max,False,2020-03-10 22:29:46,2020-03-10 22:29:46
340007871,Prieto,False,2021-11-07 09:19:34,2021-11-07 09:19:34
340129312,Anne-Kathrin,False,2020-12-21 21:08:13,2020-12-21 21:08:13
340345589,Stephanie,False,2021-02-28 13:45:43,2021-02-28 13:45:43
340486611,The Niu Dwarf,False,2020-07-15 00:37:24,2020-07-15 00:37:24
340743547,Burhan,False,2021-11-03 00:40:29,2021-11-03 00:40:29
340791130,Christoph,False,2021-08-10 06:48:41,2021-08-10 06:48:41
340980455,Appartments,False,2021-11-15 08:30:28,2021-11-15 08:30:28
341012092,Ulla,False,2020-08-10 05:47:27,2020-08-10 05:47:27
341054884,Lia,False,2020-12-07 07:03:07,2020-12-07 07:03:07
341231153,Ceren,False,2021-11-09 13:25:28,2021-11-09 13:25:28
341276942,Ben,True,2020-03-08 10:06:05,2020-03-08 10:06:05
341282198,Tim & Matteo,True,2020-05-26 10:52:21,2020-05-26 10:52:21
341366668,Junior,False,2021-03-17 23:23:59,2021-03-17 23:23:59
341369847,Sabrina,False,2021-11-08 08:27:30,2021-11-08 08:27:30
341396019,Lívia,False,2021-11-18 10:43:18,2021-11-18 10:43:18
341515473,Mo,True,2020-03-16 18:09:49,2020-03-16 18:09:49
341677819,Ziham,False,2021-08-15 13:25:22,2021-08-15 13:25:22
341766711,Michele,False,2020-09-19 00:27:02,2020-09-19 00:27:02
341947514,Almodóvar,False,2021-11-10 00:40:12,2021-11-10 00:40:12
342119665,KPM Hotel & Residences,False,2021-11-03 19:51:39,2021-11-03 19:51:39
342210409,Andrew,False,2020-09-11 12:02:26,2020-09-11 12:02:26
342927830,Daniela,True,2021-09-12 15:57:01,2021-09-12 15:57:01
343053372,Gökay,False,2020-07-19 19:25:21,2020-07-19 19:25:21
343067125,Philipp,False,2021-11-08 20:44:08,2021-11-08 20:44:08
343362459,Rohan,False,2021-11-19 07:03:24,2021-11-19 07:03:24
343804893,Philipp,False,2020-07-19 20:53:21,2020-07-19 20:53:21
344229980,Manuel,False,2020-05-08 17:17:52,2020-05-08 17:17:52
344292547,Jiu,False,2021-11-04 15:49:56,2021-11-04 15:49:56
344453619,Tansel,False,2021-10-23 12:40:02,2021-10-23 12:40:02
344598304,Desirée,False,2021-11-04 15:54:57,2021-11-04 15:54:57
344846389,Abigail,False,2021-11-09 18:42:41,2021-11-09 18:42:41
344849821,Ethan,False,2020-07-25 06:54:32,2020-07-25 06:54:32
345165659,Nataliya,False,2020-07-01 08:48:47,2020-07-01 08:48:47
345247762,Alexander,True,2020-10-07 00:34:21,2020-10-07 00:34:21
345525147,Nena Apartments Hermannplatz,False,2020-10-01 06:28:26,2020-10-01 06:28:26
345525433,Nena Apartments Kreuzberg 61,False,2020-09-22 22:55:48,2020-09-22 22:55:48
345845533,Wejdi,False,2020-07-02 10:39:28,2020-07-02 10:39:28
345939593,Benjamin,False,2021-08-11 05:14:47,2021-08-11 05:14:47
345964111,Kristian,False,2021-11-19 02:04:51,2021-11-19 02:04:51
346742609,Ba Huong,False,2020-07-11 12:25:48,2020-07-11 12:25:48
346755219,Michael,False,2020-05-21 02:02:05,2020-05-21 02:02:05
346984854,Christa,True,2020-05-31 09:33:14,2020-05-31 09:33:14
347091590,Jeannine,False,2020-06-21 05:06:49,2020-06-21 05:06:49
347131802,Iwona,False,2021-11-10 05:41:32,2021-11-10 05:41:32
347469573,Daniel,False,2021-10-31 13:36:48,2021-10-31 13:36:48
347519690,25hours Hotel,False,2021-10-26 08:11:19,2021-10-26 08:11:19
347527220,Michael,False,2020-05-29 03:14:46,2020-05-29 03:14:46
347634479,Jamhour,False,2021-07-14 15:52:24,2021-07-14 15:52:24
347859206,Mamaste,False,2021-10-25 02:48:15,2021-10-25 02:48:15
347950768,Julia,False,2020-07-19 14:45:56,2020-07-19 14:45:56
348161152,Manuela,False,2020-08-30 03:22:44,2020-08-30 03:22:44
348258388,Anouk,False,2021-03-28 08:54:56,2021-03-28 08:54:56
348543328,Sena,False,2020-07-09 09:48:50,2020-07-09 09:48:50
348693453,Andreas,False,2019-11-29 10:23:27,2019-11-29 10:23:27
348779246,Selvi,False,2021-11-16 01:47:58,2021-11-16 01:47:58
348821103,Daniel,False,2021-01-22 05:46:43,2021-01-22 05:46:43
348847428,Martin,True,2020-06-21 20:20:06,2020-06-21 20:20:06
349117116,Sebastian,True,2021-11-03 04:18:27,2021-11-03 04:18:27
349121968,Stefan,False,2021-01-23 21:25:06,2021-01-23 21:25:06
349152699,Muchtar,False,2020-08-13 04:17:55,2020-08-13 04:17:55
349194462,Joe,True,2020-08-18 03:36:04,2020-08-18 03:36:04
349631257,Rainer,False,2020-07-06 01:17:31,2020-07-06 01:17:31
349731526,Michał,True,2020-07-15 13:24:51,2020-07-15 13:24:51
349738937,Nina,False,2021-11-05 07:38:24,2021-11-05 07:38:24
350095489,Mohit,False,2021-11-14 08:18:35,2021-11-14 08:18:35
350110475,Gold Palais Hotel,False,2021-10-21 13:11:24,2021-10-21 13:11:24
350185347,Timo,False,2020-08-12 04:49:21,2020-08-12 04:49:21
350473296,Fabian,False,2020-06-22 19:43:41,2020-06-22 19:43:41
350554381,Meiers,False,2020-09-09 21:23:05,2020-09-09 21:23:05
351093370,Peter,False,2021-11-18 21:39:34,2021-11-18 21:39:34
351109029,Margot,False,2020-07-17 16:57:54,2020-07-17 16:57:54
351296214,Jana Lesley,False,2021-10-22 23:04:24,2021-10-22 23:04:24
351526406,Sofie,False,2021-09-18 13:39:39,2021-09-18 13:39:39
351777916,Sharlotta,False,2020-07-31 17:22:34,2020-07-31 17:22:34
351952364,Yael,False,2021-10-31 19:38:13,2021-10-31 19:38:13
352133902,Daniel,True,2020-06-21 16:16:52,2020-06-21 16:16:52
352726054,Marco Lukas,False,2020-06-28 13:57:41,2020-06-28 13:57:41
352742699,Dänu,False,2021-11-11 10:04:03,2021-11-11 10:04:03
352878549,Nathalie,False,2021-07-24 18:55:11,2021-07-24 18:55:11
352901812,Helena,False,2021-11-16 14:46:27,2021-11-16 14:46:27
353173880,Michael,True,2020-08-06 20:44:12,2020-08-06 20:44:12
353209631,Derviş Ali,False,2021-11-11 10:09:18,2021-11-11 10:09:18
353550222,Marx Y,False,2021-10-25 19:59:54,2021-10-25 19:59:54
353693080,Alban,False,2021-09-14 18:13:27,2021-09-14 18:13:27
353774418,Sandra,False,2020-07-29 08:27:59,2020-07-29 08:27:59
353990148,David Thomas,False,2021-11-01 14:48:24,2021-11-01 14:48:24
354221325,Orania.Berlin,False,2021-10-22 11:26:17,2021-10-22 11:26:17
354594790,Jörg,False,2020-06-26 07:58:58,2020-06-26 07:58:58
354718862,Soma,False,2020-07-22 20:01:36,2020-07-22 20:01:36
354783560,SANA Berlin Residence,True,2020-07-24 02:32:01,2020-07-24 02:32:01
356106635,Tamara,False,2021-08-02 16:51:28,2021-08-02 16:51:28
356165192,Joana,False,2020-09-12 06:28:46,2020-09-12 06:28:46
356173760,Natia,False,2020-07-10 03:48:08,2020-07-10 03:48:08
356445569,Kely,False,2021-11-14 14:32:48,2021-11-14 14:32:48
356516931,Marvin,False,2020-08-12 08:52:46,2020-08-12 08:52:46
356589898,Malena,True,2020-10-12 02:30:09,2020-10-12 02:30:09
356598038,Eileen,False,2021-06-30 17:04:26,2021-06-30 17:04:26
356719030,Davi,False,2020-08-03 07:19:00,2020-08-03 07:19:00
356721554,Bertrand,False,2021-01-28 18:00:16,2021-01-28 18:00:16
356738043,Emad,False,2020-08-18 02:05:49,2020-08-18 02:05:49
356795996,Mohammad,False,2021-09-24 03:05:08,2021-09-24 03:05:08
356881506,Apple City,False,2020-07-21 16:09:12,2020-07-21 16:09:12
356895098,Carlos,False,2021-10-28 03:34:51,2021-10-28 03:34:51
356911051,Felix,False,2021-07-15 12:00:05,2021-07-15 12:00:05
357179290,Vanani,False,2020-07-26 17:44:56,2020-07-26 17:44:56
357394405,Ricardo,True,2020-07-15 08:42:37,2020-07-15 08:42:37
357476332,Gordon,True,2020-09-03 01:16:50,2020-09-03 01:16:50
357562593,Hotel Intervarko,False,2020-08-13 21:35:22,2020-08-13 21:35:22
357575484,Juana,False,2020-07-28 20:35:56,2020-07-28 20:35:56
357698934,Eric,False,2021-11-09 23:43:28,2021-11-09 23:43:28
357780881,Ursula,True,2020-08-03 06:49:58,2020-08-03 06:49:58
358058250,Charmaine,False,2020-08-18 11:35:39,2020-08-18 11:35:39
358308375,Teunis,False,2020-09-18 20:02:57,2020-09-18 20:02:57
358587281,Paula,False,2020-08-17 03:11:19,2020-08-17 03:11:19
358655502,Konstantin,False,2021-11-07 20:11:23,2021-11-07 20:11:23
358768479,Ingmar,False,2021-10-29 01:43:21,2021-10-29 01:43:21
358798059,Ronny,False,2021-06-26 00:27:35,2021-06-26 00:27:35
358991427,Julius,False,2021-11-14 09:27:51,2021-11-14 09:27:51
359266357,Vitali,False,2020-08-15 01:02:20,2020-08-15 01:02:20
359275555,Ron,False,2020-07-21 21:17:25,2020-07-21 21:17:25
359300099,Anita,False,2020-09-16 23:28:18,2020-09-16 23:28:18
359393787,Daria,False,2020-08-02 08:03:25,2020-08-02 08:03:25
359433462,Matt,False,2020-08-16 09:57:15,2020-08-16 09:57:15
359506825,Diego Alejandro,False,2020-09-09 09:57:12,2020-09-09 09:57:12
359515665,Birgit,False,2020-09-16 20:20:51,2020-09-16 20:20:51
359632089,Marc,False,2021-10-25 11:52:16,2021-10-25 11:52:16
359632814,Frank,True,2020-08-03 13:18:38,2020-08-03 13:18:38
359781847,Dario,False,2020-09-12 08:33:09,2020-09-12 08:33:09
360134722,Tony (Ruth-Antonia),True,2020-07-27 19:25:21,2020-07-27 19:25:21
360471459,Mathias,False,2020-07-29 11:41:42,2020-07-29 11:41:42
360486302,Abdallah,False,2020-08-27 07:28:58,2020-08-27 07:28:58
360705763,Ya,False,2021-10-29 03:50:59,2021-10-29 03:50:59
361179739,Tanja,False,2021-09-17 20:09:36,2021-09-17 20:09:36
361231741,Foxy,False,2020-08-09 14:05:52,2020-08-09 14:05:52
361307679,Razzaq,False,2021-11-05 17:59:06,2021-11-05 17:59:06
361318817,Emma,False,2021-09-30 17:16:14,2021-09-30 17:16:14
361524130,Noura,False,2020-08-02 23:23:53,2020-08-02 23:23:53
361536906,Natalia,False,2021-11-11 00:51:04,2021-11-11 00:51:04
361559789,Jan,False,2020-08-26 18:56:02,2020-08-26 18:56:02
361632516,Pte,False,2020-10-10 13:52:21,2020-10-10 13:52:21
361727715,Giovanni,False,2021-07-27 01:40:13,2021-07-27 01:40:13
361784191,Maria,True,2020-08-11 17:48:10,2020-08-11 17:48:10
361836933,Denna,False,2020-08-29 08:11:11,2020-08-29 08:11:11
362089937,Michael,True,2020-10-31 02:26:51,2020-10-31 02:26:51
362092242,David,True,2020-08-14 12:55:46,2020-08-14 12:55:46
362163824,Leonhard,False,2020-09-22 05:33:16,2020-09-22 05:33:16
362170432,Siegfried,False,2020-09-15 19:08:31,2020-09-15 19:08:31
362724074,Marlene,False,2020-08-22 22:39:00,2020-08-22 22:39:00
363061052,Daniel,False,2021-05-11 00:24:04,2021-05-11 00:24:04
363290796,Babak,False,2021-11-09 09:03:27,2021-11-09 09:03:27
363326851,Clara,False,2021-07-05 14:42:21,2021-07-05 14:42:21
363420551,Katharina,False,2020-08-11 20:40:01,2020-08-11 20:40:01
363445453,ZOE By AMANO,False,2021-06-08 16:01:40,2021-06-08 16:01:40
363596437,Felix,False,2021-11-12 08:14:17,2021-11-12 08:14:17
363700882,Maike,False,2021-11-19 05:10:32,2021-11-19 05:10:32
363773209,Marwa,False,2020-10-03 08:19:50,2020-10-03 08:19:50
363810300,Felix,False,2020-08-24 10:24:29,2020-08-24 10:24:29
363906488,Ahmad,False,2021-08-01 00:42:12,2021-08-01 00:42:12
364229339,Thomas,False,2020-08-26 02:24:38,2020-08-26 02:24:38
364257212,Ray,True,2020-08-31 16:45:28,2020-08-31 16:45:28
364322965,Adriana,False,2021-10-24 10:55:57,2021-10-24 10:55:57
364325091,Christoph,False,2021-08-17 02:33:40,2021-08-17 02:33:40
364342565,Felix,False,2020-09-05 22:48:41,2020-09-05 22:48:41
364655610,Lars,False,2020-08-29 14:49:40,2020-08-29 14:49:40
364711216,Marvin,False,2020-09-27 05:43:16,2020-09-27 05:43:16
364792416,Sarah Ama,False,2021-07-25 12:08:57,2021-07-25 12:08:57
365232466,Annett,True,2020-11-20 09:15:18,2020-11-20 09:15:18
365274279,Berkan,False,2021-10-30 00:49:40,2021-10-30 00:49:40
365715215,Campingplatz,False,2021-10-25 22:35:57,2021-10-25 22:35:57
365970830,Kseniia,False,2020-09-19 09:55:34,2020-09-19 09:55:34
366055233,Anke,False,2021-11-10 16:08:08,2021-11-10 16:08:08
366067507,Mohamad,False,2021-08-19 22:09:20,2021-08-19 22:09:20
366090919,Michael & Maike,True,2020-11-16 11:34:00,2020-11-16 11:34:00
366101115,Abdulmassih,False,2021-10-24 22:37:51,2021-10-24 22:37:51
366232058,Zübeyde,False,2020-09-29 08:27:20,2020-09-29 08:27:20
366379786,Richard,True,2020-09-22 18:55:40,2020-09-22 18:55:40
366426804,Laiba,False,2021-02-19 22:52:49,2021-02-19 22:52:49
366506183,Wibke,True,2020-09-16 03:46:18,2020-09-16 03:46:18
366509181,Old Town Hostel,False,2020-09-27 07:47:18,2020-09-27 07:47:18
366512071,Nguyen,False,2020-09-29 20:45:50,2020-09-29 20:45:50
366684813,Keno,False,2020-09-16 03:30:49,2020-09-16 03:30:49
367035318,Olga,False,2020-10-21 12:05:29,2020-10-21 12:05:29
367507031,Cathleen,True,2021-09-15 18:05:32,2021-09-15 18:05:32
367824579,Numa | Nook,True,2020-10-13 23:06:01,2020-10-13 23:06:01
367953412,Aage,False,2020-09-21 10:49:17,2020-09-21 10:49:17
368303502,Mohi,False,2021-05-31 09:20:25,2021-05-31 09:20:25
368310867,David,False,2021-10-22 04:04:43,2021-10-22 04:04:43
368406455,Helle,True,2020-10-03 12:57:42,2020-10-03 12:57:42
368544059,Ocak Hotel,False,2021-11-09 09:45:27,2021-11-09 09:45:27
368690073,Elisabeth,False,2020-10-01 23:33:16,2020-10-01 23:33:16
368829151,Andy,False,2021-08-20 17:33:20,2021-08-20 17:33:20
368880873,Jessica,False,2021-05-28 22:10:59,2021-05-28 22:10:59
369042619,Maison Am Olivaer Platz,False,2020-09-25 06:05:56,2020-09-25 06:05:56
369048951,Leonid,False,2021-07-17 14:36:46,2021-07-17 14:36:46
369228766,Sara,False,2021-11-03 05:31:33,2021-11-03 05:31:33
369533678,Paul,False,2020-10-20 19:01:43,2020-10-20 19:01:43
369716204,Funda,False,2020-10-10 16:02:48,2020-10-10 16:02:48
369958333,Andreas,False,2021-11-19 00:36:46,2021-11-19 00:36:46
370095186,Jonas,False,2020-10-16 23:30:42,2020-10-16 23:30:42
370107608,Eric,False,2020-10-16 21:35:08,2020-10-16 21:35:08
370237375,Sircle,True,2021-06-27 11:01:13,2021-06-27 11:01:13
371017671,Mohamed,False,2021-11-12 06:48:53,2021-11-12 06:48:53
371153162,Apartmenthouse Berlin,False,2020-11-24 10:07:24,2020-11-24 10:07:24
371387626,Lubna,False,2021-11-03 13:01:30,2021-11-03 13:01:30
371642141,Pestana,False,2021-10-27 02:34:29,2021-10-27 02:34:29
371774383,Manuel,False,2021-11-13 21:43:22,2021-11-13 21:43:22
371776088,Numa | Sketch,False,2020-12-16 19:32:03,2020-12-16 19:32:03
371892297,Hotel,False,2020-10-16 09:48:45,2020-10-16 09:48:45
371901575,Numa | Kater,False,2021-07-14 21:06:49,2021-07-14 21:06:49
372030011,Reservations,False,2021-02-28 08:41:42,2021-02-28 08:41:42
372068633,Marcin,False,2020-10-17 12:14:54,2020-10-17 12:14:54
372610941,Leonid,False,2021-07-05 16:46:34,2021-07-05 16:46:34
372612520,Leonid,False,2021-07-11 06:49:06,2021-07-11 06:49:06
372668670,Leo,False,2020-11-04 02:17:50,2020-11-04 02:17:50
372887082,Scott,True,2021-04-02 16:05:10,2021-04-02 16:05:10
372896857,David,False,2021-02-27 18:21:52,2021-02-27 18:21:52
373041418,Klaus,True,2021-04-25 00:59:27,2021-04-25 00:59:27
373123356,Tara,False,2021-11-11 10:36:13,2021-11-11 10:36:13
373128368,König,False,2020-12-12 08:08:20,2020-12-12 08:08:20
373249890,Daria,False,2021-10-25 00:18:12,2021-10-25 00:18:12
373325915,Ismael,True,2020-12-03 05:54:07,2020-12-03 05:54:07
373378168,Sebastian,False,2021-07-28 22:49:52,2021-07-28 22:49:52
373476835,Marcin,False,2020-11-07 11:04:27,2020-11-07 11:04:27
373491663,Berlin,False,2021-11-14 05:11:40,2021-11-14 05:11:40
373493521,Berlin,False,2021-08-08 06:33:51,2021-08-08 06:33:51
373493696,Limehome,False,2021-04-23 00:17:48,2021-04-23 00:17:48
373588251,Limehome,False,2021-07-17 10:23:45,2021-07-17 10:23:45
373588401,Berlin,False,2021-01-31 14:52:03,2021-01-31 14:52:03
373588585,Limehome,False,2021-01-05 02:30:39,2021-01-05 02:30:39
373588713,Limehome,False,2020-11-23 00:38:26,2020-11-23 00:38:26
373596868,Berlin,False,2021-11-04 08:30:13,2021-11-04 08:30:13
373597013,Berlin,False,2021-01-09 13:29:58,2021-01-09 13:29:58
373597837,Berlin,False,2021-01-03 19:06:43,2021-01-03 19:06:43
373598010,Limehome,False,2020-12-16 00:11:21,2020-12-16 00:11:21
373598468,Berlin,False,2021-02-21 18:18:44,2021-02-21 18:18:44
373602676,Karelia,False,2021-11-06 11:13:14,2021-11-06 11:13:14
373875574,H.G.H,False,2021-05-17 15:53:09,2021-05-17 15:53:09
374159295,Salvo,False,2021-05-01 05:11:11,2021-05-01 05:11:11
374982604,Hani,False,2021-09-22 10:36:10,2021-09-22 10:36:10
375404224,Ute,True,2020-12-12 15:48:43,2020-12-12 15:48:43
375436748,Patryk,False,2021-11-12 19:00:37,2021-11-12 19:00:37
375525911,Götz,False,2021-11-06 22:21:31,2021-11-06 22:21:31
375854287,Florian,False,2021-02-22 17:25:03,2021-02-22 17:25:03
376233716,Jessie,False,2021-09-09 02:12:18,2021-09-09 02:12:18
377010239,Elias,False,2020-12-27 03:51:12,2020-12-27 03:51:12
377208100,Checkpoint Charlie,False,2021-03-02 16:21:25,2021-03-02 16:21:25
377374998,Derik,False,2021-01-18 13:29:30,2021-01-18 13:29:30
378071271,Flo,False,2020-11-28 23:51:21,2020-11-28 23:51:21
378228344,Johanne,False,2021-11-12 14:41:14,2021-11-12 14:41:14
378667252,Raul,False,2021-07-04 19:11:54,2021-07-04 19:11:54
379706794,Anastasiia,True,2021-01-31 23:21:49,2021-01-31 23:21:49
380079802,Simon,False,2021-10-31 06:14:10,2021-10-31 06:14:10
380080351,Akram,False,2020-12-27 15:34:04,2020-12-27 15:34:04
380088742,Luca,False,2021-10-27 09:36:41,2021-10-27 09:36:41
380286188,Kaye,False,2021-11-08 06:32:18,2021-11-08 06:32:18
380543396,Giorgio,False,2020-12-13 18:41:23,2020-12-13 18:41:23
380555271,Xianhua,True,2021-01-22 06:58:25,2021-01-22 06:58:25
380578851,Roxanne,False,2021-05-01 19:45:21,2021-05-01 19:45:21
380683890,Sircle,False,2021-11-16 21:33:21,2021-11-16 21:33:21
380825090,Tim,False,2021-10-28 14:40:42,2021-10-28 14:40:42
381320982,Roberto,False,2021-10-24 10:34:36,2021-10-24 10:34:36
381323865,Hotel Gat Point Charlie,False,2021-03-11 11:57:52,2021-03-11 11:57:52
381695091,Samira,False,2021-11-13 17:20:30,2021-11-13 17:20:30
381852988,Eli,False,2020-12-31 12:02:03,2020-12-31 12:02:03
382168827,Jörg,False,2021-11-02 17:47:01,2021-11-02 17:47:01
382395002,Erika,False,2021-01-16 22:21:21,2021-01-16 22:21:21
382504340,Julia,True,2021-03-14 09:07:19,2021-03-14 09:07:19
382510934,Pascal Steven,True,2021-05-19 10:26:49,2021-05-19 10:26:49
382656012,Dirk,False,2021-11-07 08:38:50,2021-11-07 08:38:50
382862768,Nele,False,2021-03-01 17:01:14,2021-03-01 17:01:14
383315007,Tiffany,False,2021-08-15 12:35:43,2021-08-15 12:35:43
383320258,浩然,False,2021-11-11 13:21:19,2021-11-11 13:21:19
383364425,Ana,False,2021-08-16 20:47:55,2021-08-16 20:47:55
384110473,Kaspar,False,2021-09-17 10:05:07,2021-09-17 10:05:07
384672418,Lev,False,2021-08-13 02:30:22,2021-08-13 02:30:22
385012809,Jonas,False,2021-11-01 21:30:46,2021-11-01 21:30:46
385133666,Frank,False,2021-05-18 10:41:02,2021-05-18 10:41:02
385197336,Hasan,False,2021-10-05 09:20:09,2021-10-05 09:20:09
385224194,Belvilla AG,False,2021-10-02 22:36:43,2021-10-02 22:36:43
385342429,Limehome,False,2021-02-21 14:38:12,2021-02-21 14:38:12
385342520,Limehome,False,2021-03-02 05:09:23,2021-03-02 05:09:23
385849724,Carlita,False,2021-08-23 20:05:59,2021-08-23 20:05:59
386599122,Angelique,False,2021-10-25 03:32:26,2021-10-25 03:32:26
386848467,Flo,False,2021-07-10 13:20:06,2021-07-10 13:20:06
386869190,Daniel,False,2021-10-31 21:48:27,2021-10-31 21:48:27
387047352,Norvi,False,2021-10-22 17:11:33,2021-10-22 17:11:33
387591376,Karoline,False,2021-02-18 16:21:09,2021-02-18 16:21:09
387607284,Tobias & Violetta,False,2021-03-04 03:54:34,2021-03-04 03:54:34
387672622,Arne,True,2021-02-28 15:03:03,2021-02-28 15:03:03
387771239,Fadi,False,2021-07-11 00:49:48,2021-07-11 00:49:48
387788481,Lawrence,False,2021-08-13 22:45:14,2021-08-13 22:45:14
387881813,Eastern Comfort Hostelboat Berlin,False,2021-07-11 00:06:54,2021-07-11 00:06:54
388031387,Sebastian,False,2021-09-11 12:43:10,2021-09-11 12:43:10
388130025,Jung,False,2021-11-06 03:11:54,2021-11-06 03:11:54
388266573,Marcel,False,2021-07-10 12:24:59,2021-07-10 12:24:59
388449943,Tabea,False,2021-09-28 20:11:17,2021-09-28 20:11:17
388518447,Katharina,False,2021-07-30 08:30:18,2021-07-30 08:30:18
388706560,Sina Sven,True,2021-02-27 16:45:20,2021-02-27 16:45:20
388823683,Toni,True,2021-02-12 22:50:00,2021-02-12 22:50:00
389062664,Kai,False,2021-11-04 15:25:23,2021-11-04 15:25:23
389097338,Mitch,False,2021-09-28 23:27:49,2021-09-28 23:27:49
390058200,Peter & Peter Boarding House Mitte,False,2021-06-16 21:31:11,2021-06-16 21:31:11
390059085,Limehome,False,2021-05-12 09:27:04,2021-05-12 09:27:04
390346751,Molham,False,2021-07-07 14:56:35,2021-07-07 14:56:35
390683809,Tobias,False,2021-08-13 19:13:27,2021-08-13 19:13:27
390717918,Leonie Lana,False,2021-10-21 06:50:59,2021-10-21 06:50:59
391491519,Zili,False,2021-11-05 10:26:04,2021-11-05 10:26:04
391688730,Gihad,False,2021-06-27 05:26:27,2021-06-27 05:26:27
391776846,Carolin,False,2021-03-08 15:01:54,2021-03-08 15:01:54
391980425,Freddy,False,2021-04-10 15:36:42,2021-04-10 15:36:42
392212504,Select The Wall,False,2021-03-25 16:40:20,2021-03-25 16:40:20
392467112,Boat On The River,True,2021-03-31 13:13:29,2021-03-31 13:13:29
392486842,Lili,False,2021-10-27 09:53:00,2021-10-27 09:53:00
392512441,Jeannine,False,2021-11-15 16:45:55,2021-11-15 16:45:55
392608800,Anna,False,2021-11-15 21:27:31,2021-11-15 21:27:31
392879679,Atilla,True,2021-05-03 00:44:15,2021-05-03 00:44:15
393110482,Sabine,False,2021-08-02 08:40:14,2021-08-02 08:40:14
393263341,Christina,False,2021-07-30 15:52:45,2021-07-30 15:52:45
394002886,Clyde,False,2021-04-03 09:48:37,2021-04-03 09:48:37
395207549,Anil,False,2021-08-16 06:54:23,2021-08-16 06:54:23
395241734,Gustavo,False,2021-08-06 00:10:33,2021-08-06 00:10:33
395386192,Parham,False,2021-04-06 09:58:08,2021-04-06 09:58:08
395722282,Luxoise,False,2021-04-18 23:30:38,2021-04-18 23:30:38
396437301,Sven,False,2021-07-13 01:29:45,2021-07-13 01:29:45
396598865,Yannic,False,2021-08-04 15:48:27,2021-08-04 15:48:27
397634621,Regina,False,2021-05-31 11:09:27,2021-05-31 11:09:27
398401703,Ivana,False,2021-07-10 00:34:39,2021-07-10 00:34:39
398537191,Jens,False,2021-05-20 23:16:56,2021-05-20 23:16:56
398550056,Chinyere,False,2021-10-06 16:32:45,2021-10-06 16:32:45
398597398,Danai,False,2021-07-23 01:17:35,2021-07-23 01:17:35
398695999,Karina,False,2021-06-10 06:29:16,2021-06-10 06:29:16
398770317,Patricia,True,2021-05-08 21:45:00,2021-05-08 21:45:00
398894771,Niklas,False,2021-05-13 21:27:23,2021-05-13 21:27:23
399171143,Fr. Liu,False,2021-05-08 03:26:10,2021-05-08 03:26:10
399331794,Amira,False,2021-10-21 23:01:59,2021-10-21 23:01:59
399533586,Edvard,False,2021-05-28 11:21:39,2021-05-28 11:21:39
399844037,Maxim,False,2021-05-03 17:10:03,2021-05-03 17:10:03
400105737,Emmanuel,False,2021-05-28 12:56:17,2021-05-28 12:56:17
400259665,Kirill,False,2021-06-13 22:25:50,2021-06-13 22:25:50
400271621,Sarah,False,2021-08-21 03:52:05,2021-08-21 03:52:05
400470688,Roman,False,2021-06-13 13:11:16,2021-06-13 13:11:16
400563866,Freddy,True,2021-05-02 09:00:11,2021-05-02 09:00:11
400601805,Gönke,False,2021-09-11 04:59:40,2021-09-11 04:59:40
400680465,Reinhard,False,2021-06-10 15:59:32,2021-06-10 15:59:32
401090360,Nalan,False,2021-06-04 14:54:36,2021-06-04 14:54:36
401389605,Rooms Of Paradise,False,2021-05-28 20:59:08,2021-05-28 20:59:08
401693751,William,False,2021-05-31 12:26:13,2021-05-31 12:26:13
401986350,Nena Apartments Moritzplatz,False,2021-05-07 15:07:54,2021-05-07 15:07:54
402073759,Gordon,False,2021-07-30 03:35:03,2021-07-30 03:35:03
402408088,Katya,False,2021-05-16 10:53:19,2021-05-16 10:53:19
402526057,Miriam,True,2021-08-13 17:33:56,2021-08-13 17:33:56
402655376,W22 Hotel,False,2021-06-19 07:00:58,2021-06-19 07:00:58
402787275,Chris,False,2021-08-11 19:41:20,2021-08-11 19:41:20
403031789,Michael,False,2021-07-13 18:59:51,2021-07-13 18:59:51
403193003,Celine,False,2021-07-03 22:25:15,2021-07-03 22:25:15
403395506,Yeliz,False,2021-07-17 05:48:35,2021-07-17 05:48:35
403428653,Thomas,False,2021-11-13 12:23:55,2021-11-13 12:23:55
403667477,Omar,False,2021-06-18 11:56:44,2021-06-18 11:56:44
403734238,Christopher,False,2021-09-25 07:04:01,2021-09-25 07:04:01
403858404,Baharbin,False,2021-06-11 08:33:47,2021-06-11 08:33:47
404004458,Christoph,False,2021-08-10 12:42:54,2021-08-10 12:42:54
404187353,Ralf,False,2021-07-31 22:29:13,2021-07-31 22:29:13
404464960,Milena,False,2021-06-09 12:28:21,2021-06-09 12:28:21
404519203,Matteo,False,2021-07-11 00:28:49,2021-07-11 00:28:49
405119242,Regina,False,2018-08-09 08:31:30,2018-08-09 08:31:30
405418463,Karol,False,2021-07-26 02:56:01,2021-07-26 02:56:01
405714446,Yasemin,False,2021-09-11 17:56:00,2021-09-11 17:56:00
405727905,Julia,True,2021-06-23 00:35:28,2021-06-23 00:35:28
405754799,Adeleh,False,2021-07-06 05:23:32,2021-07-06 05:23:32
405815858,Andrea,False,2021-07-17 10:54:04,2021-07-17 10:54:04
405826288,Melchior,False,2021-07-08 16:28:01,2021-07-08 16:28:01
406120938,Kimberley,False,2021-11-15 05:11:21,2021-11-15 05:11:21
406220390,Susan,False,2021-07-04 19:51:20,2021-07-04 19:51:20
406518622,Jens,False,2021-06-23 12:22:03,2021-06-23 12:22:03
406528107,Eugenie,False,2021-06-18 11:39:06,2021-06-18 11:39:06
406566107,Gabriella,True,2021-06-11 15:53:15,2021-06-11 15:53:15
406576600,Benjamin,False,2021-06-20 16:30:12,2021-06-20 16:30:12
406836416,Rüdiger,False,2021-11-02 16:38:27,2021-11-02 16:38:27
406969341,Tara,False,2021-07-21 16:33:34,2021-07-21 16:33:34
407041092,Monique,False,2021-07-11 23:10:01,2021-07-11 23:10:01
407045830,Central-Hotel Tegel,False,2021-07-27 08:44:37,2021-07-27 08:44:37
407066591,Alfa,False,2021-07-08 10:18:35,2021-07-08 10:18:35
407253270,Luna-Marlou,False,2021-11-17 07:57:03,2021-11-17 07:57:03
407287162,Maxim,False,2021-06-27 11:49:23,2021-06-27 11:49:23
407434843,Niko,False,2021-11-04 00:18:28,2021-11-04 00:18:28
407469097,Boutheina,False,2021-08-05 04:23:11,2021-08-05 04:23:11
407505394,Max-Dieter,False,2021-07-26 14:29:59,2021-07-26 14:29:59
407596204,Dominik,False,2021-06-15 00:52:55,2021-06-15 00:52:55
407628170,Musa,False,2021-10-31 01:55:26,2021-10-31 01:55:26
407784103,Christoph,False,2021-07-02 22:36:11,2021-07-02 22:36:11
408013857,Lisa,False,2021-07-29 12:50:54,2021-07-29 12:50:54
408136299,Pay,False,2021-10-22 22:54:23,2021-10-22 22:54:23
408137252,Sophie,False,2021-07-03 07:47:40,2021-07-03 07:47:40
408265909,Stefan,False,2021-07-01 15:50:26,2021-07-01 15:50:26
408494538,Hotel Astrid Am Kurfürstendamm,False,2021-08-03 21:52:13,2021-08-03 21:52:13
408556566,Annette & Siegfried,True,2021-06-25 20:02:09,2021-06-25 20:02:09
408561448,Yasemen,False,2021-10-27 00:57:09,2021-10-27 00:57:09
408781682,Kerem,False,2021-07-12 14:13:13,2021-07-12 14:13:13
408919151,Sarah,False,2021-07-27 15:20:51,2021-07-27 15:20:51
409487604,Leonid,False,2021-07-13 18:18:14,2021-07-13 18:18:14
409602710,Su Kyoung,False,2021-06-19 04:53:50,2021-06-19 04:53:50
409674805,Motel Home,False,2021-07-21 19:17:46,2021-07-21 19:17:46
409846106,Danny,False,2021-08-09 15:51:56,2021-08-09 15:51:56
410055514,Hagen,False,2021-11-05 03:08:17,2021-11-05 03:08:17
410208650,Britta,False,2021-08-03 23:26:33,2021-08-03 23:26:33
410612934,René,False,2021-11-05 16:41:08,2021-11-05 16:41:08
410899469,Eva,False,2021-09-15 00:03:24,2021-09-15 00:03:24
411115564,Franzi,False,2021-07-19 02:03:13,2021-07-19 02:03:13
411206241,Larissa,False,2021-07-20 13:57:29,2021-07-20 13:57:29
411255578,Sara,False,2021-07-17 18:25:38,2021-07-17 18:25:38
411425167,Julian,False,2021-08-27 20:54:30,2021-08-27 20:54:30
411731585,Jan,False,2021-10-12 09:41:23,2021-10-12 09:41:23
411812725,Philipp,False,2021-11-07 16:24:34,2021-11-07 16:24:34
412035563,Doreen,False,2021-07-12 07:00:25,2021-07-12 07:00:25
412059489,Wondmu,False,2021-07-04 09:40:57,2021-07-04 09:40:57
412252295,Sophia,False,2021-11-07 00:35:26,2021-11-07 00:35:26
412887742,Jeannette,True,2021-08-14 03:36:51,2021-08-14 03:36:51
413097693,Michels Apart Hotel,False,2021-07-21 10:06:06,2021-07-21 10:06:06
413176292,Darren,False,2021-11-08 22:27:29,2021-11-08 22:27:29
413294138,Lucas,False,2021-07-31 01:50:01,2021-07-31 01:50:01
413629911,Christoph,False,2021-10-04 19:11:01,2021-10-04 19:11:01
413713552,Tim,False,2021-09-04 18:21:55,2021-09-04 18:21:55
413834991,Endi,False,2021-07-12 22:38:09,2021-07-12 22:38:09
413856676,Bellea,False,2021-08-22 17:41:06,2021-08-22 17:41:06
414039130,Hotel AMANO East Side,False,2021-10-27 16:54:52,2021-10-27 16:54:52
414126094,Thale,False,2021-09-27 03:10:18,2021-09-27 03:10:18
414473137,Cora,False,2021-07-26 05:48:16,2021-07-26 05:48:16
414481521,Vérane,False,2021-08-30 03:38:44,2021-08-30 03:38:44
414500840,Luka,False,2021-11-12 22:37:58,2021-11-12 22:37:58
414999334,Ilia,False,2021-07-28 20:10:14,2021-07-28 20:10:14
415082333,Karolina,False,2021-11-01 06:31:15,2021-11-01 06:31:15
415265336,Skylar,False,2021-11-10 21:29:07,2021-11-10 21:29:07
415402360,Philip,False,2021-08-03 13:12:19,2021-08-03 13:12:19
415596044,Gina,False,2021-08-12 20:37:07,2021-08-12 20:37:07
415692090,Beate,False,2021-09-11 07:36:52,2021-09-11 07:36:52
415771368,The Circus Hotel,False,2021-09-07 20:07:39,2021-09-07 20:07:39
415807337,Balbina,False,2021-08-23 16:48:11,2021-08-23 16:48:11
416028824,Giusy,False,2021-08-17 08:42:56,2021-08-17 08:42:56
416193979,Christian,False,2021-10-30 06:52:40,2021-10-30 06:52:40
416421850,Gabi,False,2021-10-05 06:35:25,2021-10-05 06:35:25
416486091,Rahhal,False,2021-08-04 17:46:15,2021-08-04 17:46:15
416514669,Slim,False,2021-08-28 01:44:07,2021-08-28 01:44:07
416515007,Jasen,False,2021-08-16 09:50:50,2021-08-16 09:50:50
416613218,Domi,False,2021-08-13 12:06:31,2021-08-13 12:06:31
417058384,Tim,False,2021-07-29 17:59:18,2021-07-29 17:59:18
417193427,Wael,True,2021-08-04 09:03:04,2021-08-04 09:03:04
417310154,Thore,False,2021-09-21 20:53:50,2021-09-21 20:53:50
417375551,Mariam,False,2021-08-16 16:02:56,2021-08-16 16:02:56
417662660,Salim,False,2021-11-08 15:20:56,2021-11-08 15:20:56
417674240,Sarah,True,2021-08-11 07:05:35,2021-08-11 07:05:35
417699288,Wilma,True,2021-08-19 05:05:26,2021-08-19 05:05:26
417825017,Saphira,False,2021-08-12 06:48:28,2021-08-12 06:48:28
418170462,Manuela,False,2021-10-08 21:06:53,2021-10-08 21:06:53
418396128,Yeşim,False,2021-08-19 20:50:01,2021-08-19 20:50:01
418434410,Antonio,False,2021-09-01 18:33:51,2021-09-01 18:33:51
419013732,Alfouad,False,2021-11-16 08:12:03,2021-11-16 08:12:03
419052949,Mona,False,2021-08-13 17:00:17,2021-08-13 17:00:17
419368831,Enalta,False,2021-08-27 16:19:11,2021-08-27 16:19:11
420130606,Cozy,False,2021-08-31 00:16:14,2021-08-31 00:16:14
420402150,Zain,False,2021-11-13 00:55:47,2021-11-13 00:55:47
420514457,M,False,2021-09-16 18:01:50,2021-09-16 18:01:50
420635416,Nils,False,2021-08-26 19:47:42,2021-08-26 19:47:42
420658994,Philipp,False,2021-09-26 10:27:40,2021-09-26 10:27:40
420940795,Miguelina,False,2021-09-18 14:56:25,2021-09-18 14:56:25
421070668,Hatice Aysel,False,2021-09-08 11:01:32,2021-09-08 11:01:32
421075010,Thale,False,2021-09-09 22:13:46,2021-09-09 22:13:46
421226422,Nicole,False,2021-08-30 04:31:04,2021-08-30 04:31:04
421235453,The,False,2021-09-12 04:32:52,2021-09-12 04:32:52
421252679,Emanuel,False,2021-11-10 00:43:20,2021-11-10 00:43:20
421557030,Martin Gerald,False,2021-09-18 22:33:07,2021-09-18 22:33:07
421574436,Warren,False,2021-10-27 14:12:52,2021-10-27 14:12:52
421701907,Mathias,False,2021-11-03 08:56:18,2021-11-03 08:56:18
421714764,Beate,False,2021-09-08 18:03:54,2021-09-08 18:03:54
421741756,Rebecca,False,2021-08-30 13:16:18,2021-08-30 13:16:18
421916702,Johann,False,2021-09-03 02:57:09,2021-09-03 02:57:09
421956402,Kevin,False,2021-09-24 06:03:52,2021-09-24 06:03:52
422245425,Frank,False,2021-11-07 03:16:53,2021-11-07 03:16:53
422272493,Roman,False,2021-09-10 00:01:36,2021-09-10 00:01:36
422526304,Carl,False,2021-09-13 22:14:00,2021-09-13 22:14:00
422802117,Ajsa,False,2021-10-02 06:07:30,2021-10-02 06:07:30
422871318,Ziv Estelle,False,2021-10-21 08:29:55,2021-10-21 08:29:55
422953681,Ettore,False,2021-09-12 22:17:26,2021-09-12 22:17:26
423393066,Carolina,False,2021-10-22 03:58:04,2021-10-22 03:58:04
423526887,André,False,2021-10-24 15:18:21,2021-10-24 15:18:21
423536763,Josephine,False,2021-09-14 07:17:34,2021-09-14 07:17:34
423583069,Juliane,False,2021-11-01 20:37:13,2021-11-01 20:37:13
423640366,Marcus,False,2021-10-09 18:18:55,2021-10-09 18:18:55
423662405,Mike,False,2021-11-04 10:54:40,2021-11-04 10:54:40
423844422,Erik,False,2021-09-24 22:45:38,2021-09-24 22:45:38
423945711,Mahmoud Y.,False,2021-10-25 23:09:49,2021-10-25 23:09:49
424107780,Philip,False,2021-09-21 13:48:47,2021-09-21 13:48:47
424278053,Alexandra,False,2021-11-11 04:12:18,2021-11-11 04:12:18
424423979,Stefan,False,2021-10-06 07:58:26,2021-10-06 07:58:26
425274576,Torsten,False,2021-10-29 01:11:46,2021-10-29 01:11:46
425354963,Sviatlana,False,2021-10-03 11:16:55,2021-10-03 11:16:55
425836534,Layla,False,2021-11-09 00:19:20,2021-11-09 00:19:20
426802817,Sascha,False,2021-10-31 20:58:13,2021-10-31 20:58:13
427496736,Tommy,False,2021-11-05 00:30:59,2021-11-05 00:30:59
427748367,Birgit,False,2021-11-08 01:59:57,2021-11-08 01:59:57
